"Workout #";"Date";"Workout Name";"Duration (sec)";"Exercise Name";"Set Order";"Weight (kg)";"Reps";"RPE";"Distance (meters)";"Seconds";"Notes";"Workout Notes"
"1";"2023-06-05 18:57:00";"Entrenamiento por la tarde noche";"4848";"Chest Dip";"1";"0.0";"15";"";"";"";"";""
"1";"2023-06-05 18:57:00";"Entrenamiento por la tarde noche";"4848";"Chest Dip";"2";"0.0";"15";"";"";"";"";""
"1";"2023-06-05 18:57:00";"Entrenamiento por la tarde noche";"4848";"Chest Dip";"3";"0.0";"10";"";"";"";"";""
"1";"2023-06-05 18:57:00";"Entrenamiento por la tarde noche";"4848";"Bench Press (Barbell)";"1";"52.163122550000004";"10";"";"";"";"";""
"1";"2023-06-05 18:57:00";"Entrenamiento por la tarde noche";"4848";"Bench Press (Barbell)";"2";"61.23496995";"8";"";"";"";"";""
"1";"2023-06-05 18:57:00";"Entrenamiento por la tarde noche";"4848";"Bench Press (Barbell)";"3";"70.30681735";"7";"";"";"";"";""
"1";"2023-06-05 18:57:00";"Entrenamiento por la tarde noche";"4848";"Bench Press (Barbell)";"4";"70.30681735";"6";"";"";"";"";""
"1";"2023-06-05 18:57:00";"Entrenamiento por la tarde noche";"4848";"Bicep Curl (Dumbbell)";"1";"13.6077711";"10";"";"";"";"";""
"1";"2023-06-05 18:57:00";"Entrenamiento por la tarde noche";"4848";"Bicep Curl (Dumbbell)";"2";"13.6077711";"10";"";"";"";"";""
"1";"2023-06-05 18:57:00";"Entrenamiento por la tarde noche";"4848";"Bicep Curl (Dumbbell)";"3";"15.875732950000002";"8";"";"";"";"";""
"1";"2023-06-05 18:57:00";"Entrenamiento por la tarde noche";"4848";"Bicep Curl (Dumbbell)";"4";"15.875732950000002";"5";"";"";"";"";""
"1";"2023-06-05 18:57:00";"Entrenamiento por la tarde noche";"4848";"Running (Treadmill)";"1";"";"";"";"4420.0";"1200.0";"";""
"2";"2023-06-06 20:18:06";"Entrenamiento por la tarde noche";"5115";"Deadlift (Barbell)";"1";"61.23496995";"10";"";"";"";"";""
"2";"2023-06-06 20:18:06";"Entrenamiento por la tarde noche";"5115";"Deadlift (Barbell)";"2";"61.23496995";"10";"";"";"";"";""
"2";"2023-06-06 20:18:06";"Entrenamiento por la tarde noche";"5115";"Deadlift (Barbell)";"3";"65.77089365";"10";"";"";"";"";""
"2";"2023-06-06 20:18:06";"Entrenamiento por la tarde noche";"5115";"Deadlift (Barbell)";"4";"65.77089365";"10";"";"";"";"";""
"2";"2023-06-06 20:18:06";"Entrenamiento por la tarde noche";"5115";"Deadlift (Barbell)";"5";"70.30681735";"10";"";"";"";"";""
"2";"2023-06-06 20:18:06";"Entrenamiento por la tarde noche";"5115";"Leg Press";"1";"61.23496995";"10";"";"";"";"";""
"2";"2023-06-06 20:18:06";"Entrenamiento por la tarde noche";"5115";"Leg Press";"2";"81.6466266";"10";"";"";"";"";""
"2";"2023-06-06 20:18:06";"Entrenamiento por la tarde noche";"5115";"Leg Press";"3";"81.6466266";"10";"";"";"";"";""
"2";"2023-06-06 20:18:06";"Entrenamiento por la tarde noche";"5115";"Leg Press";"4";"81.6466266";"10";"";"";"";"";""
"2";"2023-06-06 20:18:06";"Entrenamiento por la tarde noche";"5115";"Leg Press";"5";"102.05828325";"10";"";"";"";"";""
"2";"2023-06-06 20:18:06";"Entrenamiento por la tarde noche";"5115";"Hip Abductor (Machine)";"1";"38.55535145";"10";"";"";"";"";""
"2";"2023-06-06 20:18:06";"Entrenamiento por la tarde noche";"5115";"Hip Abductor (Machine)";"2";"45.359237";"10";"";"";"";"";""
"2";"2023-06-06 20:18:06";"Entrenamiento por la tarde noche";"5115";"Hip Abductor (Machine)";"3";"45.359237";"10";"";"";"";"";""
"2";"2023-06-06 20:18:06";"Entrenamiento por la tarde noche";"5115";"Hip Abductor (Machine)";"4";"52.163122550000004";"10";"";"";"";"";""
"2";"2023-06-06 20:18:06";"Entrenamiento por la tarde noche";"5115";"Hip Abductor (Machine)";"5";"65.77089365";"7";"";"";"";"";""
"2";"2023-06-06 20:18:06";"Entrenamiento por la tarde noche";"5115";"Toes To Bar";"1";"";"10";"";"";"";"";""
"2";"2023-06-06 20:18:06";"Entrenamiento por la tarde noche";"5115";"Toes To Bar";"2";"";"10";"";"";"";"";""
"2";"2023-06-06 20:18:06";"Entrenamiento por la tarde noche";"5115";"Toes To Bar";"3";"";"10";"";"";"";"";""
"2";"2023-06-06 20:18:06";"Entrenamiento por la tarde noche";"5115";"Toes To Bar";"4";"";"10";"";"";"";"";""
"2";"2023-06-06 20:18:06";"Entrenamiento por la tarde noche";"5115";"Toes To Bar";"5";"";"10";"";"";"";"";""
"3";"2023-06-07 18:13:07";"Entrenamiento por la tarde noche";"1925";"Lateral Raise (Dumbbell)";"1";"6.80388555";"10";"";"";"";"";""
"3";"2023-06-07 18:13:07";"Entrenamiento por la tarde noche";"1925";"Lateral Raise (Dumbbell)";"2";"6.80388555";"10";"";"";"";"";""
"3";"2023-06-07 18:13:07";"Entrenamiento por la tarde noche";"1925";"Lateral Raise (Dumbbell)";"3";"6.80388555";"12";"";"";"";"";""
"3";"2023-06-07 18:13:07";"Entrenamiento por la tarde noche";"1925";"Front Raise (Barbell)";"1";"6.80388555";"10";"";"";"";"";""
"3";"2023-06-07 18:13:07";"Entrenamiento por la tarde noche";"1925";"Front Raise (Barbell)";"2";"6.80388555";"10";"";"";"";"";""
"3";"2023-06-07 18:13:07";"Entrenamiento por la tarde noche";"1925";"Front Raise (Barbell)";"3";"6.80388555";"12";"";"";"";"";""
"3";"2023-06-07 18:13:07";"Entrenamiento por la tarde noche";"1925";"Overhead Press (Dumbbell)";"1";"6.80388555";"10";"";"";"";"";""
"3";"2023-06-07 18:13:07";"Entrenamiento por la tarde noche";"1925";"Overhead Press (Dumbbell)";"2";"6.80388555";"10";"";"";"";"";""
"3";"2023-06-07 18:13:07";"Entrenamiento por la tarde noche";"1925";"Backward Raise";"1";"6.80388555";"10";"";"";"";"";""
"3";"2023-06-07 18:13:07";"Entrenamiento por la tarde noche";"1925";"Backward Raise";"2";"6.80388555";"10";"";"";"";"";""
"3";"2023-06-07 18:13:07";"Entrenamiento por la tarde noche";"1925";"Backward Raise";"3";"6.80388555";"12";"";"";"";"";""
"3";"2023-06-07 18:13:07";"Entrenamiento por la tarde noche";"1925";"Bicep Curl (Dumbbell)";"1";"6.80388555";"10";"";"";"";"";""
"3";"2023-06-07 18:13:07";"Entrenamiento por la tarde noche";"1925";"Bicep Curl (Dumbbell)";"2";"6.80388555";"15";"";"";"";"";""
"3";"2023-06-07 18:13:07";"Entrenamiento por la tarde noche";"1925";"Bicep Curl (Dumbbell)";"3";"6.80388555";"15";"";"";"";"";""
"3";"2023-06-07 18:13:07";"Entrenamiento por la tarde noche";"1925";"Arnold Press (Dumbbell)";"1";"6.80388555";"12";"";"";"";"";""
"3";"2023-06-07 18:13:07";"Entrenamiento por la tarde noche";"1925";"Ab Wheel";"1";"0.0";"10";"";"";"";"";""
"3";"2023-06-07 18:13:07";"Entrenamiento por la tarde noche";"1925";"Ab Wheel";"2";"0.0";"10";"";"";"";"";""
"4";"2023-06-08 20:28:39";"Pecho y Bíceps";"5443";"Bench Press (Barbell)";"1";"61.23496995";"8";"";"";"";"";""
"4";"2023-06-08 20:28:39";"Pecho y Bíceps";"5443";"Bench Press (Barbell)";"2";"61.23496995";"10";"";"";"";"";""
"4";"2023-06-08 20:28:39";"Pecho y Bíceps";"5443";"Bench Press (Barbell)";"3";"70.30681735";"8";"";"";"";"";""
"4";"2023-06-08 20:28:39";"Pecho y Bíceps";"5443";"Bench Press (Barbell)";"4";"74.84274105";"6";"";"";"";"";""
"4";"2023-06-08 20:28:39";"Pecho y Bíceps";"5443";"Cable Crossover";"1";"10.205828325";"10";"";"";"";"";""
"4";"2023-06-08 20:28:39";"Pecho y Bíceps";"5443";"Cable Crossover";"2";"12.473790175000001";"10";"";"";"";"";""
"4";"2023-06-08 20:28:39";"Pecho y Bíceps";"5443";"Cable Crossover";"3";"14.741752025";"8";"";"";"";"";""
"4";"2023-06-08 20:28:39";"Pecho y Bíceps";"5443";"Cable Crossover";"4";"17.009713875";"5";"";"";"";"";""
"4";"2023-06-08 20:28:39";"Pecho y Bíceps";"5443";"Cable Crossover";"5";"10.205828325";"10";"";"";"";"";""
"4";"2023-06-08 20:28:39";"Pecho y Bíceps";"5443";"Bicep Curl (Dumbbell)";"1";"13.6077711";"10";"";"";"";"";""
"4";"2023-06-08 20:28:39";"Pecho y Bíceps";"5443";"Bicep Curl (Dumbbell)";"2";"13.6077711";"10";"";"";"";"";""
"4";"2023-06-08 20:28:39";"Pecho y Bíceps";"5443";"Bicep Curl (Dumbbell)";"3";"15.875732950000002";"6";"";"";"";"";""
"4";"2023-06-08 20:28:39";"Pecho y Bíceps";"5443";"Bicep Curl (Dumbbell)";"4";"15.875732950000002";"6";"";"";"";"";""
"4";"2023-06-08 20:28:39";"Pecho y Bíceps";"5443";"Chest Dip";"1";"0.0";"12";"";"";"";"";""
"4";"2023-06-08 20:28:39";"Pecho y Bíceps";"5443";"Chest Dip";"2";"0.0";"12";"";"";"";"";""
"4";"2023-06-08 20:28:39";"Pecho y Bíceps";"5443";"Chest Dip";"3";"0.0";"12";"";"";"";"";""
"4";"2023-06-08 20:28:39";"Pecho y Bíceps";"5443";"Chest Dip";"4";"0.0";"10";"";"";"";"";""
"4";"2023-06-08 20:28:39";"Pecho y Bíceps";"5443";"Triceps Extension";"1";"17.463306245000002";"10";"";"";"";"";""
"4";"2023-06-08 20:28:39";"Pecho y Bíceps";"5443";"Triceps Extension";"2";"19.958064280000002";"10";"";"";"";"";""
"4";"2023-06-08 20:28:39";"Pecho y Bíceps";"5443";"Triceps Extension";"3";"19.958064280000002";"10";"";"";"";"";""
"4";"2023-06-08 20:28:39";"Pecho y Bíceps";"5443";"Triceps Extension";"4";"22.452822315000002";"8";"";"";"";"";""
"4";"2023-06-08 20:28:39";"Pecho y Bíceps";"5443";"Running (Treadmill)";"1";"";"";"";"1800.0";"600.0";"";""
"5";"2023-06-12 19:03:08";"Entrenamiento por la tarde noche";"4201";"Chest Dip";"1";"9.071847400000001";"8";"";"";"";"";""
"5";"2023-06-12 19:03:08";"Entrenamiento por la tarde noche";"4201";"Chest Dip";"2";"9.071847400000001";"10";"";"";"";"";""
"5";"2023-06-12 19:03:08";"Entrenamiento por la tarde noche";"4201";"Chest Dip";"3";"9.071847400000001";"10";"";"";"";"";""
"5";"2023-06-12 19:03:08";"Entrenamiento por la tarde noche";"4201";"Chest Dip";"4";"9.071847400000001";"10";"";"";"";"";""
"5";"2023-06-12 19:03:08";"Entrenamiento por la tarde noche";"4201";"Arnold Press (Dumbbell)";"1";"9.071847400000001";"10";"";"";"";"";""
"5";"2023-06-12 19:03:08";"Entrenamiento por la tarde noche";"4201";"Arnold Press (Dumbbell)";"2";"13.6077711";"10";"";"";"";"";""
"5";"2023-06-12 19:03:08";"Entrenamiento por la tarde noche";"4201";"Arnold Press (Dumbbell)";"3";"13.6077711";"8";"";"";"";"";""
"5";"2023-06-12 19:03:08";"Entrenamiento por la tarde noche";"4201";"Arnold Press (Dumbbell)";"4";"15.875732950000002";"8";"";"";"";"";""
"5";"2023-06-12 19:03:08";"Entrenamiento por la tarde noche";"4201";"Bench Press (Barbell)";"1";"61.23496995";"8";"";"";"";"";""
"5";"2023-06-12 19:03:08";"Entrenamiento por la tarde noche";"4201";"Bench Press (Barbell)";"2";"65.77089365";"8";"";"";"";"";""
"5";"2023-06-12 19:03:08";"Entrenamiento por la tarde noche";"4201";"Bench Press (Barbell)";"3";"70.30681735";"6";"";"";"";"";""
"5";"2023-06-12 19:03:08";"Entrenamiento por la tarde noche";"4201";"Bench Press (Barbell)";"4";"74.84274105";"6";"";"";"";"";""
"5";"2023-06-12 19:03:08";"Entrenamiento por la tarde noche";"4201";"Preacher Curl (Barbell)";"1";"18.143694800000002";"8";"";"";"";"";""
"5";"2023-06-12 19:03:08";"Entrenamiento por la tarde noche";"4201";"Preacher Curl (Barbell)";"2";"18.143694800000002";"10";"";"";"";"";""
"5";"2023-06-12 19:03:08";"Entrenamiento por la tarde noche";"4201";"Preacher Curl (Barbell)";"3";"18.143694800000002";"10";"";"";"";"";""
"5";"2023-06-12 19:03:08";"Entrenamiento por la tarde noche";"4201";"Preacher Curl (Barbell)";"4";"22.6796185";"12";"";"";"";"";""
"5";"2023-06-12 19:03:08";"Entrenamiento por la tarde noche";"4201";"Running (Treadmill)";"1";"";"";"";"1350.0";"360.0";"";""
"6";"2023-06-13 19:03:31";"Entrenamiento por la tarde noche";"5905";"Chin Up";"1";"0.0";"8";"";"";"";"";""
"6";"2023-06-13 19:03:31";"Entrenamiento por la tarde noche";"5905";"Chin Up";"2";"0.0";"10";"";"";"";"";""
"6";"2023-06-13 19:03:31";"Entrenamiento por la tarde noche";"5905";"Chin Up";"3";"0.0";"10";"";"";"";"";""
"6";"2023-06-13 19:03:31";"Entrenamiento por la tarde noche";"5905";"Chin Up";"4";"0.0";"10";"";"";"";"";""
"6";"2023-06-13 19:03:31";"Entrenamiento por la tarde noche";"5905";"Seated Row (Cable)";"1";"49.895160700000005";"10";"";"";"";"";""
"6";"2023-06-13 19:03:31";"Entrenamiento por la tarde noche";"5905";"Seated Row (Cable)";"2";"49.895160700000005";"10";"";"";"";"";""
"6";"2023-06-13 19:03:31";"Entrenamiento por la tarde noche";"5905";"Seated Row (Cable)";"3";"54.884676770000006";"8";"";"";"";"";""
"6";"2023-06-13 19:03:31";"Entrenamiento por la tarde noche";"5905";"Seated Row (Cable)";"4";"54.884676770000006";"10";"";"";"";"";""
"6";"2023-06-13 19:03:31";"Entrenamiento por la tarde noche";"5905";"Seated Calf Raise (Plate Loaded)";"1";"31.751465900000003";"13";"";"";"";"";""
"6";"2023-06-13 19:03:31";"Entrenamiento por la tarde noche";"5905";"Seated Calf Raise (Plate Loaded)";"2";"31.751465900000003";"13";"";"";"";"";""
"6";"2023-06-13 19:03:31";"Entrenamiento por la tarde noche";"5905";"Seated Calf Raise (Plate Loaded)";"3";"31.751465900000003";"15";"";"";"";"";""
"6";"2023-06-13 19:03:31";"Entrenamiento por la tarde noche";"5905";"Bicycle Crunch";"1";"0.0";"50";"";"";"";"";""
"6";"2023-06-13 19:03:31";"Entrenamiento por la tarde noche";"5905";"Bicycle Crunch";"2";"0.0";"50";"";"";"";"";""
"6";"2023-06-13 19:03:31";"Entrenamiento por la tarde noche";"5905";"Bicycle Crunch";"3";"0.0";"60";"";"";"";"";""
"6";"2023-06-13 19:03:31";"Entrenamiento por la tarde noche";"5905";"Bicycle Crunch";"4";"0.0";"50";"";"";"";"";""
"6";"2023-06-13 19:03:31";"Entrenamiento por la tarde noche";"5905";"Running (Treadmill)";"1";"";"";"";"4450.0";"1200.0";"";""
"7";"2023-06-16 17:09:56";"Entrenamiento por la tarde";"6613";"Squat (Barbell)";"1";"43.09127515";"10";"";"";"";"";""
"7";"2023-06-16 17:09:56";"Entrenamiento por la tarde";"6613";"Squat (Barbell)";"2";"52.163122550000004";"10";"";"";"";"";""
"7";"2023-06-16 17:09:56";"Entrenamiento por la tarde";"6613";"Squat (Barbell)";"3";"56.69904625";"10";"";"";"";"";""
"7";"2023-06-16 17:09:56";"Entrenamiento por la tarde";"6613";"Squat (Barbell)";"4";"61.23496995";"8";"";"";"";"";""
"7";"2023-06-16 17:09:56";"Entrenamiento por la tarde";"6613";"Squat (Barbell)";"5";"65.77089365";"6";"";"";"";"";""
"7";"2023-06-16 17:09:56";"Entrenamiento por la tarde";"6613";"Squat (Barbell)";"6";"70.30681735";"4";"";"";"";"";""
"7";"2023-06-16 17:09:56";"Entrenamiento por la tarde";"6613";"Pull Up";"1";"0.0";"8";"";"";"";"";""
"7";"2023-06-16 17:09:56";"Entrenamiento por la tarde";"6613";"Pull Up";"2";"0.0";"8";"";"";"";"";""
"7";"2023-06-16 17:09:56";"Entrenamiento por la tarde";"6613";"Pull Up";"3";"0.0";"8";"";"";"";"";""
"7";"2023-06-16 17:09:56";"Entrenamiento por la tarde";"6613";"Pull Up";"4";"0.0";"6";"";"";"";"";""
"7";"2023-06-16 17:09:56";"Entrenamiento por la tarde";"6613";"Seated Row (Cable)";"1";"52.163122550000004";"10";"";"";"";"";""
"7";"2023-06-16 17:09:56";"Entrenamiento por la tarde";"6613";"Seated Row (Cable)";"2";"57.152638620000005";"10";"";"";"";"";""
"7";"2023-06-16 17:09:56";"Entrenamiento por la tarde";"6613";"Seated Row (Cable)";"3";"64.86370891";"7";"";"";"";"";""
"7";"2023-06-16 17:09:56";"Entrenamiento por la tarde";"6613";"Seated Row (Cable)";"4";"64.86370891";"8";"";"";"";"";""
"7";"2023-06-16 17:09:56";"Entrenamiento por la tarde";"6613";"Lateral Raise (Dumbbell)";"1";"6.80388555";"10";"";"";"";"";""
"7";"2023-06-16 17:09:56";"Entrenamiento por la tarde";"6613";"Lateral Raise (Dumbbell)";"2";"6.80388555";"10";"";"";"";"";""
"7";"2023-06-16 17:09:56";"Entrenamiento por la tarde";"6613";"Lateral Raise (Dumbbell)";"3";"6.80388555";"12";"";"";"";"";""
"7";"2023-06-16 17:09:56";"Entrenamiento por la tarde";"6613";"Front Raise (Dumbbell)";"1";"6.80388555";"10";"";"";"";"";""
"7";"2023-06-16 17:09:56";"Entrenamiento por la tarde";"6613";"Front Raise (Dumbbell)";"2";"6.80388555";"10";"";"";"";"";""
"7";"2023-06-16 17:09:56";"Entrenamiento por la tarde";"6613";"Front Raise (Dumbbell)";"3";"6.80388555";"10";"";"";"";"";""
"7";"2023-06-16 17:09:56";"Entrenamiento por la tarde";"6613";"Lat Pulldown (Single Arm)";"1";"24.947580350000003";"10";"";"";"";"";""
"7";"2023-06-16 17:09:56";"Entrenamiento por la tarde";"6613";"Lat Pulldown (Single Arm)";"2";"24.947580350000003";"10";"";"";"";"";""
"7";"2023-06-16 17:09:56";"Entrenamiento por la tarde";"6613";"Lat Pulldown (Single Arm)";"3";"24.947580350000003";"10";"";"";"";"";""
"7";"2023-06-16 17:09:56";"Entrenamiento por la tarde";"6613";"Reverse Fly (Dumbbell)";"1";"6.80388555";"10";"";"";"";"";""
"7";"2023-06-16 17:09:56";"Entrenamiento por la tarde";"6613";"Reverse Fly (Dumbbell)";"2";"6.80388555";"8";"";"";"";"";""
"7";"2023-06-16 17:09:56";"Entrenamiento por la tarde";"6613";"Reverse Fly (Dumbbell)";"3";"6.80388555";"8";"";"";"";"";""
"7";"2023-06-16 17:09:56";"Entrenamiento por la tarde";"6613";"Bicycle Crunch";"1";"0.0";"70";"";"";"";"";""
"7";"2023-06-16 17:09:56";"Entrenamiento por la tarde";"6613";"Jackknife Sit Up";"1";"0.0";"7";"";"";"";"";""
"7";"2023-06-16 17:09:56";"Entrenamiento por la tarde";"6613";"Plank";"1";"";"";"";"";"130.0";"";""
"8";"2023-06-18 13:40:00";"Entrenamiento de mediodía";"4688";"Incline Bench Press (Barbell)";"1";"43.09127515";"12";"";"";"";"";""
"8";"2023-06-18 13:40:00";"Entrenamiento de mediodía";"4688";"Incline Bench Press (Barbell)";"2";"52.163122550000004";"10";"";"";"";"";""
"8";"2023-06-18 13:40:00";"Entrenamiento de mediodía";"4688";"Incline Bench Press (Barbell)";"3";"61.23496995";"8";"";"";"";"";""
"8";"2023-06-18 13:40:00";"Entrenamiento de mediodía";"4688";"Incline Bench Press (Barbell)";"4";"65.77089365";"5";"";"";"";"";""
"8";"2023-06-18 13:40:00";"Entrenamiento de mediodía";"4688";"Chest Dip";"1";"0.0";"10";"";"";"";"";""
"8";"2023-06-18 13:40:00";"Entrenamiento de mediodía";"4688";"Chest Dip";"2";"0.0";"13";"";"";"";"";""
"8";"2023-06-18 13:40:00";"Entrenamiento de mediodía";"4688";"Chest Dip";"3";"0.0";"13";"";"";"";"";""
"8";"2023-06-18 13:40:00";"Entrenamiento de mediodía";"4688";"Chest Dip";"4";"0.0";"13";"";"";"";"";""
"8";"2023-06-18 13:40:00";"Entrenamiento de mediodía";"4688";"Cable Crossover";"1";"9.979032140000001";"12";"";"";"";"";""
"8";"2023-06-18 13:40:00";"Entrenamiento de mediodía";"4688";"Cable Crossover";"2";"12.473790175000001";"10";"";"";"";"";""
"8";"2023-06-18 13:40:00";"Entrenamiento de mediodía";"4688";"Cable Crossover";"3";"12.473790175000001";"10";"";"";"";"";""
"8";"2023-06-18 13:40:00";"Entrenamiento de mediodía";"4688";"Cable Crossover";"4";"14.51495584";"7";"";"";"";"";""
"8";"2023-06-18 13:40:00";"Entrenamiento de mediodía";"4688";"Overhead Press (Dumbbell)";"1";"13.6077711";"10";"";"";"";"";""
"8";"2023-06-18 13:40:00";"Entrenamiento de mediodía";"4688";"Overhead Press (Dumbbell)";"2";"15.875732950000002";"8";"";"";"";"";""
"8";"2023-06-18 13:40:00";"Entrenamiento de mediodía";"4688";"Overhead Press (Dumbbell)";"3";"15.875732950000002";"10";"";"";"";"";""
"8";"2023-06-18 13:40:00";"Entrenamiento de mediodía";"4688";"Overhead Press (Dumbbell)";"4";"18.143694800000002";"6";"";"";"";"";""
"8";"2023-06-18 13:40:00";"Entrenamiento de mediodía";"4688";"Bicep Curl (Dumbbell)";"1";"13.6077711";"10";"";"";"";"";""
"8";"2023-06-18 13:40:00";"Entrenamiento de mediodía";"4688";"Bicep Curl (Dumbbell)";"2";"13.6077711";"8";"";"";"";"";""
"8";"2023-06-18 13:40:00";"Entrenamiento de mediodía";"4688";"Bicep Curl (Dumbbell)";"3";"13.6077711";"8";"";"";"";"";""
"9";"2023-06-19 20:52:46";"Entrenamiento por la tarde noche";"4244";"Pull Up";"1";"0.0";"8";"";"";"";"";""
"9";"2023-06-19 20:52:46";"Entrenamiento por la tarde noche";"4244";"Pull Up";"2";"0.0";"10";"";"";"";"";""
"9";"2023-06-19 20:52:46";"Entrenamiento por la tarde noche";"4244";"Pull Up";"3";"0.0";"10";"";"";"";"";""
"9";"2023-06-19 20:52:46";"Entrenamiento por la tarde noche";"4244";"Pull Up";"4";"0.0";"11";"";"";"";"";""
"9";"2023-06-19 20:52:46";"Entrenamiento por la tarde noche";"4244";"Seated Row (Cable)";"1";"54.884676770000006";"10";"";"";"";"";""
"9";"2023-06-19 20:52:46";"Entrenamiento por la tarde noche";"4244";"Seated Row (Cable)";"2";"64.86370891";"8";"";"";"";"";""
"9";"2023-06-19 20:52:46";"Entrenamiento por la tarde noche";"4244";"Seated Row (Cable)";"3";"74.84274105";"4";"";"";"";"";""
"9";"2023-06-19 20:52:46";"Entrenamiento por la tarde noche";"4244";"Seated Row (Cable)";"4";"64.86370891";"7";"";"";"";"";""
"9";"2023-06-19 20:52:46";"Entrenamiento por la tarde noche";"4244";"Straight Pulldown ";"1";"24.947580350000003";"16";"";"";"";"";""
"9";"2023-06-19 20:52:46";"Entrenamiento por la tarde noche";"4244";"Straight Pulldown ";"2";"29.937096420000003";"12";"";"";"";"";""
"9";"2023-06-19 20:52:46";"Entrenamiento por la tarde noche";"4244";"Straight Pulldown ";"3";"32.431854455";"6";"";"";"";"";""
"9";"2023-06-19 20:52:46";"Entrenamiento por la tarde noche";"4244";"Straight Pulldown ";"4";"32.431854455";"6";"";"";"";"";""
"9";"2023-06-19 20:52:46";"Entrenamiento por la tarde noche";"4244";"Sit Up";"1";"0.0";"12";"";"";"";"";""
"9";"2023-06-19 20:52:46";"Entrenamiento por la tarde noche";"4244";"Sit Up";"2";"0.0";"12";"";"";"";"";""
"9";"2023-06-19 20:52:46";"Entrenamiento por la tarde noche";"4244";"Sit Up";"3";"0.0";"12";"";"";"";"";""
"9";"2023-06-19 20:52:46";"Entrenamiento por la tarde noche";"4244";"Sit Up";"4";"0.0";"10";"";"";"";"";""
"10";"2023-06-22 19:34:25";"Entrenamiento por la tarde noche";"4809";"Bench Press (Barbell)";"1";"61.23496995";"16";"";"";"";"";""
"10";"2023-06-22 19:34:25";"Entrenamiento por la tarde noche";"4809";"Bench Press (Barbell)";"2";"74.84274105";"10";"";"";"";"";""
"10";"2023-06-22 19:34:25";"Entrenamiento por la tarde noche";"4809";"Bench Press (Barbell)";"3";"79.37866475";"8";"";"";"";"";""
"10";"2023-06-22 19:34:25";"Entrenamiento por la tarde noche";"4809";"Bench Press (Barbell)";"4";"79.37866475";"6";"";"";"";"";""
"10";"2023-06-22 19:34:25";"Entrenamiento por la tarde noche";"4809";"Chest Dip";"1";"0.0";"16";"";"";"";"";""
"10";"2023-06-22 19:34:25";"Entrenamiento por la tarde noche";"4809";"Chest Dip";"2";"0.0";"15";"";"";"";"";""
"10";"2023-06-22 19:34:25";"Entrenamiento por la tarde noche";"4809";"Chest Dip";"3";"0.0";"15";"";"";"";"";""
"10";"2023-06-22 19:34:25";"Entrenamiento por la tarde noche";"4809";"Chest Dip";"4";"0.0";"12";"";"";"";"";""
"10";"2023-06-22 19:34:25";"Entrenamiento por la tarde noche";"4809";"Bicep Curl (Dumbbell)";"1";"15.875732950000002";"7";"";"";"";"";""
"10";"2023-06-22 19:34:25";"Entrenamiento por la tarde noche";"4809";"Bicep Curl (Dumbbell)";"2";"15.875732950000002";"6";"";"";"";"";""
"10";"2023-06-22 19:34:25";"Entrenamiento por la tarde noche";"4809";"Bicep Curl (Dumbbell)";"3";"13.6077711";"8";"";"";"";"";""
"10";"2023-06-22 19:34:25";"Entrenamiento por la tarde noche";"4809";"Cable Crossover";"1";"12.473790175000001";"10";"";"";"";"";""
"10";"2023-06-22 19:34:25";"Entrenamiento por la tarde noche";"4809";"Cable Crossover";"2";"12.473790175000001";"9";"";"";"";"";""
"10";"2023-06-22 19:34:25";"Entrenamiento por la tarde noche";"4809";"Cable Crossover";"3";"12.473790175000001";"8";"";"";"";"";""
"10";"2023-06-22 19:34:25";"Entrenamiento por la tarde noche";"4809";"Cable Crossover";"4";"14.968548210000002";"6";"";"";"";"";""
"11";"2023-07-25 07:31:00";"Entrenamiento por la mañana";"3759";"Incline Bench Press (Barbell)";"1";"52.163122550000004";"16";"9.5";"";"";"";""
"11";"2023-07-25 07:31:00";"Entrenamiento por la mañana";"3759";"Incline Bench Press (Barbell)";"2";"61.23496995";"10";"9.0";"";"";"";""
"11";"2023-07-25 07:31:00";"Entrenamiento por la mañana";"3759";"Incline Bench Press (Barbell)";"3";"61.23496995";"8";"8.0";"";"";"";""
"11";"2023-07-25 07:31:00";"Entrenamiento por la mañana";"3759";"Incline Bench Press (Barbell)";"4";"70.30681735";"2";"7.5";"";"";"";""
"11";"2023-07-25 07:31:00";"Entrenamiento por la mañana";"3759";"Bicep Curl (Dumbbell)";"1";"13.6077711";"12";"";"";"";"";""
"11";"2023-07-25 07:31:00";"Entrenamiento por la mañana";"3759";"Bicep Curl (Dumbbell)";"2";"13.6077711";"9";"";"";"";"";""
"11";"2023-07-25 07:31:00";"Entrenamiento por la mañana";"3759";"Bicep Curl (Dumbbell)";"3";"13.6077711";"7";"";"";"";"";""
"11";"2023-07-25 07:31:00";"Entrenamiento por la mañana";"3759";"Bicep Curl (Dumbbell)";"4";"11.33980925";"7";"";"";"";"";""
"11";"2023-07-25 07:31:00";"Entrenamiento por la mañana";"3759";"Cable Crossover";"1";"12.473790175000001";"16";"";"";"";"";""
"11";"2023-07-25 07:31:00";"Entrenamiento por la mañana";"3759";"Cable Crossover";"2";"14.968548210000002";"11";"";"";"";"";""
"11";"2023-07-25 07:31:00";"Entrenamiento por la mañana";"3759";"Cable Crossover";"3";"14.968548210000002";"6";"";"";"";"";""
"11";"2023-07-25 07:31:00";"Entrenamiento por la mañana";"3759";"Cable Crossover";"4";"12.473790175000001";"5";"";"";"";"";""
"11";"2023-07-25 07:31:00";"Entrenamiento por la mañana";"3759";"Preacher Curl (Barbell)";"1";"18.143694800000002";"10";"";"";"";"";""
"11";"2023-07-25 07:31:00";"Entrenamiento por la mañana";"3759";"Preacher Curl (Barbell)";"2";"22.6796185";"7";"";"";"";"";""
"11";"2023-07-25 07:31:00";"Entrenamiento por la mañana";"3759";"Preacher Curl (Barbell)";"3";"22.6796185";"6";"";"";"";"";""
"12";"2023-07-27 18:52:34";"Entrenamiento por la tarde noche";"3066";"Chin Up";"1";"0.0";"11";"";"";"";"";""
"12";"2023-07-27 18:52:34";"Entrenamiento por la tarde noche";"3066";"Chin Up";"2";"0.0";"10";"";"";"";"";""
"12";"2023-07-27 18:52:34";"Entrenamiento por la tarde noche";"3066";"Chin Up";"3";"0.0";"9";"";"";"";"";""
"12";"2023-07-27 18:52:34";"Entrenamiento por la tarde noche";"3066";"Chin Up";"4";"0.0";"7";"";"";"";"";""
"12";"2023-07-27 18:52:34";"Entrenamiento por la tarde noche";"3066";"Bent Over One Arm Row (Dumbbell)";"1";"15.875732950000002";"15";"";"";"";"";""
"12";"2023-07-27 18:52:34";"Entrenamiento por la tarde noche";"3066";"Bent Over One Arm Row (Dumbbell)";"2";"22.6796185";"9";"";"";"";"";""
"12";"2023-07-27 18:52:34";"Entrenamiento por la tarde noche";"3066";"Bent Over One Arm Row (Dumbbell)";"3";"22.6796185";"8";"";"";"";"";""
"12";"2023-07-27 18:52:34";"Entrenamiento por la tarde noche";"3066";"Bent Over One Arm Row (Dumbbell)";"4";"22.6796185";"10";"";"";"";"";""
"12";"2023-07-27 18:52:34";"Entrenamiento por la tarde noche";"3066";"Straight Pulldown ";"1";"29.937096420000003";"12";"";"";"";"";""
"12";"2023-07-27 18:52:34";"Entrenamiento por la tarde noche";"3066";"Straight Pulldown ";"2";"29.937096420000003";"9";"";"";"";"";""
"12";"2023-07-27 18:52:34";"Entrenamiento por la tarde noche";"3066";"Straight Pulldown ";"3";"29.937096420000003";"8";"";"";"";"";""
"13";"2023-07-29 13:59:44";"Entrenamiento de mediodía";"2908";"Chest Dip";"1";"0.0";"12";"";"";"";"";""
"13";"2023-07-29 13:59:44";"Entrenamiento de mediodía";"2908";"Chest Dip";"2";"0.0";"12";"";"";"";"";""
"13";"2023-07-29 13:59:44";"Entrenamiento de mediodía";"2908";"Chest Dip";"3";"0.0";"12";"";"";"";"";""
"13";"2023-07-29 13:59:44";"Entrenamiento de mediodía";"2908";"Chest Dip";"4";"0.0";"8";"";"";"";"";""
"13";"2023-07-29 13:59:44";"Entrenamiento de mediodía";"2908";"Arnold Press (Dumbbell)";"1";"13.6077711";"8";"";"";"";"";""
"13";"2023-07-29 13:59:44";"Entrenamiento de mediodía";"2908";"Arnold Press (Dumbbell)";"2";"13.6077711";"9";"";"";"";"";""
"13";"2023-07-29 13:59:44";"Entrenamiento de mediodía";"2908";"Arnold Press (Dumbbell)";"3";"15.875732950000002";"6";"";"";"";"";""
"13";"2023-07-29 13:59:44";"Entrenamiento de mediodía";"2908";"Arnold Press (Dumbbell)";"4";"15.875732950000002";"6";"";"";"";"";""
"13";"2023-07-29 13:59:44";"Entrenamiento de mediodía";"2908";"Lateral Raise (Dumbbell)";"1";"6.80388555";"12";"";"";"";"";""
"13";"2023-07-29 13:59:44";"Entrenamiento de mediodía";"2908";"Lateral Raise (Dumbbell)";"2";"6.80388555";"12";"";"";"";"";""
"13";"2023-07-29 13:59:44";"Entrenamiento de mediodía";"2908";"Lateral Raise (Dumbbell)";"3";"6.80388555";"10";"";"";"";"";""
"13";"2023-07-29 13:59:44";"Entrenamiento de mediodía";"2908";"Front Raise (Dumbbell)";"1";"6.80388555";"8";"";"";"";"";""
"13";"2023-07-29 13:59:44";"Entrenamiento de mediodía";"2908";"Front Raise (Dumbbell)";"2";"6.80388555";"7";"";"";"";"";""
"13";"2023-07-29 13:59:44";"Entrenamiento de mediodía";"2908";"Front Raise (Dumbbell)";"3";"6.80388555";"6";"";"";"";"";""
"13";"2023-07-29 13:59:44";"Entrenamiento de mediodía";"2908";"Backward Raise";"1";"6.80388555";"10";"";"";"";"";""
"13";"2023-07-29 13:59:44";"Entrenamiento de mediodía";"2908";"Backward Raise";"2";"6.80388555";"8";"";"";"";"";""
"13";"2023-07-29 13:59:44";"Entrenamiento de mediodía";"2908";"Backward Raise";"3";"6.80388555";"4";"";"";"";"";""
"14";"2023-08-06 12:00:00";"Entrenamiento de mediodía";"3312";"Incline Bench Press (Barbell)";"1";"61.23496995";"11";"";"";"";"";""
"14";"2023-08-06 12:00:00";"Entrenamiento de mediodía";"3312";"Incline Bench Press (Barbell)";"2";"61.23496995";"9";"";"";"";"";""
"14";"2023-08-06 12:00:00";"Entrenamiento de mediodía";"3312";"Incline Bench Press (Barbell)";"3";"61.23496995";"8";"";"";"";"";""
"14";"2023-08-06 12:00:00";"Entrenamiento de mediodía";"3312";"Chest Dip";"1";"0.0";"8";"";"";"";"";""
"14";"2023-08-06 12:00:00";"Entrenamiento de mediodía";"3312";"Chest Dip";"2";"0.0";"10";"";"";"";"";""
"14";"2023-08-06 12:00:00";"Entrenamiento de mediodía";"3312";"Chest Dip";"3";"0.0";"12";"";"";"";"";""
"14";"2023-08-06 12:00:00";"Entrenamiento de mediodía";"3312";"Chest Dip";"4";"0.0";"8";"";"";"";"";""
"14";"2023-08-06 12:00:00";"Entrenamiento de mediodía";"3312";"Cable Crossover";"1";"12.473790175000001";"12";"";"";"";"";""
"14";"2023-08-06 12:00:00";"Entrenamiento de mediodía";"3312";"Cable Crossover";"2";"14.968548210000002";"6";"";"";"";"";""
"14";"2023-08-06 12:00:00";"Entrenamiento de mediodía";"3312";"Cable Crossover";"3";"14.968548210000002";"6";"";"";"";"";""
"14";"2023-08-06 12:00:00";"Entrenamiento de mediodía";"3312";"Bicep Curl (Dumbbell)";"1";"13.6077711";"11";"";"";"";"";""
"14";"2023-08-06 12:00:00";"Entrenamiento de mediodía";"3312";"Bicep Curl (Dumbbell)";"2";"13.6077711";"10";"";"";"";"";""
"14";"2023-08-06 12:00:00";"Entrenamiento de mediodía";"3312";"Bicep Curl (Dumbbell)";"3";"13.6077711";"8";"";"";"";"";""
"15";"2023-08-08 17:55:41";"Entrenamiento por la tarde";"3463";"Bicep Curl (Dumbbell)";"1";"13.6077711";"15";"";"";"";"";""
"15";"2023-08-08 17:55:41";"Entrenamiento por la tarde";"3463";"Bicep Curl (Dumbbell)";"2";"15.875732950000002";"7";"";"";"";"";""
"15";"2023-08-08 17:55:41";"Entrenamiento por la tarde";"3463";"Bicep Curl (Dumbbell)";"3";"15.875732950000002";"6";"";"";"";"";""
"15";"2023-08-08 17:55:41";"Entrenamiento por la tarde";"3463";"Bicep Curl (Dumbbell)";"4";"15.875732950000002";"5";"";"";"";"";""
"15";"2023-08-08 17:55:41";"Entrenamiento por la tarde";"3463";"Incline Curl (Dumbbell)";"1";"11.33980925";"6";"";"";"";"";""
"15";"2023-08-08 17:55:41";"Entrenamiento por la tarde";"3463";"Incline Curl (Dumbbell)";"2";"11.33980925";"6";"";"";"";"";""
"15";"2023-08-08 17:55:41";"Entrenamiento por la tarde";"3463";"Incline Curl (Dumbbell)";"3";"11.33980925";"6";"";"";"";"";""
"15";"2023-08-08 17:55:41";"Entrenamiento por la tarde";"3463";"Incline Curl (Dumbbell)";"4";"11.33980925";"6";"";"";"";"";""
"15";"2023-08-08 17:55:41";"Entrenamiento por la tarde";"3463";"Chest Dip";"1";"0.0";"15";"";"";"";"";""
"15";"2023-08-08 17:55:41";"Entrenamiento por la tarde";"3463";"Chest Dip";"2";"0.0";"12";"";"";"";"";""
"15";"2023-08-08 17:55:41";"Entrenamiento por la tarde";"3463";"Chest Dip";"3";"0.0";"12";"";"";"";"";""
"15";"2023-08-08 17:55:41";"Entrenamiento por la tarde";"3463";"Chest Dip";"4";"0.0";"12";"";"";"";"";""
"15";"2023-08-08 17:55:41";"Entrenamiento por la tarde";"3463";"Triceps Extension (Dumbbell)";"1";"20.41165665";"12";"";"";"";"";""
"15";"2023-08-08 17:55:41";"Entrenamiento por la tarde";"3463";"Triceps Extension (Dumbbell)";"2";"20.41165665";"12";"";"";"";"";""
"15";"2023-08-08 17:55:41";"Entrenamiento por la tarde";"3463";"Triceps Extension (Dumbbell)";"3";"22.6796185";"10";"";"";"";"";""
"15";"2023-08-08 17:55:41";"Entrenamiento por la tarde";"3463";"Triceps Extension (Dumbbell)";"4";"24.947580350000003";"8";"";"";"";"";""
"16";"2023-08-25 18:02:59";"Entrenamiento por la tarde noche";"3832";"Seated Row (Cable)";"1";"44.905644630000005";"16";"";"";"";"";""
"16";"2023-08-25 18:02:59";"Entrenamiento por la tarde noche";"3832";"Seated Row (Cable)";"2";"49.895160700000005";"12";"";"";"";"";""
"16";"2023-08-25 18:02:59";"Entrenamiento por la tarde noche";"3832";"Seated Row (Cable)";"3";"54.884676770000006";"10";"";"";"";"";""
"16";"2023-08-25 18:02:59";"Entrenamiento por la tarde noche";"3832";"Seated Row (Cable)";"4";"54.884676770000006";"10";"";"";"";"";""
"16";"2023-08-25 18:02:59";"Entrenamiento por la tarde noche";"3832";"Lat Pulldown (Cable)";"1";"49.895160700000005";"10";"";"";"";"";""
"16";"2023-08-25 18:02:59";"Entrenamiento por la tarde noche";"3832";"Lat Pulldown (Cable)";"2";"49.895160700000005";"10";"";"";"";"";""
"16";"2023-08-25 18:02:59";"Entrenamiento por la tarde noche";"3832";"Lat Pulldown (Cable)";"3";"54.884676770000006";"10";"";"";"";"";""
"16";"2023-08-25 18:02:59";"Entrenamiento por la tarde noche";"3832";"Lat Pulldown (Cable)";"4";"54.884676770000006";"10";"";"";"";"";""
"16";"2023-08-25 18:02:59";"Entrenamiento por la tarde noche";"3832";"Pull Up";"1";"0.0";"6";"";"";"";"";""
"16";"2023-08-25 18:02:59";"Entrenamiento por la tarde noche";"3832";"Pull Up";"2";"0.0";"7";"";"";"";"";""
"16";"2023-08-25 18:02:59";"Entrenamiento por la tarde noche";"3832";"Pull Up";"3";"0.0";"9";"";"";"";"";""
"16";"2023-08-25 18:02:59";"Entrenamiento por la tarde noche";"3832";"Reverse Fly (Machine)";"1";"31.751465900000003";"10";"";"";"";"";""
"16";"2023-08-25 18:02:59";"Entrenamiento por la tarde noche";"3832";"Reverse Fly (Machine)";"2";"31.751465900000003";"7";"";"";"";"";""
"16";"2023-08-25 18:02:59";"Entrenamiento por la tarde noche";"3832";"Bent Over One Arm Row (Dumbbell)";"1";"20.41165665";"10";"";"";"";"";""
"16";"2023-08-25 18:02:59";"Entrenamiento por la tarde noche";"3832";"Bent Over One Arm Row (Dumbbell)";"2";"20.41165665";"8";"";"";"";"";""
"16";"2023-08-25 18:02:59";"Entrenamiento por la tarde noche";"3832";"Bent Over One Arm Row (Dumbbell)";"3";"20.41165665";"8";"";"";"";"";""
"16";"2023-08-25 18:02:59";"Entrenamiento por la tarde noche";"3832";"Straight Pulldown ";"1";"19.958064280000002";"10";"";"";"";"";""
"16";"2023-08-25 18:02:59";"Entrenamiento por la tarde noche";"3832";"Straight Pulldown ";"2";"22.452822315000002";"10";"";"";"";"";""
"16";"2023-08-25 18:02:59";"Entrenamiento por la tarde noche";"3832";"Straight Pulldown ";"3";"24.947580350000003";"10";"";"";"";"";""
"16";"2023-08-25 18:02:59";"Entrenamiento por la tarde noche";"3832";"Straight Pulldown ";"4";"27.2155422";"8";"";"";"";"";""
"16";"2023-08-25 18:02:59";"Entrenamiento por la tarde noche";"3832";"Plank";"1";"";"";"";"";"270.0";"";""
"17";"2023-08-30 18:34:02";"Entrenamiento por la tarde noche";"3817";"Chest Dip";"1";"0.0";"12";"";"";"";"";""
"17";"2023-08-30 18:34:02";"Entrenamiento por la tarde noche";"3817";"Chest Dip";"2";"0.0";"12";"";"";"";"";""
"17";"2023-08-30 18:34:02";"Entrenamiento por la tarde noche";"3817";"Chest Dip";"3";"0.0";"12";"";"";"";"";""
"17";"2023-08-30 18:34:02";"Entrenamiento por la tarde noche";"3817";"Chest Dip";"4";"0.0";"12";"";"";"";"";""
"17";"2023-08-30 18:34:02";"Entrenamiento por la tarde noche";"3817";"Seated Row (Cable)";"1";"49.895160700000005";"12";"";"";"";"";""
"17";"2023-08-30 18:34:02";"Entrenamiento por la tarde noche";"3817";"Seated Row (Cable)";"2";"54.884676770000006";"12";"";"";"";"";""
"17";"2023-08-30 18:34:02";"Entrenamiento por la tarde noche";"3817";"Seated Row (Cable)";"3";"64.86370891";"8";"";"";"";"";""
"17";"2023-08-30 18:34:02";"Entrenamiento por la tarde noche";"3817";"Seated Row (Cable)";"4";"64.86370891";"8";"";"";"";"";""
"17";"2023-08-30 18:34:02";"Entrenamiento por la tarde noche";"3817";"Cable Crossover";"1";"14.968548210000002";"10";"";"";"";"";""
"17";"2023-08-30 18:34:02";"Entrenamiento por la tarde noche";"3817";"Cable Crossover";"2";"17.463306245000002";"9";"";"";"";"";""
"17";"2023-08-30 18:34:02";"Entrenamiento por la tarde noche";"3817";"Cable Crossover";"3";"19.958064280000002";"6";"";"";"";"";""
"17";"2023-08-30 18:34:02";"Entrenamiento por la tarde noche";"3817";"Cable Crossover";"4";"17.463306245000002";"7";"";"";"";"";""
"17";"2023-08-30 18:34:02";"Entrenamiento por la tarde noche";"3817";"Triceps Extension (Dumbbell)";"1";"22.6796185";"12";"";"";"";"";""
"17";"2023-08-30 18:34:02";"Entrenamiento por la tarde noche";"3817";"Triceps Extension (Dumbbell)";"2";"22.6796185";"12";"";"";"";"";""
"17";"2023-08-30 18:34:02";"Entrenamiento por la tarde noche";"3817";"Triceps Extension (Dumbbell)";"3";"22.6796185";"8";"";"";"";"";""
"18";"2023-09-05 18:37:18";"Entrenamiento por la tarde noche";"3797";"Seated Overhead Press (Barbell)";"1";"24.947580350000003";"10";"";"";"";"";""
"18";"2023-09-05 18:37:18";"Entrenamiento por la tarde noche";"3797";"Seated Overhead Press (Barbell)";"2";"29.48350405";"10";"";"";"";"";""
"18";"2023-09-05 18:37:18";"Entrenamiento por la tarde noche";"3797";"Seated Overhead Press (Barbell)";"3";"43.09127515";"8";"";"";"";"";""
"18";"2023-09-05 18:37:18";"Entrenamiento por la tarde noche";"3797";"Seated Overhead Press (Barbell)";"4";"52.163122550000004";"6";"";"";"";"";""
"18";"2023-09-05 18:37:18";"Entrenamiento por la tarde noche";"3797";"Arnold Press (Dumbbell)";"1";"11.33980925";"10";"";"";"";"";""
"18";"2023-09-05 18:37:18";"Entrenamiento por la tarde noche";"3797";"Arnold Press (Dumbbell)";"2";"13.6077711";"10";"";"";"";"";""
"18";"2023-09-05 18:37:18";"Entrenamiento por la tarde noche";"3797";"Arnold Press (Dumbbell)";"3";"13.6077711";"8";"";"";"";"";""
"18";"2023-09-05 18:37:18";"Entrenamiento por la tarde noche";"3797";"Front Raise (Dumbbell)";"1";"6.80388555";"12";"";"";"";"";""
"18";"2023-09-05 18:37:18";"Entrenamiento por la tarde noche";"3797";"Front Raise (Dumbbell)";"2";"6.80388555";"12";"";"";"";"";""
"18";"2023-09-05 18:37:18";"Entrenamiento por la tarde noche";"3797";"Front Raise (Dumbbell)";"3";"6.80388555";"12";"";"";"";"";""
"18";"2023-09-05 18:37:18";"Entrenamiento por la tarde noche";"3797";"Front Raise (Dumbbell)";"4";"6.80388555";"12";"";"";"";"";""
"18";"2023-09-05 18:37:18";"Entrenamiento por la tarde noche";"3797";"Backward Raise";"1";"6.80388555";"12";"";"";"";"";""
"18";"2023-09-05 18:37:18";"Entrenamiento por la tarde noche";"3797";"Backward Raise";"2";"6.80388555";"12";"";"";"";"";""
"18";"2023-09-05 18:37:18";"Entrenamiento por la tarde noche";"3797";"Backward Raise";"3";"6.80388555";"12";"";"";"";"";""
"18";"2023-09-05 18:37:18";"Entrenamiento por la tarde noche";"3797";"Backward Raise";"4";"6.80388555";"12";"";"";"";"";""
"18";"2023-09-05 18:37:18";"Entrenamiento por la tarde noche";"3797";"Shrug (Dumbbell)";"1";"24.947580350000003";"12";"";"";"";"";""
"18";"2023-09-05 18:37:18";"Entrenamiento por la tarde noche";"3797";"Shrug (Dumbbell)";"2";"24.947580350000003";"12";"";"";"";"";""
"19";"2023-09-15 19:03:27";"Hombro";"3145";"Overhead Press (Barbell)";"1";"52.163122550000004";"6";"";"";"";"";""
"19";"2023-09-15 19:03:27";"Hombro";"3145";"Overhead Press (Barbell)";"2";"52.163122550000004";"5";"";"";"";"";""
"19";"2023-09-15 19:03:27";"Hombro";"3145";"Overhead Press (Barbell)";"3";"52.163122550000004";"6";"";"";"";"";""
"19";"2023-09-15 19:03:27";"Hombro";"3145";"Overhead Press (Barbell)";"4";"52.163122550000004";"3";"";"";"";"";""
"19";"2023-09-15 19:03:27";"Hombro";"3145";"Arnold Press (Dumbbell)";"1";"13.6077711";"10";"";"";"";"";""
"19";"2023-09-15 19:03:27";"Hombro";"3145";"Arnold Press (Dumbbell)";"2";"13.6077711";"10";"";"";"";"";""
"19";"2023-09-15 19:03:27";"Hombro";"3145";"Arnold Press (Dumbbell)";"3";"13.6077711";"10";"";"";"";"";""
"19";"2023-09-15 19:03:27";"Hombro";"3145";"Front Raise (Dumbbell)";"1";"6.80388555";"10";"";"";"";"";""
"19";"2023-09-15 19:03:27";"Hombro";"3145";"Front Raise (Dumbbell)";"2";"6.80388555";"10";"";"";"";"";""
"19";"2023-09-15 19:03:27";"Hombro";"3145";"Front Raise (Dumbbell)";"3";"6.80388555";"10";"";"";"";"";""
"19";"2023-09-15 19:03:27";"Hombro";"3145";"Backward Raise";"1";"6.80388555";"10";"";"";"";"";""
"19";"2023-09-15 19:03:27";"Hombro";"3145";"Backward Raise";"2";"6.80388555";"10";"";"";"";"";""
"19";"2023-09-15 19:03:27";"Hombro";"3145";"Backward Raise";"3";"6.80388555";"10";"";"";"";"";""
"19";"2023-09-15 19:03:27";"Hombro";"3145";"Lateral Raise (Dumbbell)";"1";"6.80388555";"10";"";"";"";"";""
"19";"2023-09-15 19:03:27";"Hombro";"3145";"Lateral Raise (Dumbbell)";"2";"6.80388555";"10";"";"";"";"";""
"19";"2023-09-15 19:03:27";"Hombro";"3145";"Lateral Raise (Dumbbell)";"3";"6.80388555";"10";"";"";"";"";""
"19";"2023-09-15 19:03:27";"Hombro";"3145";"Triceps Extension (Dumbbell)";"1";"18.143694800000002";"10";"";"";"";"";""
"19";"2023-09-15 19:03:27";"Hombro";"3145";"Triceps Extension (Dumbbell)";"2";"22.6796185";"8";"";"";"";"";""
"19";"2023-09-15 19:03:27";"Hombro";"3145";"Triceps Extension (Dumbbell)";"3";"22.6796185";"10";"";"";"";"";""
"20";"2023-10-11 18:39:42";"Entrenamiento por la tarde noche";"2757";"Squat (Barbell)";"1";"61.23496995";"10";"";"";"";"";""
"20";"2023-10-11 18:39:42";"Entrenamiento por la tarde noche";"2757";"Squat (Barbell)";"2";"61.23496995";"10";"";"";"";"";""
"20";"2023-10-11 18:39:42";"Entrenamiento por la tarde noche";"2757";"Squat (Barbell)";"3";"70.30681735";"8";"";"";"";"";""
"20";"2023-10-11 18:39:42";"Entrenamiento por la tarde noche";"2757";"Squat (Barbell)";"4";"74.84274105";"6";"";"";"";"";""
"20";"2023-10-11 18:39:42";"Entrenamiento por la tarde noche";"2757";"Seated Calf Raise (Plate Loaded)";"1";"36.287389600000004";"16";"";"";"";"";""
"20";"2023-10-11 18:39:42";"Entrenamiento por la tarde noche";"2757";"Seated Calf Raise (Plate Loaded)";"2";"36.287389600000004";"16";"";"";"";"";""
"20";"2023-10-11 18:39:42";"Entrenamiento por la tarde noche";"2757";"Seated Calf Raise (Plate Loaded)";"3";"36.287389600000004";"16";"";"";"";"";""
"20";"2023-10-11 18:39:42";"Entrenamiento por la tarde noche";"2757";"Seated Calf Raise (Plate Loaded)";"4";"36.287389600000004";"16";"";"";"";"";""
"20";"2023-10-11 18:39:42";"Entrenamiento por la tarde noche";"2757";"Decline Crunch";"1";"0.0";"12";"";"";"";"";""
"20";"2023-10-11 18:39:42";"Entrenamiento por la tarde noche";"2757";"Decline Crunch";"2";"0.0";"8";"";"";"";"";""
"20";"2023-10-11 18:39:42";"Entrenamiento por la tarde noche";"2757";"Decline Crunch";"3";"0.0";"8";"";"";"";"";""
"21";"2023-10-22 11:57:27";"Entrenamiento por la mañana";"4057";"Deadlift (Barbell)";"1";"61.23496995";"8";"";"";"";"";""
"21";"2023-10-22 11:57:27";"Entrenamiento por la mañana";"4057";"Deadlift (Barbell)";"2";"83.91458845000001";"8";"";"";"";"";""
"21";"2023-10-22 11:57:27";"Entrenamiento por la mañana";"4057";"Deadlift (Barbell)";"3";"83.91458845000001";"8";"";"";"";"";""
"21";"2023-10-22 11:57:27";"Entrenamiento por la mañana";"4057";"Deadlift (Barbell)";"4";"90.718474";"6";"";"";"";"";""
"21";"2023-10-22 11:57:27";"Entrenamiento por la mañana";"4057";"Hip Abductor (Machine)";"1";"45.359237";"10";"";"";"";"";""
"21";"2023-10-22 11:57:27";"Entrenamiento por la mañana";"4057";"Hip Abductor (Machine)";"2";"52.163122550000004";"10";"";"";"";"";""
"21";"2023-10-22 11:57:27";"Entrenamiento por la mañana";"4057";"Hip Abductor (Machine)";"3";"52.163122550000004";"10";"";"";"";"";""
"21";"2023-10-22 11:57:27";"Entrenamiento por la mañana";"4057";"Hip Abductor (Machine)";"4";"52.163122550000004";"10";"";"";"";"";""
"21";"2023-10-22 11:57:27";"Entrenamiento por la mañana";"4057";"Hip Adductor (Machine)";"1";"45.359237";"10";"";"";"";"";""
"21";"2023-10-22 11:57:27";"Entrenamiento por la mañana";"4057";"Hip Adductor (Machine)";"2";"52.163122550000004";"10";"";"";"";"";""
"21";"2023-10-22 11:57:27";"Entrenamiento por la mañana";"4057";"Hip Adductor (Machine)";"3";"52.163122550000004";"10";"";"";"";"";""
"21";"2023-10-22 11:57:27";"Entrenamiento por la mañana";"4057";"Hip Adductor (Machine)";"4";"52.163122550000004";"10";"";"";"";"";""
"21";"2023-10-22 11:57:27";"Entrenamiento por la mañana";"4057";"Lunge (Dumbbell)";"1";"13.6077711";"10";"";"";"";"";""
"21";"2023-10-22 11:57:27";"Entrenamiento por la mañana";"4057";"Lunge (Dumbbell)";"2";"13.6077711";"10";"";"";"";"";""
"21";"2023-10-22 11:57:27";"Entrenamiento por la mañana";"4057";"Lunge (Dumbbell)";"3";"15.875732950000002";"10";"";"";"";"";""
"21";"2023-10-22 11:57:27";"Entrenamiento por la mañana";"4057";"Lunge (Dumbbell)";"4";"15.875732950000002";"10";"";"";"";"";""
"21";"2023-10-22 11:57:27";"Entrenamiento por la mañana";"4057";"Crunch (Machine)";"1";"9.071847400000001";"30";"";"";"";"";""
"21";"2023-10-22 11:57:27";"Entrenamiento por la mañana";"4057";"Crunch (Machine)";"2";"9.071847400000001";"24";"";"";"";"";""
"21";"2023-10-22 11:57:27";"Entrenamiento por la mañana";"4057";"Crunch (Machine)";"3";"9.071847400000001";"30";"";"";"";"";""
"22";"2023-10-29 10:03:29";"Hombro";"2466";"Overhead Press (Barbell)";"1";"52.163122550000004";"5";"";"";"";"";""
"22";"2023-10-29 10:03:29";"Hombro";"2466";"Overhead Press (Barbell)";"2";"52.163122550000004";"5";"";"";"";"";""
"22";"2023-10-29 10:03:29";"Hombro";"2466";"Overhead Press (Barbell)";"3";"52.163122550000004";"5";"";"";"";"";""
"22";"2023-10-29 10:03:29";"Hombro";"2466";"Overhead Press (Barbell)";"4";"52.163122550000004";"5";"";"";"";"";""
"22";"2023-10-29 10:03:29";"Hombro";"2466";"Arnold Press (Dumbbell)";"1";"13.6077711";"10";"";"";"";"";""
"22";"2023-10-29 10:03:29";"Hombro";"2466";"Arnold Press (Dumbbell)";"2";"13.6077711";"10";"";"";"";"";""
"22";"2023-10-29 10:03:29";"Hombro";"2466";"Arnold Press (Dumbbell)";"3";"13.6077711";"10";"";"";"";"";""
"22";"2023-10-29 10:03:29";"Hombro";"2466";"Front Raise (Dumbbell)";"1";"6.80388555";"12";"";"";"";"";""
"22";"2023-10-29 10:03:29";"Hombro";"2466";"Front Raise (Dumbbell)";"2";"6.80388555";"12";"";"";"";"";""
"22";"2023-10-29 10:03:29";"Hombro";"2466";"Backward Raise";"1";"6.80388555";"12";"";"";"";"";""
"22";"2023-10-29 10:03:29";"Hombro";"2466";"Backward Raise";"2";"6.80388555";"12";"";"";"";"";""
"22";"2023-10-29 10:03:29";"Hombro";"2466";"Lateral Raise (Dumbbell)";"1";"6.80388555";"12";"";"";"";"";""
"22";"2023-10-29 10:03:29";"Hombro";"2466";"Lateral Raise (Dumbbell)";"2";"6.80388555";"12";"";"";"";"";""
"23";"2023-11-07 20:38:34";"Nueva plantilla de entrenamiento";"3288";"Bench Press (Barbell)";"1";"61.23496995";"12";"";"";"";"";""
"23";"2023-11-07 20:38:34";"Nueva plantilla de entrenamiento";"3288";"Bench Press (Barbell)";"2";"61.23496995";"13";"";"";"";"";""
"23";"2023-11-07 20:38:34";"Nueva plantilla de entrenamiento";"3288";"Bench Press (Barbell)";"3";"70.30681735";"8";"";"";"";"";""
"23";"2023-11-07 20:38:34";"Nueva plantilla de entrenamiento";"3288";"Bench Press (Barbell)";"4";"70.30681735";"6";"";"";"";"";""
"23";"2023-11-07 20:38:34";"Nueva plantilla de entrenamiento";"3288";"Bicep Curl (Dumbbell)";"1";"13.6077711";"12";"";"";"";"";""
"23";"2023-11-07 20:38:34";"Nueva plantilla de entrenamiento";"3288";"Bicep Curl (Dumbbell)";"2";"13.6077711";"9";"";"";"";"";""
"23";"2023-11-07 20:38:34";"Nueva plantilla de entrenamiento";"3288";"Bicep Curl (Dumbbell)";"3";"13.6077711";"6";"";"";"";"";""
"23";"2023-11-07 20:38:34";"Nueva plantilla de entrenamiento";"3288";"Bicep Curl (Dumbbell)";"4";"13.6077711";"6";"";"";"";"";""
"23";"2023-11-07 20:38:34";"Nueva plantilla de entrenamiento";"3288";"Chest Dip";"1";"0.0";"15";"";"";"";"";""
"23";"2023-11-07 20:38:34";"Nueva plantilla de entrenamiento";"3288";"Chest Dip";"2";"0.0";"12";"";"";"";"";""
"23";"2023-11-07 20:38:34";"Nueva plantilla de entrenamiento";"3288";"Chest Dip";"3";"0.0";"9";"";"";"";"";""
"23";"2023-11-07 20:38:34";"Nueva plantilla de entrenamiento";"3288";"Chest Dip";"4";"0.0";"8";"";"";"";"";""
"23";"2023-11-07 20:38:34";"Nueva plantilla de entrenamiento";"3288";"Bicep Curl (Cable)";"1";"14.968548210000002";"12";"";"";"";"";""
"23";"2023-11-07 20:38:34";"Nueva plantilla de entrenamiento";"3288";"Bicep Curl (Cable)";"2";"17.463306245000002";"12";"";"";"";"";""
"24";"2023-11-08 19:37:06";"Entrenamiento por la tarde noche";"2362";"Seated Row (Cable)";"1";"49.895160700000005";"12";"";"";"";"";""
"24";"2023-11-08 19:37:06";"Entrenamiento por la tarde noche";"2362";"Seated Row (Cable)";"2";"54.884676770000006";"12";"";"";"";"";""
"24";"2023-11-08 19:37:06";"Entrenamiento por la tarde noche";"2362";"Seated Row (Cable)";"3";"64.86370891";"8";"";"";"";"";""
"24";"2023-11-08 19:37:06";"Entrenamiento por la tarde noche";"2362";"Seated Row (Cable)";"4";"64.86370891";"8";"";"";"";"";""
"24";"2023-11-08 19:37:06";"Entrenamiento por la tarde noche";"2362";"Lat Pulldown (Cable)";"1";"44.905644630000005";"12";"";"";"";"";""
"24";"2023-11-08 19:37:06";"Entrenamiento por la tarde noche";"2362";"Lat Pulldown (Cable)";"2";"49.895160700000005";"10";"";"";"";"";""
"24";"2023-11-08 19:37:06";"Entrenamiento por la tarde noche";"2362";"Lat Pulldown (Cable)";"3";"49.895160700000005";"10";"";"";"";"";""
"24";"2023-11-08 19:37:06";"Entrenamiento por la tarde noche";"2362";"Lat Pulldown (Cable)";"4";"54.884676770000006";"7";"";"";"";"";""
"24";"2023-11-08 19:37:06";"Entrenamiento por la tarde noche";"2362";"Straight Pulldown ";"1";"22.452822315000002";"12";"";"";"";"";""
"24";"2023-11-08 19:37:06";"Entrenamiento por la tarde noche";"2362";"Straight Pulldown ";"2";"24.947580350000003";"10";"";"";"";"";""
"24";"2023-11-08 19:37:06";"Entrenamiento por la tarde noche";"2362";"Straight Pulldown ";"3";"24.947580350000003";"10";"";"";"";"";""
"24";"2023-11-08 19:37:06";"Entrenamiento por la tarde noche";"2362";"Straight Pulldown ";"4";"27.442338385000003";"8";"";"";"";"";""
"24";"2023-11-08 19:37:06";"Entrenamiento por la tarde noche";"2362";"Bent Over One Arm Row (Dumbbell)";"1";"20.41165665";"10";"";"";"";"";""
"24";"2023-11-08 19:37:06";"Entrenamiento por la tarde noche";"2362";"Bent Over One Arm Row (Dumbbell)";"2";"20.41165665";"10";"";"";"";"";""
"25";"2023-11-10 19:57:00";"Entrenamiento por la tarde noche";"2880";"Squat (Barbell)";"1";"65.77089365";"8";"";"";"";"";""
"25";"2023-11-10 19:57:00";"Entrenamiento por la tarde noche";"2880";"Squat (Barbell)";"2";"74.84274105";"6";"";"";"";"";""
"25";"2023-11-10 19:57:00";"Entrenamiento por la tarde noche";"2880";"Squat (Barbell)";"3";"74.84274105";"6";"";"";"";"";""
"25";"2023-11-10 19:57:00";"Entrenamiento por la tarde noche";"2880";"Leg Press";"1";"95.2543977";"10";"";"";"";"";""
"25";"2023-11-10 19:57:00";"Entrenamiento por la tarde noche";"2880";"Leg Press";"2";"136.077711";"8";"";"";"";"";""
"25";"2023-11-10 19:57:00";"Entrenamiento por la tarde noche";"2880";"Leg Press";"3";"136.077711";"8";"";"";"";"";""
"25";"2023-11-10 19:57:00";"Entrenamiento por la tarde noche";"2880";"Seated Leg Curl (Machine)";"1";"45.359237";"8";"";"";"";"";""
"25";"2023-11-10 19:57:00";"Entrenamiento por la tarde noche";"2880";"Seated Leg Curl (Machine)";"2";"45.359237";"8";"";"";"";"";""
"25";"2023-11-10 19:57:00";"Entrenamiento por la tarde noche";"2880";"Seated Leg Curl (Machine)";"3";"45.359237";"8";"";"";"";"";""
"25";"2023-11-10 19:57:00";"Entrenamiento por la tarde noche";"2880";"Leg Extension (Machine)";"1";"64.86370891";"8";"";"";"";"";""
"25";"2023-11-10 19:57:00";"Entrenamiento por la tarde noche";"2880";"Leg Extension (Machine)";"2";"64.86370891";"8";"";"";"";"";""
"25";"2023-11-10 19:57:00";"Entrenamiento por la tarde noche";"2880";"Leg Extension (Machine)";"3";"64.86370891";"8";"";"";"";"";""
"26";"2023-11-11 14:11:23";"Entrenamiento por la tarde";"2724";"Bench Press (Barbell)";"1";"61.23496995";"10";"";"";"";"";""
"26";"2023-11-11 14:11:23";"Entrenamiento por la tarde";"2724";"Bench Press (Barbell)";"2";"65.77089365";"10";"";"";"";"";""
"26";"2023-11-11 14:11:23";"Entrenamiento por la tarde";"2724";"Bench Press (Barbell)";"3";"65.77089365";"10";"";"";"";"";""
"26";"2023-11-11 14:11:23";"Entrenamiento por la tarde";"2724";"Bench Press (Barbell)";"4";"74.84274105";"6";"";"";"";"";""
"26";"2023-11-11 14:11:23";"Entrenamiento por la tarde";"2724";"Incline Curl (Dumbbell)";"1";"11.33980925";"10";"";"";"";"";""
"26";"2023-11-11 14:11:23";"Entrenamiento por la tarde";"2724";"Incline Curl (Dumbbell)";"2";"11.33980925";"8";"";"";"";"";""
"26";"2023-11-11 14:11:23";"Entrenamiento por la tarde";"2724";"Incline Curl (Dumbbell)";"3";"11.33980925";"6";"";"";"";"";""
"26";"2023-11-11 14:11:23";"Entrenamiento por la tarde";"2724";"Incline Curl (Dumbbell)";"4";"11.33980925";"6";"";"";"";"";""
"26";"2023-11-11 14:11:23";"Entrenamiento por la tarde";"2724";"Cable Crossover";"1";"17.463306245000002";"10";"";"";"";"";""
"26";"2023-11-11 14:11:23";"Entrenamiento por la tarde";"2724";"Cable Crossover";"2";"17.463306245000002";"6";"";"";"";"";""
"26";"2023-11-11 14:11:23";"Entrenamiento por la tarde";"2724";"Cable Crossover";"3";"14.968548210000002";"8";"";"";"";"";""
"26";"2023-11-11 14:11:23";"Entrenamiento por la tarde";"2724";"Cable Crossover";"4";"14.968548210000002";"7";"";"";"";"";""
"26";"2023-11-11 14:11:23";"Entrenamiento por la tarde";"2724";"Toes To Bar";"1";"";"8";"";"";"";"";""
"26";"2023-11-11 14:11:23";"Entrenamiento por la tarde";"2724";"Toes To Bar";"2";"";"6";"";"";"";"";""
"27";"2023-11-12 10:19:58";"Entrenamiento por la mañana";"3015";"Chin Up";"1";"0.0";"9";"";"";"";"";""
"27";"2023-11-12 10:19:58";"Entrenamiento por la mañana";"3015";"Chin Up";"2";"0.0";"6";"";"";"";"";""
"27";"2023-11-12 10:19:58";"Entrenamiento por la mañana";"3015";"Chin Up";"3";"0.0";"5";"";"";"";"";""
"27";"2023-11-12 10:19:58";"Entrenamiento por la mañana";"3015";"Chin Up";"4";"0.0";"5";"";"";"";"";""
"27";"2023-11-12 10:19:58";"Entrenamiento por la mañana";"3015";"Seated Row (Cable)";"1";"64.86370891";"8";"";"";"";"";""
"27";"2023-11-12 10:19:58";"Entrenamiento por la mañana";"3015";"Seated Row (Cable)";"2";"64.86370891";"6";"";"";"";"";""
"27";"2023-11-12 10:19:58";"Entrenamiento por la mañana";"3015";"Seated Row (Cable)";"3";"64.86370891";"6";"";"";"";"";""
"27";"2023-11-12 10:19:58";"Entrenamiento por la mañana";"3015";"Seated Row (Cable)";"4";"54.884676770000006";"10";"";"";"";"";""
"27";"2023-11-12 10:19:58";"Entrenamiento por la mañana";"3015";"Triceps Extension";"1";"19.958064280000002";"10";"";"";"";"";""
"27";"2023-11-12 10:19:58";"Entrenamiento por la mañana";"3015";"Triceps Extension";"2";"22.452822315000002";"8";"";"";"";"";""
"27";"2023-11-12 10:19:58";"Entrenamiento por la mañana";"3015";"Triceps Extension";"3";"22.452822315000002";"10";"";"";"";"";""
"27";"2023-11-12 10:19:58";"Entrenamiento por la mañana";"3015";"Triceps Extension";"4";"22.452822315000002";"8";"";"";"";"";""
"27";"2023-11-12 10:19:58";"Entrenamiento por la mañana";"3015";"Bent Over One Arm Row (Dumbbell)";"1";"20.41165665";"10";"";"";"";"";""
"27";"2023-11-12 10:19:58";"Entrenamiento por la mañana";"3015";"Bent Over One Arm Row (Dumbbell)";"2";"20.41165665";"10";"";"";"";"";""
"27";"2023-11-12 10:19:58";"Entrenamiento por la mañana";"3015";"Bent Over One Arm Row (Dumbbell)";"3";"20.41165665";"8";"";"";"";"";""
"27";"2023-11-12 10:19:58";"Entrenamiento por la mañana";"3015";"Bent Over One Arm Row (Dumbbell)";"4";"20.41165665";"8";"";"";"";"";""
"28";"2023-11-18 13:47:50";"Entrenamiento de mediodía";"4525";"Chest Dip";"1";"0.0";"5";"";"";"";"";""
"28";"2023-11-18 13:47:50";"Entrenamiento de mediodía";"4525";"Chest Dip";"2";"0.0";"6";"";"";"";"";""
"28";"2023-11-18 13:47:50";"Entrenamiento de mediodía";"4525";"Chest Dip";"3";"0.0";"8";"";"";"";"";""
"28";"2023-11-18 13:47:50";"Entrenamiento de mediodía";"4525";"Chest Dip";"4";"0.0";"6";"";"";"";"";""
"28";"2023-11-18 13:47:50";"Entrenamiento de mediodía";"4525";"Squat (Barbell)";"1";"56.69904625";"10";"";"";"";"";""
"28";"2023-11-18 13:47:50";"Entrenamiento de mediodía";"4525";"Squat (Barbell)";"2";"56.69904625";"12";"";"";"";"";""
"28";"2023-11-18 13:47:50";"Entrenamiento de mediodía";"4525";"Squat (Barbell)";"3";"61.23496995";"10";"";"";"";"";""
"28";"2023-11-18 13:47:50";"Entrenamiento de mediodía";"4525";"Squat (Barbell)";"4";"61.23496995";"8";"";"";"";"";""
"28";"2023-11-18 13:47:50";"Entrenamiento de mediodía";"4525";"Seated Calf Raise (Plate Loaded)";"1";"20.41165665";"12";"";"";"";"";""
"28";"2023-11-18 13:47:50";"Entrenamiento de mediodía";"4525";"Seated Calf Raise (Plate Loaded)";"2";"20.41165665";"12";"";"";"";"";""
"28";"2023-11-18 13:47:50";"Entrenamiento de mediodía";"4525";"Seated Calf Raise (Plate Loaded)";"3";"20.41165665";"12";"";"";"";"";""
"28";"2023-11-18 13:47:50";"Entrenamiento de mediodía";"4525";"Seated Calf Raise (Plate Loaded)";"4";"20.41165665";"12";"";"";"";"";""
"28";"2023-11-18 13:47:50";"Entrenamiento de mediodía";"4525";"Triceps Extension";"1";"22.6796185";"8";"";"";"";"";""
"28";"2023-11-18 13:47:50";"Entrenamiento de mediodía";"4525";"Triceps Extension";"2";"22.6796185";"10";"";"";"";"";""
"28";"2023-11-18 13:47:50";"Entrenamiento de mediodía";"4525";"Triceps Extension";"3";"22.6796185";"10";"";"";"";"";""
"28";"2023-11-18 13:47:50";"Entrenamiento de mediodía";"4525";"Triceps Extension";"4";"22.6796185";"10";"";"";"";"";""
"28";"2023-11-18 13:47:50";"Entrenamiento de mediodía";"4525";"Cable Crunch";"1";"36.287389600000004";"10";"";"";"";"";""
"28";"2023-11-18 13:47:50";"Entrenamiento de mediodía";"4525";"Cable Crunch";"2";"36.287389600000004";"10";"";"";"";"";""
"28";"2023-11-18 13:47:50";"Entrenamiento de mediodía";"4525";"Cable Crunch";"3";"36.287389600000004";"10";"";"";"";"";""
"28";"2023-11-18 13:47:50";"Entrenamiento de mediodía";"4525";"Cable Crunch";"4";"36.287389600000004";"10";"";"";"";"";""
"28";"2023-11-18 13:47:50";"Entrenamiento de mediodía";"4525";"Toes To Bar";"1";"";"6";"";"";"";"";""
"28";"2023-11-18 13:47:50";"Entrenamiento de mediodía";"4525";"Toes To Bar";"2";"";"5";"";"";"";"";""
"29";"2023-11-20 13:40:26";"Entrenamiento de mediodía";"5491";"Bench Press (Barbell)";"1";"65.77089365";"12";"";"";"";"";""
"29";"2023-11-20 13:40:26";"Entrenamiento de mediodía";"5491";"Bench Press (Barbell)";"2";"70.30681735";"10";"";"";"";"";""
"29";"2023-11-20 13:40:26";"Entrenamiento de mediodía";"5491";"Bench Press (Barbell)";"3";"74.84274105";"6";"";"";"";"";""
"29";"2023-11-20 13:40:26";"Entrenamiento de mediodía";"5491";"Arnold Press (Dumbbell)";"1";"15.875732950000002";"8";"";"";"";"";""
"29";"2023-11-20 13:40:26";"Entrenamiento de mediodía";"5491";"Arnold Press (Dumbbell)";"2";"15.875732950000002";"8";"";"";"";"";""
"29";"2023-11-20 13:40:26";"Entrenamiento de mediodía";"5491";"Arnold Press (Dumbbell)";"3";"15.875732950000002";"7";"";"";"";"";""
"29";"2023-11-20 13:40:26";"Entrenamiento de mediodía";"5491";"Lateral Raise (Dumbbell)";"1";"6.80388555";"12";"";"";"";"";""
"29";"2023-11-20 13:40:26";"Entrenamiento de mediodía";"5491";"Lateral Raise (Dumbbell)";"2";"6.80388555";"10";"";"";"";"";""
"29";"2023-11-20 13:40:26";"Entrenamiento de mediodía";"5491";"Lateral Raise (Dumbbell)";"3";"6.80388555";"10";"";"";"";"";""
"29";"2023-11-20 13:40:26";"Entrenamiento de mediodía";"5491";"Backward Raise";"1";"6.80388555";"12";"";"";"";"";""
"29";"2023-11-20 13:40:26";"Entrenamiento de mediodía";"5491";"Backward Raise";"2";"6.80388555";"10";"";"";"";"";""
"29";"2023-11-20 13:40:26";"Entrenamiento de mediodía";"5491";"Backward Raise";"3";"6.80388555";"10";"";"";"";"";""
"29";"2023-11-20 13:40:26";"Entrenamiento de mediodía";"5491";"Front Raise (Dumbbell)";"1";"6.80388555";"12";"";"";"";"";""
"29";"2023-11-20 13:40:26";"Entrenamiento de mediodía";"5491";"Front Raise (Dumbbell)";"2";"6.80388555";"10";"";"";"";"";""
"29";"2023-11-20 13:40:26";"Entrenamiento de mediodía";"5491";"Front Raise (Dumbbell)";"3";"6.80388555";"8";"";"";"";"";""
"29";"2023-11-20 13:40:26";"Entrenamiento de mediodía";"5491";"Toes To Bar";"1";"";"6";"";"";"";"";""
"29";"2023-11-20 13:40:26";"Entrenamiento de mediodía";"5491";"Toes To Bar";"2";"";"8";"";"";"";"";""
"29";"2023-11-20 13:40:26";"Entrenamiento de mediodía";"5491";"Cable Crunch";"1";"36.287389600000004";"10";"";"";"";"";""
"29";"2023-11-20 13:40:26";"Entrenamiento de mediodía";"5491";"Cable Crunch";"2";"36.287389600000004";"10";"";"";"";"";""
"30";"2023-11-23 20:36:10";"Entrenamiento por la tarde noche";"2391";"Bench Press (Barbell)";"1";"70.30681735";"8";"";"";"";"";""
"30";"2023-11-23 20:36:10";"Entrenamiento por la tarde noche";"2391";"Bench Press (Barbell)";"2";"77.1107029";"8";"";"";"";"";""
"30";"2023-11-23 20:36:10";"Entrenamiento por la tarde noche";"2391";"Bench Press (Barbell)";"3";"81.6466266";"5";"";"";"";"";""
"30";"2023-11-23 20:36:10";"Entrenamiento por la tarde noche";"2391";"Bench Press (Barbell)";"4";"61.23496995";"16";"";"";"";"";""
"30";"2023-11-23 20:36:10";"Entrenamiento por la tarde noche";"2391";"Triceps Extension";"1";"22.452822315000002";"10";"";"";"";"";""
"30";"2023-11-23 20:36:10";"Entrenamiento por la tarde noche";"2391";"Triceps Extension";"2";"22.452822315000002";"8";"";"";"";"";""
"30";"2023-11-23 20:36:10";"Entrenamiento por la tarde noche";"2391";"Triceps Extension";"3";"22.452822315000002";"6";"";"";"";"";""
"30";"2023-11-23 20:36:10";"Entrenamiento por la tarde noche";"2391";"Triceps Extension";"4";"17.463306245000002";"12";"";"";"";"";""
"30";"2023-11-23 20:36:10";"Entrenamiento por la tarde noche";"2391";"Preacher Curl (Dumbbell)";"1";"11.33980925";"6";"";"";"";"";""
"30";"2023-11-23 20:36:10";"Entrenamiento por la tarde noche";"2391";"Preacher Curl (Dumbbell)";"2";"11.33980925";"6";"";"";"";"";""
"30";"2023-11-23 20:36:10";"Entrenamiento por la tarde noche";"2391";"Preacher Curl (Dumbbell)";"3";"9.071847400000001";"8";"";"";"";"";""
"30";"2023-11-23 20:36:10";"Entrenamiento por la tarde noche";"2391";"Preacher Curl (Dumbbell)";"4";"9.071847400000001";"8";"";"";"";"";""
"31";"2023-11-27 19:12:13";"Entrenamiento por la tarde noche";"5286";"Incline Bench Press (Barbell)";"1";"43.09127515";"12";"";"";"";"";""
"31";"2023-11-27 19:12:13";"Entrenamiento por la tarde noche";"5286";"Incline Bench Press (Barbell)";"2";"54.4310844";"10";"";"";"";"";""
"31";"2023-11-27 19:12:13";"Entrenamiento por la tarde noche";"5286";"Incline Bench Press (Barbell)";"3";"56.69904625";"8";"";"";"";"";""
"31";"2023-11-27 19:12:13";"Entrenamiento por la tarde noche";"5286";"Incline Bench Press (Barbell)";"4";"56.69904625";"6";"";"";"";"";""
"31";"2023-11-27 19:12:13";"Entrenamiento por la tarde noche";"5286";"Cable Crossover";"1";"14.968548210000002";"10";"";"";"";"";""
"31";"2023-11-27 19:12:13";"Entrenamiento por la tarde noche";"5286";"Cable Crossover";"2";"14.968548210000002";"9";"";"";"";"";""
"31";"2023-11-27 19:12:13";"Entrenamiento por la tarde noche";"5286";"Cable Crossover";"3";"14.968548210000002";"8";"";"";"";"";""
"31";"2023-11-27 19:12:13";"Entrenamiento por la tarde noche";"5286";"Cable Crossover";"4";"14.968548210000002";"6";"";"";"";"";""
"31";"2023-11-27 19:12:13";"Entrenamiento por la tarde noche";"5286";"Overhead Cable Curl";"1";"9.979032140000001";"8";"";"";"";"";""
"31";"2023-11-27 19:12:13";"Entrenamiento por la tarde noche";"5286";"Overhead Cable Curl";"2";"9.979032140000001";"8";"";"";"";"";""
"31";"2023-11-27 19:12:13";"Entrenamiento por la tarde noche";"5286";"Overhead Cable Curl";"3";"9.979032140000001";"8";"";"";"";"";""
"31";"2023-11-27 19:12:13";"Entrenamiento por la tarde noche";"5286";"Overhead Cable Curl";"4";"9.979032140000001";"8";"";"";"";"";""
"31";"2023-11-27 19:12:13";"Entrenamiento por la tarde noche";"5286";"Bent Over One Arm Row (Dumbbell)";"1";"18.143694800000002";"10";"";"";"";"";""
"31";"2023-11-27 19:12:13";"Entrenamiento por la tarde noche";"5286";"Bent Over One Arm Row (Dumbbell)";"2";"18.143694800000002";"10";"";"";"";"";""
"31";"2023-11-27 19:12:13";"Entrenamiento por la tarde noche";"5286";"Bent Over One Arm Row (Dumbbell)";"3";"18.143694800000002";"10";"";"";"";"";""
"31";"2023-11-27 19:12:13";"Entrenamiento por la tarde noche";"5286";"Bent Over One Arm Row (Dumbbell)";"4";"18.143694800000002";"10";"";"";"";"";""
"32";"2024-01-20 12:06:34";"Entrenamiento de mediodía";"6009";"Bench Press (Barbell)";"1";"52.163122550000004";"15";"";"";"";"";""
"32";"2024-01-20 12:06:34";"Entrenamiento de mediodía";"6009";"Bench Press (Barbell)";"2";"56.69904625";"12";"";"";"";"";""
"32";"2024-01-20 12:06:34";"Entrenamiento de mediodía";"6009";"Bench Press (Barbell)";"3";"65.77089365";"10";"";"";"";"";""
"32";"2024-01-20 12:06:34";"Entrenamiento de mediodía";"6009";"Bench Press (Barbell)";"4";"70.30681735";"8";"";"";"";"";""
"32";"2024-01-20 12:06:34";"Entrenamiento de mediodía";"6009";"Seated Row (Cable)";"1";"49.895160700000005";"12";"";"";"";"";""
"32";"2024-01-20 12:06:34";"Entrenamiento de mediodía";"6009";"Seated Row (Cable)";"2";"49.895160700000005";"12";"";"";"";"";""
"32";"2024-01-20 12:06:34";"Entrenamiento de mediodía";"6009";"Seated Row (Cable)";"3";"54.884676770000006";"12";"";"";"";"";""
"32";"2024-01-20 12:06:34";"Entrenamiento de mediodía";"6009";"Seated Row (Cable)";"4";"64.86370891";"6";"";"";"";"";""
"32";"2024-01-20 12:06:34";"Entrenamiento de mediodía";"6009";"Chest Dip";"1";"0.0";"10";"";"";"";"";""
"32";"2024-01-20 12:06:34";"Entrenamiento de mediodía";"6009";"Chest Dip";"2";"0.0";"8";"";"";"";"";""
"32";"2024-01-20 12:06:34";"Entrenamiento de mediodía";"6009";"Chest Dip";"3";"0.0";"8";"";"";"";"";""
"32";"2024-01-20 12:06:34";"Entrenamiento de mediodía";"6009";"Chest Dip";"4";"0.0";"6";"";"";"";"";""
"32";"2024-01-20 12:06:34";"Entrenamiento de mediodía";"6009";"Bent Over One Arm Row (Dumbbell)";"1";"18.143694800000002";"12";"";"";"";"";""
"32";"2024-01-20 12:06:34";"Entrenamiento de mediodía";"6009";"Bent Over One Arm Row (Dumbbell)";"2";"18.143694800000002";"12";"";"";"";"";""
"32";"2024-01-20 12:06:34";"Entrenamiento de mediodía";"6009";"Bent Over One Arm Row (Dumbbell)";"3";"18.143694800000002";"10";"";"";"";"";""
"32";"2024-01-20 12:06:34";"Entrenamiento de mediodía";"6009";"Bent Over One Arm Row (Dumbbell)";"4";"18.143694800000002";"10";"";"";"";"";""
"32";"2024-01-20 12:06:34";"Entrenamiento de mediodía";"6009";"Push Up";"1";"0.0";"10";"";"";"";"";""
"32";"2024-01-20 12:06:34";"Entrenamiento de mediodía";"6009";"Push Up";"2";"0.0";"6";"";"";"";"";""
"33";"2024-01-30 20:51:17";"Hombro";"3351";"Overhead Press (Barbell)";"1";"43.09127515";"8";"";"";"";"";""
"33";"2024-01-30 20:51:17";"Hombro";"3351";"Overhead Press (Barbell)";"2";"43.09127515";"8";"";"";"";"";""
"33";"2024-01-30 20:51:17";"Hombro";"3351";"Overhead Press (Barbell)";"3";"43.09127515";"6";"";"";"";"";""
"33";"2024-01-30 20:51:17";"Hombro";"3351";"Overhead Press (Barbell)";"4";"43.09127515";"6";"";"";"";"";""
"33";"2024-01-30 20:51:17";"Hombro";"3351";"Arnold Press (Dumbbell)";"1";"13.6077711";"6";"";"";"";"";""
"33";"2024-01-30 20:51:17";"Hombro";"3351";"Arnold Press (Dumbbell)";"2";"13.6077711";"8";"";"";"";"";""
"33";"2024-01-30 20:51:17";"Hombro";"3351";"Arnold Press (Dumbbell)";"3";"13.6077711";"8";"";"";"";"";""
"33";"2024-01-30 20:51:17";"Hombro";"3351";"Arnold Press (Dumbbell)";"4";"13.6077711";"8";"";"";"";"";""
"33";"2024-01-30 20:51:17";"Hombro";"3351";"Lateral Raise (Cable)";"1";"4.9895160700000005";"8";"";"";"";"";""
"33";"2024-01-30 20:51:17";"Hombro";"3351";"Lateral Raise (Cable)";"2";"4.9895160700000005";"8";"";"";"";"";""
"33";"2024-01-30 20:51:17";"Hombro";"3351";"Lateral Raise (Cable)";"3";"4.9895160700000005";"8";"";"";"";"";""
"33";"2024-01-30 20:51:17";"Hombro";"3351";"Lateral Raise (Cable)";"4";"4.9895160700000005";"8";"";"";"";"";""
"33";"2024-01-30 20:51:17";"Hombro";"3351";"Backward Raise";"1";"6.80388555";"10";"";"";"";"";""
"33";"2024-01-30 20:51:17";"Hombro";"3351";"Backward Raise";"2";"6.80388555";"12";"";"";"";"";""
"33";"2024-01-30 20:51:17";"Hombro";"3351";"Backward Raise";"3";"6.80388555";"12";"";"";"";"";""
"33";"2024-01-30 20:51:17";"Hombro";"3351";"Backward Raise";"4";"6.80388555";"12";"";"";"";"";""
"34";"2024-02-02 18:48:50";"Entrenamiento por la tarde noche";"3708";"Bench Press (Barbell)";"1";"61.23496995";"12";"";"";"";"";""
"34";"2024-02-02 18:48:50";"Entrenamiento por la tarde noche";"3708";"Bench Press (Barbell)";"2";"61.23496995";"9";"";"";"";"";""
"34";"2024-02-02 18:48:50";"Entrenamiento por la tarde noche";"3708";"Bench Press (Barbell)";"3";"61.23496995";"8";"";"";"";"";""
"34";"2024-02-02 18:48:50";"Entrenamiento por la tarde noche";"3708";"Bench Press (Barbell)";"4";"61.23496995";"8";"";"";"";"";""
"34";"2024-02-02 18:48:50";"Entrenamiento por la tarde noche";"3708";"Cable Crossover";"1";"14.968548210000002";"10";"";"";"";"";""
"34";"2024-02-02 18:48:50";"Entrenamiento por la tarde noche";"3708";"Cable Crossover";"2";"14.968548210000002";"8";"";"";"";"";""
"34";"2024-02-02 18:48:50";"Entrenamiento por la tarde noche";"3708";"Cable Crossover";"3";"12.473790175000001";"8";"";"";"";"";""
"34";"2024-02-02 18:48:50";"Entrenamiento por la tarde noche";"3708";"Cable Crossover";"4";"12.473790175000001";"8";"";"";"";"";""
"34";"2024-02-02 18:48:50";"Entrenamiento por la tarde noche";"3708";"Triceps Extension";"1";"22.452822315000002";"10";"";"";"";"";""
"34";"2024-02-02 18:48:50";"Entrenamiento por la tarde noche";"3708";"Triceps Extension";"2";"19.958064280000002";"8";"";"";"";"";""
"34";"2024-02-02 18:48:50";"Entrenamiento por la tarde noche";"3708";"Triceps Extension";"3";"19.958064280000002";"8";"";"";"";"";""
"34";"2024-02-02 18:48:50";"Entrenamiento por la tarde noche";"3708";"Triceps Extension";"4";"19.958064280000002";"8";"";"";"";"";""
"34";"2024-02-02 18:48:50";"Entrenamiento por la tarde noche";"3708";"Triceps Extension (Cable)";"1";"17.463306245000002";"12";"";"";"";"";""
"34";"2024-02-02 18:48:50";"Entrenamiento por la tarde noche";"3708";"Triceps Extension (Cable)";"2";"17.463306245000002";"6";"";"";"";"";""
"34";"2024-02-02 18:48:50";"Entrenamiento por la tarde noche";"3708";"Triceps Extension (Cable)";"3";"14.968548210000002";"7";"";"";"";"";""
"34";"2024-02-02 18:48:50";"Entrenamiento por la tarde noche";"3708";"Triceps Extension (Cable)";"4";"14.968548210000002";"8";"";"";"";"";""
"34";"2024-02-02 18:48:50";"Entrenamiento por la tarde noche";"3708";"Bicep Curl (Barbell)";"1";"22.6796185";"12";"";"";"";"";""
"34";"2024-02-02 18:48:50";"Entrenamiento por la tarde noche";"3708";"Bicep Curl (Barbell)";"2";"22.6796185";"10";"";"";"";"";""
"34";"2024-02-02 18:48:50";"Entrenamiento por la tarde noche";"3708";"Bicep Curl (Barbell)";"3";"22.6796185";"9";"";"";"";"";""
"34";"2024-02-02 18:48:50";"Entrenamiento por la tarde noche";"3708";"Bicep Curl (Barbell)";"4";"22.6796185";"8";"";"";"";"";""
"35";"2024-02-06 18:45:43";"Entrenamiento por la tarde noche";"3611";"Incline Bench Press (Barbell)";"1";"52.163122550000004";"14";"";"";"";"";""
"35";"2024-02-06 18:45:43";"Entrenamiento por la tarde noche";"3611";"Incline Bench Press (Barbell)";"2";"52.163122550000004";"10";"";"";"";"";""
"35";"2024-02-06 18:45:43";"Entrenamiento por la tarde noche";"3611";"Incline Bench Press (Barbell)";"3";"52.163122550000004";"10";"";"";"";"";""
"35";"2024-02-06 18:45:43";"Entrenamiento por la tarde noche";"3611";"Incline Bench Press (Barbell)";"4";"52.163122550000004";"8";"";"";"";"";""
"35";"2024-02-06 18:45:43";"Entrenamiento por la tarde noche";"3611";"Chest Dip";"1";"0.0";"8";"";"";"";"";""
"35";"2024-02-06 18:45:43";"Entrenamiento por la tarde noche";"3611";"Chest Dip";"2";"0.0";"8";"";"";"";"";""
"35";"2024-02-06 18:45:43";"Entrenamiento por la tarde noche";"3611";"Chest Dip";"3";"0.0";"8";"";"";"";"";""
"35";"2024-02-06 18:45:43";"Entrenamiento por la tarde noche";"3611";"Chest Dip";"4";"0.0";"8";"";"";"";"";""
"35";"2024-02-06 18:45:43";"Entrenamiento por la tarde noche";"3611";"Bicep Curl (Barbell)";"1";"22.6796185";"12";"";"";"";"";""
"35";"2024-02-06 18:45:43";"Entrenamiento por la tarde noche";"3611";"Bicep Curl (Barbell)";"2";"22.6796185";"12";"";"";"";"";""
"35";"2024-02-06 18:45:43";"Entrenamiento por la tarde noche";"3611";"Bicep Curl (Barbell)";"3";"22.6796185";"9";"";"";"";"";""
"35";"2024-02-06 18:45:43";"Entrenamiento por la tarde noche";"3611";"Bicep Curl (Barbell)";"4";"22.6796185";"7";"";"";"";"";""
"35";"2024-02-06 18:45:43";"Entrenamiento por la tarde noche";"3611";"Seated Row (Cable)";"1";"57.152638620000005";"10";"";"";"";"";""
"35";"2024-02-06 18:45:43";"Entrenamiento por la tarde noche";"3611";"Seated Row (Cable)";"2";"57.152638620000005";"9";"";"";"";"";""
"35";"2024-02-06 18:45:43";"Entrenamiento por la tarde noche";"3611";"Seated Row (Cable)";"3";"54.884676770000006";"8";"";"";"";"";""
"35";"2024-02-06 18:45:43";"Entrenamiento por la tarde noche";"3611";"Seated Row (Cable)";"4";"54.884676770000006";"8";"";"";"";"";""
"36";"2024-02-13 20:55:39";"Entrenamiento por la tarde noche";"2264";"Pull Up";"1";"0.0";"10";"";"";"";"";""
"36";"2024-02-13 20:55:39";"Entrenamiento por la tarde noche";"2264";"Pull Up";"2";"0.0";"6";"";"";"";"";""
"36";"2024-02-13 20:55:39";"Entrenamiento por la tarde noche";"2264";"Pull Up";"3";"0.0";"6";"";"";"";"";""
"36";"2024-02-13 20:55:39";"Entrenamiento por la tarde noche";"2264";"Pull Up";"4";"0.0";"4";"";"";"";"";""
"36";"2024-02-13 20:55:39";"Entrenamiento por la tarde noche";"2264";"Triceps Extension (Cable)";"1";"17.463306245000002";"12";"";"";"";"";""
"36";"2024-02-13 20:55:39";"Entrenamiento por la tarde noche";"2264";"Triceps Extension (Cable)";"2";"17.463306245000002";"9";"";"";"";"";""
"36";"2024-02-13 20:55:39";"Entrenamiento por la tarde noche";"2264";"Triceps Extension (Cable)";"3";"17.463306245000002";"8";"";"";"";"";""
"36";"2024-02-13 20:55:39";"Entrenamiento por la tarde noche";"2264";"Triceps Extension (Cable)";"4";"14.968548210000002";"8";"";"";"";"";""
"36";"2024-02-13 20:55:39";"Entrenamiento por la tarde noche";"2264";"Bent Over One Arm Row (Dumbbell)";"1";"22.6796185";"12";"";"";"";"";""
"36";"2024-02-13 20:55:39";"Entrenamiento por la tarde noche";"2264";"Bent Over One Arm Row (Dumbbell)";"2";"22.6796185";"10";"";"";"";"";""
"37";"2024-02-16 19:06:03";"Entrenamiento por la tarde noche";"2620";"Front Raise (Dumbbell)";"1";"6.80388555";"12";"";"";"";"";""
"37";"2024-02-16 19:06:03";"Entrenamiento por la tarde noche";"2620";"Front Raise (Dumbbell)";"2";"6.80388555";"12";"";"";"";"";""
"37";"2024-02-16 19:06:03";"Entrenamiento por la tarde noche";"2620";"Front Raise (Dumbbell)";"3";"6.80388555";"12";"";"";"";"";""
"37";"2024-02-16 19:06:03";"Entrenamiento por la tarde noche";"2620";"Front Raise (Dumbbell)";"4";"6.80388555";"12";"";"";"";"";""
"37";"2024-02-16 19:06:03";"Entrenamiento por la tarde noche";"2620";"Lateral Raise (Dumbbell)";"1";"6.80388555";"12";"";"";"";"";""
"37";"2024-02-16 19:06:03";"Entrenamiento por la tarde noche";"2620";"Lateral Raise (Dumbbell)";"2";"6.80388555";"12";"";"";"";"";""
"37";"2024-02-16 19:06:03";"Entrenamiento por la tarde noche";"2620";"Lateral Raise (Dumbbell)";"3";"6.80388555";"12";"";"";"";"";""
"37";"2024-02-16 19:06:03";"Entrenamiento por la tarde noche";"2620";"Lateral Raise (Dumbbell)";"4";"6.80388555";"8";"";"";"";"";""
"37";"2024-02-16 19:06:03";"Entrenamiento por la tarde noche";"2620";"Reverse Fly (Dumbbell)";"1";"6.80388555";"12";"";"";"";"";""
"37";"2024-02-16 19:06:03";"Entrenamiento por la tarde noche";"2620";"Reverse Fly (Dumbbell)";"2";"6.80388555";"12";"";"";"";"";""
"37";"2024-02-16 19:06:03";"Entrenamiento por la tarde noche";"2620";"Reverse Fly (Dumbbell)";"3";"6.80388555";"12";"";"";"";"";""
"37";"2024-02-16 19:06:03";"Entrenamiento por la tarde noche";"2620";"Reverse Fly (Dumbbell)";"4";"6.80388555";"12";"";"";"";"";""
"37";"2024-02-16 19:06:03";"Entrenamiento por la tarde noche";"2620";"Skullcrusher (Barbell)";"1";"13.6077711";"12";"";"";"";"";""
"37";"2024-02-16 19:06:03";"Entrenamiento por la tarde noche";"2620";"Skullcrusher (Barbell)";"2";"13.6077711";"12";"";"";"";"";""
"37";"2024-02-16 19:06:03";"Entrenamiento por la tarde noche";"2620";"Skullcrusher (Barbell)";"3";"13.6077711";"12";"";"";"";"";""
"37";"2024-02-16 19:06:03";"Entrenamiento por la tarde noche";"2620";"Skullcrusher (Barbell)";"4";"13.6077711";"12";"";"";"";"";""
"37";"2024-02-16 19:06:03";"Entrenamiento por la tarde noche";"2620";"Hammer Curl (Dumbbell)";"1";"13.6077711";"10";"";"";"";"";""
"37";"2024-02-16 19:06:03";"Entrenamiento por la tarde noche";"2620";"Hammer Curl (Dumbbell)";"2";"13.6077711";"10";"";"";"";"";""
"37";"2024-02-16 19:06:03";"Entrenamiento por la tarde noche";"2620";"Hammer Curl (Dumbbell)";"3";"11.33980925";"12";"";"";"";"";""
"37";"2024-02-16 19:06:03";"Entrenamiento por la tarde noche";"2620";"Hammer Curl (Dumbbell)";"4";"11.33980925";"12";"";"";"";"";""
"38";"2024-02-20 20:31:58";"Entrenamiento por la tarde noche";"3555";"Bench Press (Barbell)";"1";"61.23496995";"15";"";"";"";"";""
"38";"2024-02-20 20:31:58";"Entrenamiento por la tarde noche";"3555";"Bench Press (Barbell)";"2";"70.30681735";"8";"";"";"";"";""
"38";"2024-02-20 20:31:58";"Entrenamiento por la tarde noche";"3555";"Bench Press (Barbell)";"3";"70.30681735";"8";"";"";"";"";""
"38";"2024-02-20 20:31:58";"Entrenamiento por la tarde noche";"3555";"Bench Press (Barbell)";"4";"70.30681735";"5";"";"";"";"";""
"38";"2024-02-20 20:31:58";"Entrenamiento por la tarde noche";"3555";"Bicep Curl (Barbell)";"1";"22.6796185";"12";"";"";"";"";""
"38";"2024-02-20 20:31:58";"Entrenamiento por la tarde noche";"3555";"Bicep Curl (Barbell)";"2";"22.6796185";"12";"";"";"";"";""
"38";"2024-02-20 20:31:58";"Entrenamiento por la tarde noche";"3555";"Bicep Curl (Barbell)";"3";"22.6796185";"8";"";"";"";"";""
"38";"2024-02-20 20:31:58";"Entrenamiento por la tarde noche";"3555";"Bicep Curl (Barbell)";"4";"22.6796185";"6";"";"";"";"";""
"38";"2024-02-20 20:31:58";"Entrenamiento por la tarde noche";"3555";"Triceps Extension (Cable)";"1";"17.463306245000002";"15";"";"";"";"";""
"38";"2024-02-20 20:31:58";"Entrenamiento por la tarde noche";"3555";"Triceps Extension (Cable)";"2";"17.463306245000002";"8";"";"";"";"";""
"38";"2024-02-20 20:31:58";"Entrenamiento por la tarde noche";"3555";"Triceps Extension (Cable)";"3";"14.968548210000002";"8";"";"";"";"";""
"38";"2024-02-20 20:31:58";"Entrenamiento por la tarde noche";"3555";"Triceps Extension (Cable)";"4";"14.968548210000002";"6";"";"";"";"";""
"38";"2024-02-20 20:31:58";"Entrenamiento por la tarde noche";"3555";"Cable Crossover";"1";"14.968548210000002";"12";"";"";"";"";""
"38";"2024-02-20 20:31:58";"Entrenamiento por la tarde noche";"3555";"Cable Crossover";"2";"14.968548210000002";"10";"";"";"";"";""
"38";"2024-02-20 20:31:58";"Entrenamiento por la tarde noche";"3555";"Cable Crossover";"3";"14.968548210000002";"7";"";"";"";"";""
"38";"2024-02-20 20:31:58";"Entrenamiento por la tarde noche";"3555";"Cable Crossover";"4";"12.473790175000001";"9";"";"";"";"";""
"38";"2024-02-20 20:31:58";"Entrenamiento por la tarde noche";"3555";"Seated Overhead Press (Dumbbell)";"1";"13.6077711";"12";"";"";"";"";""
"38";"2024-02-20 20:31:58";"Entrenamiento por la tarde noche";"3555";"Seated Overhead Press (Dumbbell)";"2";"13.6077711";"10";"";"";"";"";""
"38";"2024-02-20 20:31:58";"Entrenamiento por la tarde noche";"3555";"Seated Overhead Press (Dumbbell)";"3";"13.6077711";"10";"";"";"";"";""
"38";"2024-02-20 20:31:58";"Entrenamiento por la tarde noche";"3555";"Seated Overhead Press (Dumbbell)";"4";"13.6077711";"10";"";"";"";"";""
"39";"2024-02-21 19:37:33";"Entrenamiento por la tarde noche";"2908";"Pull Up";"1";"0.0";"8";"";"";"";"";""
"39";"2024-02-21 19:37:33";"Entrenamiento por la tarde noche";"2908";"Pull Up";"2";"0.0";"6";"";"";"";"";""
"39";"2024-02-21 19:37:33";"Entrenamiento por la tarde noche";"2908";"Pull Up";"3";"0.0";"5";"";"";"";"";""
"39";"2024-02-21 19:37:33";"Entrenamiento por la tarde noche";"2908";"Pull Up";"4";"0.0";"5";"";"";"";"";""
"39";"2024-02-21 19:37:33";"Entrenamiento por la tarde noche";"2908";"Chest Dip";"1";"0.0";"12";"";"";"";"";""
"39";"2024-02-21 19:37:33";"Entrenamiento por la tarde noche";"2908";"Chest Dip";"2";"0.0";"10";"";"";"";"";""
"39";"2024-02-21 19:37:33";"Entrenamiento por la tarde noche";"2908";"Chest Dip";"3";"0.0";"9";"";"";"";"";""
"39";"2024-02-21 19:37:33";"Entrenamiento por la tarde noche";"2908";"Chest Dip";"4";"0.0";"8";"";"";"";"";""
"39";"2024-02-21 19:37:33";"Entrenamiento por la tarde noche";"2908";"Straight Pulldown ";"1";"22.452822315000002";"12";"";"";"";"";""
"39";"2024-02-21 19:37:33";"Entrenamiento por la tarde noche";"2908";"Straight Pulldown ";"2";"24.947580350000003";"10";"";"";"";"";""
"39";"2024-02-21 19:37:33";"Entrenamiento por la tarde noche";"2908";"Straight Pulldown ";"3";"24.947580350000003";"12";"";"";"";"";""
"39";"2024-02-21 19:37:33";"Entrenamiento por la tarde noche";"2908";"Straight Pulldown ";"4";"27.442338385000003";"9";"";"";"";"";""
"39";"2024-02-21 19:37:33";"Entrenamiento por la tarde noche";"2908";"Bicep Curl (Cable)";"1";"14.968548210000002";"12";"";"";"";"";""
"39";"2024-02-21 19:37:33";"Entrenamiento por la tarde noche";"2908";"Bicep Curl (Cable)";"2";"17.463306245000002";"9";"";"";"";"";""
"39";"2024-02-21 19:37:33";"Entrenamiento por la tarde noche";"2908";"Bicep Curl (Cable)";"3";"19.958064280000002";"7";"";"";"";"";""
"39";"2024-02-21 19:37:33";"Entrenamiento por la tarde noche";"2908";"Bicep Curl (Cable)";"4";"17.463306245000002";"9";"";"";"";"";""
"39";"2024-02-21 19:37:33";"Entrenamiento por la tarde noche";"2908";"Seated Wide-Grip Row (Cable)";"1";"39.916128560000004";"12";"";"";"";"";""
"39";"2024-02-21 19:37:33";"Entrenamiento por la tarde noche";"2908";"Seated Wide-Grip Row (Cable)";"2";"44.905644630000005";"10";"";"";"";"";""
"39";"2024-02-21 19:37:33";"Entrenamiento por la tarde noche";"2908";"Seated Wide-Grip Row (Cable)";"3";"44.905644630000005";"8";"";"";"";"";""
"39";"2024-02-21 19:37:33";"Entrenamiento por la tarde noche";"2908";"Toes To Bar";"1";"";"6";"";"";"";"";""
"39";"2024-02-21 19:37:33";"Entrenamiento por la tarde noche";"2908";"Toes To Bar";"2";"";"6";"";"";"";"";""
"39";"2024-02-21 19:37:33";"Entrenamiento por la tarde noche";"2908";"Toes To Bar";"3";"";"4";"";"";"";"";""
"40";"2024-02-24 13:58:36";"Entrenamiento de mediodía";"3706";"Reverse Fly (Cable)";"1";"7.484274105000001";"8";"";"";"";"";""
"40";"2024-02-24 13:58:36";"Entrenamiento de mediodía";"3706";"Reverse Fly (Cable)";"2";"7.484274105000001";"8";"";"";"";"";""
"40";"2024-02-24 13:58:36";"Entrenamiento de mediodía";"3706";"Reverse Fly (Cable)";"3";"7.484274105000001";"8";"";"";"";"";""
"40";"2024-02-24 13:58:36";"Entrenamiento de mediodía";"3706";"Reverse Fly (Cable)";"4";"7.484274105000001";"8";"";"";"";"";""
"40";"2024-02-24 13:58:36";"Entrenamiento de mediodía";"3706";"Lateral Raise (Cable)";"1";"7.484274105000001";"8";"";"";"";"";""
"40";"2024-02-24 13:58:36";"Entrenamiento de mediodía";"3706";"Lateral Raise (Cable)";"2";"7.484274105000001";"8";"";"";"";"";""
"40";"2024-02-24 13:58:36";"Entrenamiento de mediodía";"3706";"Lateral Raise (Cable)";"3";"7.484274105000001";"8";"";"";"";"";""
"40";"2024-02-24 13:58:36";"Entrenamiento de mediodía";"3706";"Lateral Raise (Cable)";"4";"7.484274105000001";"8";"";"";"";"";""
"40";"2024-02-24 13:58:36";"Entrenamiento de mediodía";"3706";"Bicep Curl (Cable)";"1";"17.463306245000002";"13";"";"";"";"";""
"40";"2024-02-24 13:58:36";"Entrenamiento de mediodía";"3706";"Bicep Curl (Cable)";"2";"19.958064280000002";"10";"";"";"";"";""
"40";"2024-02-24 13:58:36";"Entrenamiento de mediodía";"3706";"Bicep Curl (Cable)";"3";"19.958064280000002";"10";"";"";"";"";""
"40";"2024-02-24 13:58:36";"Entrenamiento de mediodía";"3706";"Bicep Curl (Cable)";"4";"19.958064280000002";"8";"";"";"";"";""
"40";"2024-02-24 13:58:36";"Entrenamiento de mediodía";"3706";"Cable Kickback";"1";"4.9895160700000005";"13";"";"";"";"";""
"40";"2024-02-24 13:58:36";"Entrenamiento de mediodía";"3706";"Cable Kickback";"2";"4.9895160700000005";"10";"";"";"";"";""
"40";"2024-02-24 13:58:36";"Entrenamiento de mediodía";"3706";"Cable Kickback";"3";"7.484274105000001";"8";"";"";"";"";""
"40";"2024-02-24 13:58:36";"Entrenamiento de mediodía";"3706";"Cable Kickback";"4";"4.9895160700000005";"10";"";"";"";"";""
"40";"2024-02-24 13:58:36";"Entrenamiento de mediodía";"3706";"Overhead Cable Curl";"1";"9.979032140000001";"10";"";"";"";"";""
"40";"2024-02-24 13:58:36";"Entrenamiento de mediodía";"3706";"Overhead Cable Curl";"2";"9.979032140000001";"8";"";"";"";"";""
"40";"2024-02-24 13:58:36";"Entrenamiento de mediodía";"3706";"Overhead Cable Curl";"3";"9.979032140000001";"6";"";"";"";"";""
"40";"2024-02-24 13:58:36";"Entrenamiento de mediodía";"3706";"Overhead Cable Curl";"4";"9.979032140000001";"6";"";"";"";"";""
"40";"2024-02-24 13:58:36";"Entrenamiento de mediodía";"3706";"Skullcrusher (Barbell)";"1";"18.143694800000002";"10";"";"";"";"";""
"40";"2024-02-24 13:58:36";"Entrenamiento de mediodía";"3706";"Skullcrusher (Barbell)";"2";"18.143694800000002";"10";"";"";"";"";""
"40";"2024-02-24 13:58:36";"Entrenamiento de mediodía";"3706";"Skullcrusher (Barbell)";"3";"18.143694800000002";"12";"";"";"";"";""
"40";"2024-02-24 13:58:36";"Entrenamiento de mediodía";"3706";"Skullcrusher (Barbell)";"4";"18.143694800000002";"8";"";"";"";"";""
"40";"2024-02-24 13:58:36";"Entrenamiento de mediodía";"3706";"Bicep Curl (Barbell)";"1";"18.143694800000002";"6";"";"";"";"";""
"40";"2024-02-24 13:58:36";"Entrenamiento de mediodía";"3706";"Bicep Curl (Barbell)";"2";"18.143694800000002";"8";"";"";"";"";""
"40";"2024-02-24 13:58:36";"Entrenamiento de mediodía";"3706";"Bicep Curl (Barbell)";"3";"18.143694800000002";"6";"";"";"";"";""
"40";"2024-02-24 13:58:36";"Entrenamiento de mediodía";"3706";"Bicep Curl (Barbell)";"4";"18.143694800000002";"6";"";"";"";"";""
"41";"2024-02-26 20:48:04";"Entrenamiento por la tarde noche";"3707";"Squat (Barbell)";"1";"61.23496995";"10";"";"";"";"";""
"41";"2024-02-26 20:48:04";"Entrenamiento por la tarde noche";"3707";"Squat (Barbell)";"2";"61.23496995";"8";"";"";"";"";""
"41";"2024-02-26 20:48:04";"Entrenamiento por la tarde noche";"3707";"Squat (Barbell)";"3";"61.23496995";"8";"";"";"";"";""
"41";"2024-02-26 20:48:04";"Entrenamiento por la tarde noche";"3707";"Squat (Barbell)";"4";"61.23496995";"8";"";"";"";"";""
"41";"2024-02-26 20:48:04";"Entrenamiento por la tarde noche";"3707";"Squat (Barbell)";"5";"61.23496995";"6";"";"";"";"";""
"41";"2024-02-26 20:48:04";"Entrenamiento por la tarde noche";"3707";"Seated Calf Raise (Plate Loaded)";"1";"24.947580350000003";"14";"";"";"";"";""
"41";"2024-02-26 20:48:04";"Entrenamiento por la tarde noche";"3707";"Seated Calf Raise (Plate Loaded)";"2";"29.48350405";"12";"";"";"";"";""
"41";"2024-02-26 20:48:04";"Entrenamiento por la tarde noche";"3707";"Seated Calf Raise (Plate Loaded)";"3";"34.01942775";"10";"";"";"";"";""
"41";"2024-02-26 20:48:04";"Entrenamiento por la tarde noche";"3707";"Seated Calf Raise (Plate Loaded)";"4";"34.01942775";"12";"";"";"";"";""
"41";"2024-02-26 20:48:04";"Entrenamiento por la tarde noche";"3707";"Seated Calf Raise (Plate Loaded)";"5";"34.01942775";"14";"";"";"";"";""
"41";"2024-02-26 20:48:04";"Entrenamiento por la tarde noche";"3707";"Leg Press";"1";"102.05828325";"10";"";"";"";"";""
"41";"2024-02-26 20:48:04";"Entrenamiento por la tarde noche";"3707";"Leg Press";"2";"102.05828325";"10";"";"";"";"";""
"41";"2024-02-26 20:48:04";"Entrenamiento por la tarde noche";"3707";"Leg Press";"3";"102.05828325";"10";"";"";"";"";""
"41";"2024-02-26 20:48:04";"Entrenamiento por la tarde noche";"3707";"Leg Press";"4";"102.05828325";"8";"";"";"";"";""
"41";"2024-02-26 20:48:04";"Entrenamiento por la tarde noche";"3707";"Leg Press";"5";"102.05828325";"8";"";"";"";"";""
"42";"2024-03-01 17:31:57";"Entrenamiento por la tarde";"5683";"Squat (Barbell)";"1";"61.23496995";"10";"";"";"";"";""
"42";"2024-03-01 17:31:57";"Entrenamiento por la tarde";"5683";"Squat (Barbell)";"2";"61.23496995";"8";"";"";"";"";""
"42";"2024-03-01 17:31:57";"Entrenamiento por la tarde";"5683";"Squat (Barbell)";"3";"61.23496995";"8";"";"";"";"";""
"42";"2024-03-01 17:31:57";"Entrenamiento por la tarde";"5683";"Squat (Barbell)";"4";"61.23496995";"7";"";"";"";"";""
"42";"2024-03-01 17:31:57";"Entrenamiento por la tarde";"5683";"Squat (Barbell)";"5";"61.23496995";"6";"";"";"";"";""
"42";"2024-03-01 17:31:57";"Entrenamiento por la tarde";"5683";"Deadlift (Barbell)";"1";"61.23496995";"12";"";"";"";"";""
"42";"2024-03-01 17:31:57";"Entrenamiento por la tarde";"5683";"Deadlift (Barbell)";"2";"61.23496995";"12";"";"";"";"";""
"42";"2024-03-01 17:31:57";"Entrenamiento por la tarde";"5683";"Deadlift (Barbell)";"3";"70.30681735";"10";"";"";"";"";""
"42";"2024-03-01 17:31:57";"Entrenamiento por la tarde";"5683";"Deadlift (Barbell)";"4";"70.30681735";"10";"";"";"";"";""
"42";"2024-03-01 17:31:57";"Entrenamiento por la tarde";"5683";"Deadlift (Barbell)";"5";"61.23496995";"8";"";"";"";"";""
"42";"2024-03-01 17:31:57";"Entrenamiento por la tarde";"5683";"Bulgarian Split Squat";"1";"13.6077711";"4";"";"";"";"";""
"42";"2024-03-01 17:31:57";"Entrenamiento por la tarde";"5683";"Bulgarian Split Squat";"2";"13.6077711";"5";"";"";"";"";""
"42";"2024-03-01 17:31:57";"Entrenamiento por la tarde";"5683";"Bulgarian Split Squat";"3";"13.6077711";"6";"";"";"";"";""
"42";"2024-03-01 17:31:57";"Entrenamiento por la tarde";"5683";"Toes To Bar";"1";"";"6";"";"";"";"";""
"42";"2024-03-01 17:31:57";"Entrenamiento por la tarde";"5683";"Toes To Bar";"2";"";"5";"";"";"";"";""
"42";"2024-03-01 17:31:57";"Entrenamiento por la tarde";"5683";"Toes To Bar";"3";"";"7";"";"";"";"";""
"42";"2024-03-01 17:31:57";"Entrenamiento por la tarde";"5683";"Toes To Bar";"4";"";"5";"";"";"";"";""
"43";"2024-03-06 19:18:03";"Entrenamiento por la tarde noche";"2516";"Bench Press (Barbell)";"1";"61.23496995";"12";"";"";"";"";""
"43";"2024-03-06 19:18:03";"Entrenamiento por la tarde noche";"2516";"Bench Press (Barbell)";"2";"61.23496995";"12";"";"";"";"";""
"43";"2024-03-06 19:18:03";"Entrenamiento por la tarde noche";"2516";"Bench Press (Barbell)";"3";"61.23496995";"12";"";"";"";"";""
"43";"2024-03-06 19:18:03";"Entrenamiento por la tarde noche";"2516";"Bench Press (Barbell)";"4";"61.23496995";"8";"";"";"";"";""
"43";"2024-03-06 19:18:03";"Entrenamiento por la tarde noche";"2516";"Bicep Curl (Barbell)";"1";"22.6796185";"8";"";"";"";"";""
"43";"2024-03-06 19:18:03";"Entrenamiento por la tarde noche";"2516";"Bicep Curl (Barbell)";"2";"22.6796185";"8";"";"";"";"";""
"43";"2024-03-06 19:18:03";"Entrenamiento por la tarde noche";"2516";"Bicep Curl (Barbell)";"3";"22.6796185";"6";"";"";"";"";""
"43";"2024-03-06 19:18:03";"Entrenamiento por la tarde noche";"2516";"Bicep Curl (Barbell)";"4";"22.6796185";"6";"";"";"";"";""
"43";"2024-03-06 19:18:03";"Entrenamiento por la tarde noche";"2516";"Bicep Curl (Cable)";"1";"19.958064280000002";"5";"";"";"";"";""
"43";"2024-03-06 19:18:03";"Entrenamiento por la tarde noche";"2516";"Bicep Curl (Cable)";"2";"19.958064280000002";"5";"";"";"";"";""
"43";"2024-03-06 19:18:03";"Entrenamiento por la tarde noche";"2516";"Bicep Curl (Cable)";"3";"19.958064280000002";"5";"";"";"";"";""
"43";"2024-03-06 19:18:03";"Entrenamiento por la tarde noche";"2516";"Cable Kickback";"1";"4.9895160700000005";"10";"";"";"";"";""
"43";"2024-03-06 19:18:03";"Entrenamiento por la tarde noche";"2516";"Cable Kickback";"2";"4.9895160700000005";"7";"";"";"";"";""
"43";"2024-03-06 19:18:03";"Entrenamiento por la tarde noche";"2516";"Cable Kickback";"3";"4.9895160700000005";"6";"";"";"";"";""
"44";"2024-03-25 19:25:39";"Entrenamiento por la tarde noche";"3280";"Bench Press (Barbell)";"1";"61.23496995";"12";"";"";"";"";""
"44";"2024-03-25 19:25:39";"Entrenamiento por la tarde noche";"3280";"Bench Press (Barbell)";"2";"61.23496995";"10";"";"";"";"";""
"44";"2024-03-25 19:25:39";"Entrenamiento por la tarde noche";"3280";"Bench Press (Barbell)";"3";"61.23496995";"10";"";"";"";"";""
"44";"2024-03-25 19:25:39";"Entrenamiento por la tarde noche";"3280";"Bicep Curl (Barbell)";"1";"18.143694800000002";"12";"";"";"";"";""
"44";"2024-03-25 19:25:39";"Entrenamiento por la tarde noche";"3280";"Bicep Curl (Barbell)";"2";"18.143694800000002";"12";"";"";"";"";""
"44";"2024-03-25 19:25:39";"Entrenamiento por la tarde noche";"3280";"Bicep Curl (Barbell)";"3";"18.143694800000002";"12";"";"";"";"";""
"44";"2024-03-25 19:25:39";"Entrenamiento por la tarde noche";"3280";"Triceps Extension";"1";"17.463306245000002";"12";"";"";"";"";""
"44";"2024-03-25 19:25:39";"Entrenamiento por la tarde noche";"3280";"Triceps Extension";"2";"19.958064280000002";"10";"";"";"";"";""
"44";"2024-03-25 19:25:39";"Entrenamiento por la tarde noche";"3280";"Triceps Extension";"3";"19.958064280000002";"10";"";"";"";"";""
"44";"2024-03-25 19:25:39";"Entrenamiento por la tarde noche";"3280";"Bicep Curl (Cable)";"1";"17.463306245000002";"12";"";"";"";"";""
"44";"2024-03-25 19:25:39";"Entrenamiento por la tarde noche";"3280";"Bicep Curl (Cable)";"2";"19.958064280000002";"7";"";"";"";"";""
"44";"2024-03-25 19:25:39";"Entrenamiento por la tarde noche";"3280";"Bicep Curl (Cable)";"3";"17.463306245000002";"8";"";"";"";"";""
"44";"2024-03-25 19:25:39";"Entrenamiento por la tarde noche";"3280";"Incline Bench Press (Barbell)";"1";"43.09127515";"12";"";"";"";"";""
"44";"2024-03-25 19:25:39";"Entrenamiento por la tarde noche";"3280";"Incline Bench Press (Barbell)";"2";"43.09127515";"8";"";"";"";"";""
"44";"2024-03-25 19:25:39";"Entrenamiento por la tarde noche";"3280";"Triceps Extension (Cable)";"1";"17.463306245000002";"7";"";"";"";"";""
"44";"2024-03-25 19:25:39";"Entrenamiento por la tarde noche";"3280";"Triceps Extension (Cable)";"2";"14.968548210000002";"8";"";"";"";"";""
"44";"2024-03-25 19:25:39";"Entrenamiento por la tarde noche";"3280";"Triceps Extension (Cable)";"3";"14.968548210000002";"8";"";"";"";"";""
"45";"2024-03-28 18:54:08";"Entrenamiento por la tarde noche";"3554";"Front Squat (Barbell)";"1";"40.8233133";"10";"";"";"";"";""
"45";"2024-03-28 18:54:08";"Entrenamiento por la tarde noche";"3554";"Front Squat (Barbell)";"2";"49.895160700000005";"8";"";"";"";"";""
"45";"2024-03-28 18:54:08";"Entrenamiento por la tarde noche";"3554";"Front Squat (Barbell)";"3";"49.895160700000005";"10";"";"";"";"";""
"45";"2024-03-28 18:54:08";"Entrenamiento por la tarde noche";"3554";"Front Squat (Barbell)";"4";"61.23496995";"5";"";"";"";"";""
"45";"2024-03-28 18:54:08";"Entrenamiento por la tarde noche";"3554";"Leg Press";"1";"81.6466266";"15";"";"";"";"";""
"45";"2024-03-28 18:54:08";"Entrenamiento por la tarde noche";"3554";"Leg Press";"2";"102.05828325";"10";"";"";"";"";""
"45";"2024-03-28 18:54:08";"Entrenamiento por la tarde noche";"3554";"Leg Press";"3";"102.05828325";"10";"";"";"";"";""
"45";"2024-03-28 18:54:08";"Entrenamiento por la tarde noche";"3554";"Leg Press";"4";"102.05828325";"10";"";"";"";"";""
"45";"2024-03-28 18:54:08";"Entrenamiento por la tarde noche";"3554";"Deadlift (Barbell)";"1";"61.23496995";"10";"";"";"";"";""
"45";"2024-03-28 18:54:08";"Entrenamiento por la tarde noche";"3554";"Deadlift (Barbell)";"2";"81.6466266";"6";"";"";"";"";""
"45";"2024-03-28 18:54:08";"Entrenamiento por la tarde noche";"3554";"Deadlift (Barbell)";"3";"81.6466266";"12";"";"";"";"";""
"45";"2024-03-28 18:54:08";"Entrenamiento por la tarde noche";"3554";"Deadlift (Barbell)";"4";"81.6466266";"5";"";"";"";"";""
"46";"2024-04-07 13:33:00";"Entrenamiento de mediodía";"5003";"Bench Press (Barbell)";"1";"61.23496995";"12";"";"";"";"";""
"46";"2024-04-07 13:33:00";"Entrenamiento de mediodía";"5003";"Bench Press (Barbell)";"2";"61.23496995";"10";"";"";"";"";""
"46";"2024-04-07 13:33:00";"Entrenamiento de mediodía";"5003";"Bench Press (Barbell)";"3";"61.23496995";"10";"";"";"";"";""
"46";"2024-04-07 13:33:00";"Entrenamiento de mediodía";"5003";"Bench Press (Barbell)";"4";"61.23496995";"8";"";"";"";"";""
"46";"2024-04-07 13:33:00";"Entrenamiento de mediodía";"5003";"Bicep Curl (Barbell)";"1";"22.6796185";"10";"";"";"";"";""
"46";"2024-04-07 13:33:00";"Entrenamiento de mediodía";"5003";"Bicep Curl (Barbell)";"2";"22.6796185";"10";"";"";"";"";""
"46";"2024-04-07 13:33:00";"Entrenamiento de mediodía";"5003";"Bicep Curl (Barbell)";"3";"22.6796185";"8";"";"";"";"";""
"46";"2024-04-07 13:33:00";"Entrenamiento de mediodía";"5003";"Bicep Curl (Barbell)";"4";"22.6796185";"8";"";"";"";"";""
"46";"2024-04-07 13:33:00";"Entrenamiento de mediodía";"5003";"Chest Dip";"1";"0.0";"8";"";"";"";"";""
"46";"2024-04-07 13:33:00";"Entrenamiento de mediodía";"5003";"Chest Dip";"2";"0.0";"6";"";"";"";"";""
"46";"2024-04-07 13:33:00";"Entrenamiento de mediodía";"5003";"Chest Dip";"3";"0.0";"6";"";"";"";"";""
"46";"2024-04-07 13:33:00";"Entrenamiento de mediodía";"5003";"Chest Dip";"4";"0.0";"6";"";"";"";"";""
"46";"2024-04-07 13:33:00";"Entrenamiento de mediodía";"5003";"Knee Raise (Captain's Chair)";"1";"0.0";"8";"";"";"";"";""
"46";"2024-04-07 13:33:00";"Entrenamiento de mediodía";"5003";"Knee Raise (Captain's Chair)";"2";"0.0";"8";"";"";"";"";""
"46";"2024-04-07 13:33:00";"Entrenamiento de mediodía";"5003";"Knee Raise (Captain's Chair)";"3";"0.0";"4";"";"";"";"";""
"46";"2024-04-07 13:33:00";"Entrenamiento de mediodía";"5003";"Knee Raise (Captain's Chair)";"4";"0.0";"8";"";"";"";"";""
"46";"2024-04-07 13:33:00";"Entrenamiento de mediodía";"5003";"Cable Crossover";"1";"14.968548210000002";"9";"";"";"";"";""
"46";"2024-04-07 13:33:00";"Entrenamiento de mediodía";"5003";"Cable Crossover";"2";"14.968548210000002";"6";"";"";"";"";""
"46";"2024-04-07 13:33:00";"Entrenamiento de mediodía";"5003";"Cable Crossover";"3";"12.473790175000001";"10";"";"";"";"";""
"46";"2024-04-07 13:33:00";"Entrenamiento de mediodía";"5003";"Cable Crossover";"4";"12.473790175000001";"8";"";"";"";"";""
"46";"2024-04-07 13:33:00";"Entrenamiento de mediodía";"5003";"Torso Rotation (Cable)";"1";"4.9895160700000005";"10";"";"";"";"";""
"46";"2024-04-07 13:33:00";"Entrenamiento de mediodía";"5003";"Torso Rotation (Cable)";"2";"7.25747792";"12";"";"";"";"";""
"46";"2024-04-07 13:33:00";"Entrenamiento de mediodía";"5003";"Torso Rotation (Cable)";"3";"9.979032140000001";"10";"";"";"";"";""
"46";"2024-04-07 13:33:00";"Entrenamiento de mediodía";"5003";"Torso Rotation (Cable)";"4";"12.24699399";"8";"";"";"";"";""
"46";"2024-04-07 13:33:00";"Entrenamiento de mediodía";"5003";"Triceps Extension (Cable)";"1";"17.463306245000002";"10";"";"";"";"";""
"46";"2024-04-07 13:33:00";"Entrenamiento de mediodía";"5003";"Triceps Extension (Cable)";"2";"17.463306245000002";"7";"";"";"";"";""
"46";"2024-04-07 13:33:00";"Entrenamiento de mediodía";"5003";"Chin Up";"1";"0.0";"5";"";"";"";"";""
"46";"2024-04-07 13:33:00";"Entrenamiento de mediodía";"5003";"Chin Up";"2";"0.0";"5";"";"";"";"";""
"47";"2024-04-09 21:08:49";"Entrenamiento por la tarde noche";"2698";"Arnold Press (Dumbbell)";"1";"13.6077711";"12";"";"";"";"";""
"47";"2024-04-09 21:08:49";"Entrenamiento por la tarde noche";"2698";"Arnold Press (Dumbbell)";"2";"15.875732950000002";"10";"";"";"";"";""
"47";"2024-04-09 21:08:49";"Entrenamiento por la tarde noche";"2698";"Arnold Press (Dumbbell)";"3";"15.875732950000002";"10";"";"";"";"";""
"47";"2024-04-09 21:08:49";"Entrenamiento por la tarde noche";"2698";"Arnold Press (Dumbbell)";"4";"15.875732950000002";"8";"";"";"";"";""
"47";"2024-04-09 21:08:49";"Entrenamiento por la tarde noche";"2698";"Arnold Press (Dumbbell)";"5";"15.875732950000002";"6";"";"";"";"";""
"47";"2024-04-09 21:08:49";"Entrenamiento por la tarde noche";"2698";"Front Raise (Dumbbell)";"1";"9.071847400000001";"6";"";"";"";"";""
"47";"2024-04-09 21:08:49";"Entrenamiento por la tarde noche";"2698";"Front Raise (Dumbbell)";"2";"9.071847400000001";"4";"";"";"";"";""
"47";"2024-04-09 21:08:49";"Entrenamiento por la tarde noche";"2698";"Front Raise (Dumbbell)";"3";"6.80388555";"8";"";"";"";"";""
"47";"2024-04-09 21:08:49";"Entrenamiento por la tarde noche";"2698";"Front Raise (Dumbbell)";"4";"6.80388555";"7";"";"";"";"";""
"47";"2024-04-09 21:08:49";"Entrenamiento por la tarde noche";"2698";"Lateral Raise (Dumbbell)";"1";"9.071847400000001";"10";"";"";"";"";""
"47";"2024-04-09 21:08:49";"Entrenamiento por la tarde noche";"2698";"Lateral Raise (Dumbbell)";"2";"9.071847400000001";"10";"";"";"";"";""
"47";"2024-04-09 21:08:49";"Entrenamiento por la tarde noche";"2698";"Lateral Raise (Dumbbell)";"3";"9.071847400000001";"8";"";"";"";"";""
"47";"2024-04-09 21:08:49";"Entrenamiento por la tarde noche";"2698";"Lateral Raise (Dumbbell)";"4";"9.071847400000001";"8";"";"";"";"";""
"47";"2024-04-09 21:08:49";"Entrenamiento por la tarde noche";"2698";"Reverse Fly (Dumbbell)";"1";"9.071847400000001";"10";"";"";"";"";""
"47";"2024-04-09 21:08:49";"Entrenamiento por la tarde noche";"2698";"Reverse Fly (Dumbbell)";"2";"9.071847400000001";"10";"";"";"";"";""
"47";"2024-04-09 21:08:49";"Entrenamiento por la tarde noche";"2698";"Reverse Fly (Dumbbell)";"3";"9.071847400000001";"8";"";"";"";"";""
"47";"2024-04-09 21:08:49";"Entrenamiento por la tarde noche";"2698";"Reverse Fly (Dumbbell)";"4";"9.071847400000001";"10";"";"";"";"";""
"47";"2024-04-09 21:08:49";"Entrenamiento por la tarde noche";"2698";"Face Pull (Cable)";"1";"14.968548210000002";"8";"";"";"";"";""
"47";"2024-04-09 21:08:49";"Entrenamiento por la tarde noche";"2698";"Face Pull (Cable)";"2";"14.968548210000002";"10";"";"";"";"";""
"47";"2024-04-09 21:08:49";"Entrenamiento por la tarde noche";"2698";"Face Pull (Cable)";"3";"17.463306245000002";"6";"";"";"";"";""
"47";"2024-04-09 21:08:49";"Entrenamiento por la tarde noche";"2698";"Face Pull (Cable)";"4";"17.463306245000002";"6";"";"";"";"";""
"48";"2024-04-12 19:01:32";"Entrenamiento por la tarde noche";"3161";"Pull Up";"1";"0.0";"9";"";"";"";"";""
"48";"2024-04-12 19:01:32";"Entrenamiento por la tarde noche";"3161";"Pull Up";"2";"0.0";"8";"";"";"";"";""
"48";"2024-04-12 19:01:32";"Entrenamiento por la tarde noche";"3161";"Pull Up";"3";"0.0";"6";"";"";"";"";""
"48";"2024-04-12 19:01:32";"Entrenamiento por la tarde noche";"3161";"Pull Up";"4";"0.0";"4";"";"";"";"";""
"48";"2024-04-12 19:01:32";"Entrenamiento por la tarde noche";"3161";"Chest Dip";"1";"0.0";"12";"";"";"";"";""
"48";"2024-04-12 19:01:32";"Entrenamiento por la tarde noche";"3161";"Chest Dip";"2";"0.0";"10";"";"";"";"";""
"48";"2024-04-12 19:01:32";"Entrenamiento por la tarde noche";"3161";"Chest Dip";"3";"0.0";"10";"";"";"";"";""
"48";"2024-04-12 19:01:32";"Entrenamiento por la tarde noche";"3161";"Chest Dip";"4";"0.0";"8";"";"";"";"";""
"48";"2024-04-12 19:01:32";"Entrenamiento por la tarde noche";"3161";"Triceps Extension (Cable)";"1";"17.463306245000002";"9";"";"";"";"";""
"48";"2024-04-12 19:01:32";"Entrenamiento por la tarde noche";"3161";"Triceps Extension (Cable)";"2";"17.463306245000002";"6";"";"";"";"";""
"48";"2024-04-12 19:01:32";"Entrenamiento por la tarde noche";"3161";"Triceps Extension (Cable)";"3";"14.968548210000002";"9";"";"";"";"";""
"48";"2024-04-12 19:01:32";"Entrenamiento por la tarde noche";"3161";"Triceps Extension (Cable)";"4";"17.463306245000002";"8";"";"";"";"";""
"48";"2024-04-12 19:01:32";"Entrenamiento por la tarde noche";"3161";"Bicep Curl (Cable)";"1";"17.463306245000002";"9";"";"";"";"";""
"48";"2024-04-12 19:01:32";"Entrenamiento por la tarde noche";"3161";"Bicep Curl (Cable)";"2";"17.463306245000002";"6";"";"";"";"";""
"48";"2024-04-12 19:01:32";"Entrenamiento por la tarde noche";"3161";"Bicep Curl (Cable)";"3";"14.968548210000002";"10";"";"";"";"";""
"48";"2024-04-12 19:01:32";"Entrenamiento por la tarde noche";"3161";"Bicep Curl (Cable)";"4";"17.463306245000002";"8";"";"";"";"";""
"48";"2024-04-12 19:01:32";"Entrenamiento por la tarde noche";"3161";"Straight Pulldown ";"1";"24.947580350000003";"10";"";"";"";"";""
"48";"2024-04-12 19:01:32";"Entrenamiento por la tarde noche";"3161";"Straight Pulldown ";"2";"24.947580350000003";"8";"";"";"";"";""
"48";"2024-04-12 19:01:32";"Entrenamiento por la tarde noche";"3161";"Straight Pulldown ";"3";"24.947580350000003";"8";"";"";"";"";""
"48";"2024-04-12 19:01:32";"Entrenamiento por la tarde noche";"3161";"Straight Pulldown ";"4";"24.947580350000003";"8";"";"";"";"";""
"49";"2024-04-15 16:44:06";"Entrenamiento por la tarde";"3920";"Incline Bench Press (Barbell)";"1";"65.77089365";"8";"";"";"";"";""
"49";"2024-04-15 16:44:06";"Entrenamiento por la tarde";"3920";"Incline Bench Press (Barbell)";"2";"61.23496995";"8";"";"";"";"";""
"49";"2024-04-15 16:44:06";"Entrenamiento por la tarde";"3920";"Incline Bench Press (Barbell)";"3";"61.23496995";"6";"";"";"";"";""
"49";"2024-04-15 16:44:06";"Entrenamiento por la tarde";"3920";"Incline Bench Press (Barbell)";"4";"61.23496995";"6";"";"";"";"";""
"49";"2024-04-15 16:44:06";"Entrenamiento por la tarde";"3920";"Bicep Curl (Barbell)";"1";"27.2155422";"10";"";"";"";"";""
"49";"2024-04-15 16:44:06";"Entrenamiento por la tarde";"3920";"Bicep Curl (Barbell)";"2";"27.2155422";"8";"";"";"";"";""
"49";"2024-04-15 16:44:06";"Entrenamiento por la tarde";"3920";"Bicep Curl (Barbell)";"3";"27.2155422";"6";"";"";"";"";""
"49";"2024-04-15 16:44:06";"Entrenamiento por la tarde";"3920";"Bicep Curl (Barbell)";"4";"22.6796185";"8";"";"";"";"";""
"49";"2024-04-15 16:44:06";"Entrenamiento por la tarde";"3920";"Chest Dip";"1";"0.0";"18";"";"";"";"";""
"49";"2024-04-15 16:44:06";"Entrenamiento por la tarde";"3920";"Chest Dip";"2";"0.0";"11";"";"";"";"";""
"49";"2024-04-15 16:44:06";"Entrenamiento por la tarde";"3920";"Chest Dip";"3";"0.0";"10";"";"";"";"";""
"49";"2024-04-15 16:44:06";"Entrenamiento por la tarde";"3920";"Chest Dip";"4";"0.0";"8";"";"";"";"";""
"49";"2024-04-15 16:44:06";"Entrenamiento por la tarde";"3920";"Cable Crossover";"1";"17.463306245000002";"7";"";"";"";"";""
"49";"2024-04-15 16:44:06";"Entrenamiento por la tarde";"3920";"Cable Crossover";"2";"17.463306245000002";"6";"";"";"";"";""
"49";"2024-04-15 16:44:06";"Entrenamiento por la tarde";"3920";"Cable Crossover";"3";"14.968548210000002";"7";"";"";"";"";""
"49";"2024-04-15 16:44:06";"Entrenamiento por la tarde";"3920";"Cable Crossover";"4";"12.473790175000001";"10";"";"";"";"";""
"49";"2024-04-15 16:44:06";"Entrenamiento por la tarde";"3920";"Overhead Cable Curl";"1";"12.473790175000001";"6";"";"";"";"";""
"49";"2024-04-15 16:44:06";"Entrenamiento por la tarde";"3920";"Overhead Cable Curl";"2";"9.979032140000001";"9";"";"";"";"";""
"49";"2024-04-15 16:44:06";"Entrenamiento por la tarde";"3920";"Overhead Cable Curl";"3";"9.979032140000001";"7";"";"";"";"";""
"49";"2024-04-15 16:44:06";"Entrenamiento por la tarde";"3920";"Overhead Cable Curl";"4";"9.979032140000001";"7";"";"";"";"";""
"50";"2024-04-16 20:42:10";"Entrenamiento por la tarde noche";"4146";"Squat (Barbell)";"1";"65.77089365";"10";"";"";"";"";""
"50";"2024-04-16 20:42:10";"Entrenamiento por la tarde noche";"4146";"Squat (Barbell)";"2";"65.77089365";"10";"";"";"";"";""
"50";"2024-04-16 20:42:10";"Entrenamiento por la tarde noche";"4146";"Squat (Barbell)";"3";"65.77089365";"9";"";"";"";"";""
"50";"2024-04-16 20:42:10";"Entrenamiento por la tarde noche";"4146";"Squat (Barbell)";"4";"65.77089365";"8";"";"";"";"";""
"50";"2024-04-16 20:42:10";"Entrenamiento por la tarde noche";"4146";"Deadlift (Barbell)";"1";"83.91458845000001";"6";"";"";"";"";""
"50";"2024-04-16 20:42:10";"Entrenamiento por la tarde noche";"4146";"Deadlift (Barbell)";"2";"83.91458845000001";"8";"";"";"";"";""
"50";"2024-04-16 20:42:10";"Entrenamiento por la tarde noche";"4146";"Deadlift (Barbell)";"3";"83.91458845000001";"8";"";"";"";"";""
"50";"2024-04-16 20:42:10";"Entrenamiento por la tarde noche";"4146";"Deadlift (Barbell)";"4";"83.91458845000001";"6";"";"";"";"";""
"50";"2024-04-16 20:42:10";"Entrenamiento por la tarde noche";"4146";"Leg Press";"1";"102.05828325";"13";"";"";"";"";""
"50";"2024-04-16 20:42:10";"Entrenamiento por la tarde noche";"4146";"Leg Press";"2";"122.4699399";"10";"";"";"";"";""
"50";"2024-04-16 20:42:10";"Entrenamiento por la tarde noche";"4146";"Leg Press";"3";"122.4699399";"10";"";"";"";"";""
"50";"2024-04-16 20:42:10";"Entrenamiento por la tarde noche";"4146";"Leg Press";"4";"122.4699399";"8";"";"";"";"";""
"50";"2024-04-16 20:42:10";"Entrenamiento por la tarde noche";"4146";"Lunge (Dumbbell)";"1";"15.875732950000002";"8";"";"";"";"";""
"50";"2024-04-16 20:42:10";"Entrenamiento por la tarde noche";"4146";"Lunge (Dumbbell)";"2";"15.875732950000002";"6";"";"";"";"";""
"50";"2024-04-16 20:42:10";"Entrenamiento por la tarde noche";"4146";"Lunge (Dumbbell)";"3";"15.875732950000002";"6";"";"";"";"";""
"50";"2024-04-16 20:42:10";"Entrenamiento por la tarde noche";"4146";"Lunge (Dumbbell)";"4";"15.875732950000002";"5";"";"";"";"";""
"51";"2024-04-17 19:39:56";"Entrenamiento por la tarde noche";"3165";"Overhead Press (Barbell)";"1";"43.09127515";"10";"";"";"";"";""
"51";"2024-04-17 19:39:56";"Entrenamiento por la tarde noche";"3165";"Overhead Press (Barbell)";"2";"43.09127515";"8";"";"";"";"";""
"51";"2024-04-17 19:39:56";"Entrenamiento por la tarde noche";"3165";"Overhead Press (Barbell)";"3";"43.09127515";"6";"";"";"";"";""
"51";"2024-04-17 19:39:56";"Entrenamiento por la tarde noche";"3165";"Overhead Press (Barbell)";"4";"43.09127515";"7";"";"";"";"";""
"51";"2024-04-17 19:39:56";"Entrenamiento por la tarde noche";"3165";"Lateral Raise (Dumbbell)";"1";"9.071847400000001";"10";"";"";"";"";""
"51";"2024-04-17 19:39:56";"Entrenamiento por la tarde noche";"3165";"Lateral Raise (Dumbbell)";"2";"9.071847400000001";"10";"";"";"";"";""
"51";"2024-04-17 19:39:56";"Entrenamiento por la tarde noche";"3165";"Lateral Raise (Dumbbell)";"3";"9.071847400000001";"10";"";"";"";"";""
"51";"2024-04-17 19:39:56";"Entrenamiento por la tarde noche";"3165";"Lateral Raise (Dumbbell)";"4";"9.071847400000001";"8";"";"";"";"";""
"51";"2024-04-17 19:39:56";"Entrenamiento por la tarde noche";"3165";"Front Raise (Dumbbell)";"1";"9.071847400000001";"8";"";"";"";"";""
"51";"2024-04-17 19:39:56";"Entrenamiento por la tarde noche";"3165";"Front Raise (Dumbbell)";"2";"6.80388555";"11";"";"";"";"";""
"51";"2024-04-17 19:39:56";"Entrenamiento por la tarde noche";"3165";"Front Raise (Dumbbell)";"3";"6.80388555";"8";"";"";"";"";""
"51";"2024-04-17 19:39:56";"Entrenamiento por la tarde noche";"3165";"Front Raise (Dumbbell)";"4";"6.80388555";"8";"";"";"";"";""
"51";"2024-04-17 19:39:56";"Entrenamiento por la tarde noche";"3165";"Reverse Fly (Cable)";"1";"7.484274105000001";"8";"";"";"";"";""
"51";"2024-04-17 19:39:56";"Entrenamiento por la tarde noche";"3165";"Reverse Fly (Cable)";"2";"7.484274105000001";"8";"";"";"";"";""
"51";"2024-04-17 19:39:56";"Entrenamiento por la tarde noche";"3165";"Reverse Fly (Cable)";"3";"4.9895160700000005";"14";"";"";"";"";""
"51";"2024-04-17 19:39:56";"Entrenamiento por la tarde noche";"3165";"Reverse Fly (Cable)";"4";"4.9895160700000005";"10";"";"";"";"";""
"51";"2024-04-17 19:39:56";"Entrenamiento por la tarde noche";"3165";"Face Pull (Cable)";"1";"17.463306245000002";"12";"";"";"";"";""
"51";"2024-04-17 19:39:56";"Entrenamiento por la tarde noche";"3165";"Face Pull (Cable)";"2";"17.463306245000002";"10";"";"";"";"";""
"51";"2024-04-17 19:39:56";"Entrenamiento por la tarde noche";"3165";"Face Pull (Cable)";"3";"17.463306245000002";"10";"";"";"";"";""
"51";"2024-04-17 19:39:56";"Entrenamiento por la tarde noche";"3165";"Face Pull (Cable)";"4";"17.463306245000002";"10";"";"";"";"";""
"52";"2024-04-23 20:31:10";"Entrenamiento por la tarde noche";"5362";"Bicep Curl (Barbell)";"1";"27.2155422";"10";"";"";"";"";""
"52";"2024-04-23 20:31:10";"Entrenamiento por la tarde noche";"5362";"Bicep Curl (Barbell)";"2";"27.2155422";"12";"";"";"";"";""
"52";"2024-04-23 20:31:10";"Entrenamiento por la tarde noche";"5362";"Bicep Curl (Barbell)";"3";"27.2155422";"8";"";"";"";"";""
"52";"2024-04-23 20:31:10";"Entrenamiento por la tarde noche";"5362";"Bicep Curl (Barbell)";"4";"27.2155422";"6";"";"";"";"";""
"52";"2024-04-23 20:31:10";"Entrenamiento por la tarde noche";"5362";"Squat (Barbell)";"1";"70.30681735";"10";"";"";"";"";""
"52";"2024-04-23 20:31:10";"Entrenamiento por la tarde noche";"5362";"Squat (Barbell)";"2";"70.30681735";"10";"";"";"";"";""
"52";"2024-04-23 20:31:10";"Entrenamiento por la tarde noche";"5362";"Squat (Barbell)";"3";"70.30681735";"8";"";"";"";"";""
"52";"2024-04-23 20:31:10";"Entrenamiento por la tarde noche";"5362";"Squat (Barbell)";"4";"70.30681735";"8";"";"";"";"";""
"52";"2024-04-23 20:31:10";"Entrenamiento por la tarde noche";"5362";"Deadlift (Barbell)";"1";"83.91458845000001";"8";"";"";"";"";""
"52";"2024-04-23 20:31:10";"Entrenamiento por la tarde noche";"5362";"Deadlift (Barbell)";"2";"83.91458845000001";"10";"";"";"";"";""
"52";"2024-04-23 20:31:10";"Entrenamiento por la tarde noche";"5362";"Deadlift (Barbell)";"3";"88.45051215000001";"6";"";"";"";"";""
"52";"2024-04-23 20:31:10";"Entrenamiento por la tarde noche";"5362";"Deadlift (Barbell)";"4";"88.45051215000001";"6";"";"";"";"";""
"52";"2024-04-23 20:31:10";"Entrenamiento por la tarde noche";"5362";"Leg Press";"1";"122.4699399";"12";"";"";"";"";""
"52";"2024-04-23 20:31:10";"Entrenamiento por la tarde noche";"5362";"Leg Press";"2";"122.4699399";"12";"";"";"";"";""
"52";"2024-04-23 20:31:10";"Entrenamiento por la tarde noche";"5362";"Leg Press";"3";"122.4699399";"11";"";"";"";"";""
"52";"2024-04-23 20:31:10";"Entrenamiento por la tarde noche";"5362";"Leg Press";"4";"122.4699399";"10";"";"";"";"";""
"52";"2024-04-23 20:31:10";"Entrenamiento por la tarde noche";"5362";"Triceps Extension (Cable)";"1";"19.958064280000002";"10";"";"";"";"";""
"52";"2024-04-23 20:31:10";"Entrenamiento por la tarde noche";"5362";"Triceps Extension (Cable)";"2";"19.958064280000002";"9";"";"";"";"";""
"52";"2024-04-23 20:31:10";"Entrenamiento por la tarde noche";"5362";"Triceps Extension (Cable)";"3";"19.958064280000002";"7";"";"";"";"";""
"52";"2024-04-23 20:31:10";"Entrenamiento por la tarde noche";"5362";"Triceps Extension (Cable)";"4";"17.463306245000002";"7";"";"";"";"";""
"52";"2024-04-23 20:31:10";"Entrenamiento por la tarde noche";"5362";"Lunge (Dumbbell)";"1";"13.6077711";"8";"";"";"";"";""
"52";"2024-04-23 20:31:10";"Entrenamiento por la tarde noche";"5362";"Lunge (Dumbbell)";"2";"13.6077711";"10";"";"";"";"";""
"52";"2024-04-23 20:31:10";"Entrenamiento por la tarde noche";"5362";"Lunge (Dumbbell)";"3";"13.6077711";"8";"";"";"";"";""
"52";"2024-04-23 20:31:10";"Entrenamiento por la tarde noche";"5362";"Lunge (Dumbbell)";"4";"13.6077711";"6";"";"";"";"";""
"53";"2024-04-24 19:46:47";"Entrenamiento por la tarde noche";"2637";"Arnold Press (Dumbbell)";"1";"20.41165665";"9";"";"";"";"";""
"53";"2024-04-24 19:46:47";"Entrenamiento por la tarde noche";"2637";"Arnold Press (Dumbbell)";"2";"18.143694800000002";"8";"";"";"";"";""
"53";"2024-04-24 19:46:47";"Entrenamiento por la tarde noche";"2637";"Arnold Press (Dumbbell)";"3";"18.143694800000002";"8";"";"";"";"";""
"53";"2024-04-24 19:46:47";"Entrenamiento por la tarde noche";"2637";"Arnold Press (Dumbbell)";"4";"18.143694800000002";"6";"";"";"";"";""
"53";"2024-04-24 19:46:47";"Entrenamiento por la tarde noche";"2637";"Bicep Curl (Dumbbell)";"1";"13.6077711";"11";"";"";"";"";""
"53";"2024-04-24 19:46:47";"Entrenamiento por la tarde noche";"2637";"Bicep Curl (Dumbbell)";"2";"13.6077711";"9";"";"";"";"";""
"53";"2024-04-24 19:46:47";"Entrenamiento por la tarde noche";"2637";"Bicep Curl (Dumbbell)";"3";"13.6077711";"7";"";"";"";"";""
"53";"2024-04-24 19:46:47";"Entrenamiento por la tarde noche";"2637";"Bicep Curl (Dumbbell)";"4";"13.6077711";"7";"";"";"";"";""
"53";"2024-04-24 19:46:47";"Entrenamiento por la tarde noche";"2637";"Triceps Extension (Dumbbell)";"1";"18.143694800000002";"12";"";"";"";"";""
"53";"2024-04-24 19:46:47";"Entrenamiento por la tarde noche";"2637";"Triceps Extension (Dumbbell)";"2";"20.41165665";"10";"";"";"";"";""
"53";"2024-04-24 19:46:47";"Entrenamiento por la tarde noche";"2637";"Triceps Extension (Dumbbell)";"3";"20.41165665";"10";"";"";"";"";""
"53";"2024-04-24 19:46:47";"Entrenamiento por la tarde noche";"2637";"Triceps Extension (Dumbbell)";"4";"22.6796185";"9";"";"";"";"";""
"53";"2024-04-24 19:46:47";"Entrenamiento por la tarde noche";"2637";"Lateral Raise (Cable)";"1";"7.484274105000001";"8";"";"";"";"";""
"53";"2024-04-24 19:46:47";"Entrenamiento por la tarde noche";"2637";"Lateral Raise (Cable)";"2";"7.484274105000001";"8";"";"";"";"";""
"53";"2024-04-24 19:46:47";"Entrenamiento por la tarde noche";"2637";"Lateral Raise (Cable)";"3";"4.9895160700000005";"8";"";"";"";"";""
"53";"2024-04-24 19:46:47";"Entrenamiento por la tarde noche";"2637";"Lateral Raise (Cable)";"4";"4.9895160700000005";"6";"";"";"";"";""
"54";"2024-04-27 13:49:19";"Entrenamiento de mediodía";"4083";"Bench Press (Barbell)";"1";"74.84274105";"10";"";"";"";"";""
"54";"2024-04-27 13:49:19";"Entrenamiento de mediodía";"4083";"Bench Press (Barbell)";"2";"74.84274105";"9";"";"";"";"";""
"54";"2024-04-27 13:49:19";"Entrenamiento de mediodía";"4083";"Bench Press (Barbell)";"3";"74.84274105";"7";"";"";"";"";""
"54";"2024-04-27 13:49:19";"Entrenamiento de mediodía";"4083";"Bench Press (Barbell)";"4";"61.23496995";"12";"";"";"";"";""
"54";"2024-04-27 13:49:19";"Entrenamiento de mediodía";"4083";"Chest Dip";"1";"0.0";"12";"";"";"";"";""
"54";"2024-04-27 13:49:19";"Entrenamiento de mediodía";"4083";"Chest Dip";"2";"0.0";"10";"";"";"";"";""
"54";"2024-04-27 13:49:19";"Entrenamiento de mediodía";"4083";"Chest Dip";"3";"0.0";"8";"";"";"";"";""
"54";"2024-04-27 13:49:19";"Entrenamiento de mediodía";"4083";"Chest Dip";"4";"0.0";"8";"";"";"";"";""
"54";"2024-04-27 13:49:19";"Entrenamiento de mediodía";"4083";"Incline Curl (Dumbbell)";"1";"11.33980925";"10";"";"";"";"";""
"54";"2024-04-27 13:49:19";"Entrenamiento de mediodía";"4083";"Incline Curl (Dumbbell)";"2";"11.33980925";"8";"";"";"";"";""
"54";"2024-04-27 13:49:19";"Entrenamiento de mediodía";"4083";"Incline Curl (Dumbbell)";"3";"11.33980925";"7";"";"";"";"";""
"54";"2024-04-27 13:49:19";"Entrenamiento de mediodía";"4083";"Incline Curl (Dumbbell)";"4";"11.33980925";"6";"";"";"";"";""
"54";"2024-04-27 13:49:19";"Entrenamiento de mediodía";"4083";"Chest Fly (Dumbbell)";"1";"11.33980925";"10";"";"";"";"";""
"54";"2024-04-27 13:49:19";"Entrenamiento de mediodía";"4083";"Chest Fly (Dumbbell)";"2";"11.33980925";"10";"";"";"";"";""
"54";"2024-04-27 13:49:19";"Entrenamiento de mediodía";"4083";"Chest Fly (Dumbbell)";"3";"11.33980925";"10";"";"";"";"";""
"54";"2024-04-27 13:49:19";"Entrenamiento de mediodía";"4083";"Chest Fly (Dumbbell)";"4";"11.33980925";"10";"";"";"";"";""
"54";"2024-04-27 13:49:19";"Entrenamiento de mediodía";"4083";"Bicep Curl (Barbell)";"1";"27.2155422";"9";"";"";"";"";""
"54";"2024-04-27 13:49:19";"Entrenamiento de mediodía";"4083";"Bicep Curl (Barbell)";"2";"27.2155422";"6";"";"";"";"";""
"54";"2024-04-27 13:49:19";"Entrenamiento de mediodía";"4083";"Bicep Curl (Barbell)";"3";"22.6796185";"8";"";"";"";"";""
"54";"2024-04-27 13:49:19";"Entrenamiento de mediodía";"4083";"Bicep Curl (Barbell)";"4";"22.6796185";"10";"";"";"";"";""
"55";"2024-04-29 17:23:21";"Entrenamiento por la tarde";"3300";"Chin Up";"1";"0.0";"10";"";"";"";"";""
"55";"2024-04-29 17:23:21";"Entrenamiento por la tarde";"3300";"Chin Up";"2";"0.0";"8";"";"";"";"";""
"55";"2024-04-29 17:23:21";"Entrenamiento por la tarde";"3300";"Chin Up";"3";"0.0";"6";"";"";"";"";""
"55";"2024-04-29 17:23:21";"Entrenamiento por la tarde";"3300";"Chin Up";"4";"0.0";"5";"";"";"";"";""
"55";"2024-04-29 17:23:21";"Entrenamiento por la tarde";"3300";"Lat Pulldown (Cable)";"1";"54.884676770000006";"11";"";"";"";"";""
"55";"2024-04-29 17:23:21";"Entrenamiento por la tarde";"3300";"Lat Pulldown (Cable)";"2";"54.884676770000006";"9";"";"";"";"";""
"55";"2024-04-29 17:23:21";"Entrenamiento por la tarde";"3300";"Lat Pulldown (Cable)";"3";"49.895160700000005";"11";"";"";"";"";""
"55";"2024-04-29 17:23:21";"Entrenamiento por la tarde";"3300";"Lat Pulldown (Cable)";"4";"49.895160700000005";"9";"";"";"";"";""
"55";"2024-04-29 17:23:21";"Entrenamiento por la tarde";"3300";"Seated Row (Cable)";"1";"64.86370891";"8";"";"";"";"";""
"55";"2024-04-29 17:23:21";"Entrenamiento por la tarde";"3300";"Seated Row (Cable)";"2";"54.884676770000006";"10";"";"";"";"";""
"55";"2024-04-29 17:23:21";"Entrenamiento por la tarde";"3300";"Seated Row (Cable)";"3";"54.884676770000006";"8";"";"";"";"";""
"55";"2024-04-29 17:23:21";"Entrenamiento por la tarde";"3300";"Seated Row (Cable)";"4";"54.884676770000006";"7";"";"";"";"";""
"55";"2024-04-29 17:23:21";"Entrenamiento por la tarde";"3300";"Triceps Extension (Cable)";"1";"19.958064280000002";"11";"";"";"";"";""
"55";"2024-04-29 17:23:21";"Entrenamiento por la tarde";"3300";"Triceps Extension (Cable)";"2";"19.958064280000002";"8";"";"";"";"";""
"55";"2024-04-29 17:23:21";"Entrenamiento por la tarde";"3300";"Triceps Extension (Cable)";"3";"19.958064280000002";"7";"";"";"";"";""
"55";"2024-04-29 17:23:21";"Entrenamiento por la tarde";"3300";"Triceps Extension (Cable)";"4";"17.463306245000002";"10";"";"";"";"";""
"56";"2024-05-06 19:34:13";"Entrenamiento por la tarde noche";"3286";"Bench Press (Barbell)";"1";"61.23496995";"14";"";"";"";"";""
"56";"2024-05-06 19:34:13";"Entrenamiento por la tarde noche";"3286";"Bench Press (Barbell)";"2";"70.30681735";"8";"";"";"";"";""
"56";"2024-05-06 19:34:13";"Entrenamiento por la tarde noche";"3286";"Bench Press (Barbell)";"3";"70.30681735";"7";"";"";"";"";""
"56";"2024-05-06 19:34:13";"Entrenamiento por la tarde noche";"3286";"Bench Press (Barbell)";"4";"70.30681735";"8";"";"";"";"";""
"56";"2024-05-06 19:34:13";"Entrenamiento por la tarde noche";"3286";"Incline Curl (Dumbbell)";"1";"13.6077711";"7";"";"";"";"";""
"56";"2024-05-06 19:34:13";"Entrenamiento por la tarde noche";"3286";"Incline Curl (Dumbbell)";"2";"11.33980925";"7";"";"";"";"";""
"56";"2024-05-06 19:34:13";"Entrenamiento por la tarde noche";"3286";"Incline Curl (Dumbbell)";"3";"11.33980925";"6";"";"";"";"";""
"56";"2024-05-06 19:34:13";"Entrenamiento por la tarde noche";"3286";"Incline Curl (Dumbbell)";"4";"11.33980925";"7";"";"";"";"";""
"56";"2024-05-06 19:34:13";"Entrenamiento por la tarde noche";"3286";"Chest Dip";"1";"0.0";"15";"";"";"";"";""
"56";"2024-05-06 19:34:13";"Entrenamiento por la tarde noche";"3286";"Chest Dip";"2";"0.0";"15";"";"";"";"";""
"56";"2024-05-06 19:34:13";"Entrenamiento por la tarde noche";"3286";"Chest Dip";"3";"0.0";"10";"";"";"";"";""
"56";"2024-05-06 19:34:13";"Entrenamiento por la tarde noche";"3286";"Chest Dip";"4";"0.0";"10";"";"";"";"";""
"56";"2024-05-06 19:34:13";"Entrenamiento por la tarde noche";"3286";"Bicep Curl (Barbell)";"1";"22.6796185";"8";"";"";"";"";""
"56";"2024-05-06 19:34:13";"Entrenamiento por la tarde noche";"3286";"Bicep Curl (Barbell)";"2";"22.6796185";"6";"";"";"";"";""
"56";"2024-05-06 19:34:13";"Entrenamiento por la tarde noche";"3286";"Bicep Curl (Barbell)";"3";"22.6796185";"6";"";"";"";"";""
"56";"2024-05-06 19:34:13";"Entrenamiento por la tarde noche";"3286";"Bicep Curl (Barbell)";"4";"22.6796185";"8";"";"";"";"";""
"57";"2024-05-11 11:13:38";"Entrenamiento por la tarde";"3069";"Chin Up";"1";"0.0";"12";"";"";"";"";""
"57";"2024-05-11 11:13:38";"Entrenamiento por la tarde";"3069";"Chin Up";"2";"0.0";"8";"";"";"";"";""
"57";"2024-05-11 11:13:38";"Entrenamiento por la tarde";"3069";"Chin Up";"3";"0.0";"8";"";"";"";"";""
"57";"2024-05-11 11:13:38";"Entrenamiento por la tarde";"3069";"Chin Up";"4";"0.0";"5";"";"";"";"";""
"57";"2024-05-11 11:13:38";"Entrenamiento por la tarde";"3069";"Triceps Extension (Cable)";"1";"22.452822315000002";"8";"";"";"";"";""
"57";"2024-05-11 11:13:38";"Entrenamiento por la tarde";"3069";"Triceps Extension (Cable)";"2";"19.958064280000002";"9";"";"";"";"";""
"57";"2024-05-11 11:13:38";"Entrenamiento por la tarde";"3069";"Triceps Extension (Cable)";"3";"19.958064280000002";"7";"";"";"";"";""
"57";"2024-05-11 11:13:38";"Entrenamiento por la tarde";"3069";"Triceps Extension (Cable)";"4";"17.463306245000002";"7";"";"";"";"";""
"57";"2024-05-11 11:13:38";"Entrenamiento por la tarde";"3069";"Lat Pulldown (Cable)";"1";"64.86370891";"7";"";"";"";"";""
"57";"2024-05-11 11:13:38";"Entrenamiento por la tarde";"3069";"Lat Pulldown (Cable)";"2";"57.152638620000005";"9";"";"";"";"";""
"57";"2024-05-11 11:13:38";"Entrenamiento por la tarde";"3069";"Lat Pulldown (Cable)";"3";"57.152638620000005";"8";"";"";"";"";""
"57";"2024-05-11 11:13:38";"Entrenamiento por la tarde";"3069";"Lat Pulldown (Cable)";"4";"52.163122550000004";"9";"";"";"";"";""
"57";"2024-05-11 11:13:38";"Entrenamiento por la tarde";"3069";"Preacher Curl (Dumbbell)";"1";"9.071847400000001";"6";"";"";"";"";""
"57";"2024-05-11 11:13:38";"Entrenamiento por la tarde";"3069";"Preacher Curl (Dumbbell)";"2";"9.071847400000001";"4";"";"";"";"";""
"58";"2024-05-13 20:27:31";"Entrenamiento por la tarde noche";"4463";"Bench Press (Dumbbell)";"1";"20.41165665";"20";"";"";"";"";""
"58";"2024-05-13 20:27:31";"Entrenamiento por la tarde noche";"4463";"Bench Press (Dumbbell)";"2";"27.2155422";"14";"";"";"";"";""
"58";"2024-05-13 20:27:31";"Entrenamiento por la tarde noche";"4463";"Bench Press (Dumbbell)";"3";"27.2155422";"11";"";"";"";"";""
"58";"2024-05-13 20:27:31";"Entrenamiento por la tarde noche";"4463";"Bench Press (Dumbbell)";"4";"27.2155422";"9";"";"";"";"";""
"58";"2024-05-13 20:27:31";"Entrenamiento por la tarde noche";"4463";"Incline Curl (Dumbbell)";"1";"13.6077711";"7";"";"";"";"";""
"58";"2024-05-13 20:27:31";"Entrenamiento por la tarde noche";"4463";"Incline Curl (Dumbbell)";"2";"11.33980925";"8";"";"";"";"";""
"58";"2024-05-13 20:27:31";"Entrenamiento por la tarde noche";"4463";"Incline Curl (Dumbbell)";"3";"11.33980925";"7";"";"";"";"";""
"58";"2024-05-13 20:27:31";"Entrenamiento por la tarde noche";"4463";"Incline Curl (Dumbbell)";"4";"11.33980925";"6";"";"";"";"";""
"58";"2024-05-13 20:27:31";"Entrenamiento por la tarde noche";"4463";"Chest Dip";"1";"13.6077711";"12";"";"";"";"";""
"58";"2024-05-13 20:27:31";"Entrenamiento por la tarde noche";"4463";"Chest Dip";"2";"13.6077711";"10";"";"";"";"";""
"58";"2024-05-13 20:27:31";"Entrenamiento por la tarde noche";"4463";"Chest Dip";"3";"13.6077711";"8";"";"";"";"";""
"58";"2024-05-13 20:27:31";"Entrenamiento por la tarde noche";"4463";"Chest Dip";"4";"13.6077711";"6";"";"";"";"";""
"58";"2024-05-13 20:27:31";"Entrenamiento por la tarde noche";"4463";"Incline Bench Press (Barbell)";"1";"52.163122550000004";"10";"";"";"";"";""
"58";"2024-05-13 20:27:31";"Entrenamiento por la tarde noche";"4463";"Incline Bench Press (Barbell)";"2";"52.163122550000004";"10";"";"";"";"";""
"58";"2024-05-13 20:27:31";"Entrenamiento por la tarde noche";"4463";"Incline Bench Press (Barbell)";"3";"52.163122550000004";"7";"";"";"";"";""
"58";"2024-05-13 20:27:31";"Entrenamiento por la tarde noche";"4463";"Incline Bench Press (Barbell)";"4";"52.163122550000004";"6";"";"";"";"";""
"59";"2024-05-14 18:08:53";"Entrenamiento por la tarde";"3350";"Chin Up";"1";"0.0";"13";"";"";"";"";""
"59";"2024-05-14 18:08:53";"Entrenamiento por la tarde";"3350";"Chin Up";"2";"0.0";"6";"";"";"";"";""
"59";"2024-05-14 18:08:53";"Entrenamiento por la tarde";"3350";"Chin Up";"3";"0.0";"6";"";"";"";"";""
"59";"2024-05-14 18:08:53";"Entrenamiento por la tarde";"3350";"Chin Up";"4";"0.0";"6";"";"";"";"";""
"59";"2024-05-14 18:08:53";"Entrenamiento por la tarde";"3350";"Toes To Bar";"1";"";"8";"";"";"";"";""
"59";"2024-05-14 18:08:53";"Entrenamiento por la tarde";"3350";"Toes To Bar";"2";"";"6";"";"";"";"";""
"59";"2024-05-14 18:08:53";"Entrenamiento por la tarde";"3350";"Toes To Bar";"3";"";"6";"";"";"";"";""
"59";"2024-05-14 18:08:53";"Entrenamiento por la tarde";"3350";"Toes To Bar";"4";"";"5";"";"";"";"";""
"59";"2024-05-14 18:08:53";"Entrenamiento por la tarde";"3350";"Triceps Extension (Cable)";"1";"19.958064280000002";"10";"";"";"";"";""
"59";"2024-05-14 18:08:53";"Entrenamiento por la tarde";"3350";"Triceps Extension (Cable)";"2";"19.958064280000002";"7";"";"";"";"";""
"59";"2024-05-14 18:08:53";"Entrenamiento por la tarde";"3350";"Triceps Extension (Cable)";"3";"17.463306245000002";"8";"";"";"";"";""
"59";"2024-05-14 18:08:53";"Entrenamiento por la tarde";"3350";"Triceps Extension (Cable)";"4";"17.463306245000002";"8";"";"";"";"";""
"59";"2024-05-14 18:08:53";"Entrenamiento por la tarde";"3350";"Straight Pulldown ";"1";"24.947580350000003";"14";"";"";"";"";""
"59";"2024-05-14 18:08:53";"Entrenamiento por la tarde";"3350";"Straight Pulldown ";"2";"27.442338385000003";"8";"";"";"";"";""
"59";"2024-05-14 18:08:53";"Entrenamiento por la tarde";"3350";"Straight Pulldown ";"3";"27.442338385000003";"10";"";"";"";"";""
"59";"2024-05-14 18:08:53";"Entrenamiento por la tarde";"3350";"Straight Pulldown ";"4";"27.442338385000003";"8";"";"";"";"";""
"59";"2024-05-14 18:08:53";"Entrenamiento por la tarde";"3350";"Seated Wide-Grip Row (Cable)";"1";"49.895160700000005";"9";"";"";"";"";""
"59";"2024-05-14 18:08:53";"Entrenamiento por la tarde";"3350";"Seated Wide-Grip Row (Cable)";"2";"49.895160700000005";"10";"";"";"";"";""
"59";"2024-05-14 18:08:53";"Entrenamiento por la tarde";"3350";"Seated Wide-Grip Row (Cable)";"3";"49.895160700000005";"8";"";"";"";"";""
"59";"2024-05-14 18:08:53";"Entrenamiento por la tarde";"3350";"Seated Wide-Grip Row (Cable)";"4";"49.895160700000005";"8";"";"";"";"";""
"60";"2024-05-20 18:35:53";"Entrenamiento por la tarde noche";"2554";"Arnold Press (Dumbbell)";"1";"13.6077711";"13";"";"";"";"";""
"60";"2024-05-20 18:35:53";"Entrenamiento por la tarde noche";"2554";"Arnold Press (Dumbbell)";"2";"18.143694800000002";"10";"";"";"";"";""
"60";"2024-05-20 18:35:53";"Entrenamiento por la tarde noche";"2554";"Arnold Press (Dumbbell)";"3";"18.143694800000002";"9";"";"";"";"";""
"60";"2024-05-20 18:35:53";"Entrenamiento por la tarde noche";"2554";"Arnold Press (Dumbbell)";"4";"18.143694800000002";"7";"";"";"";"";""
"60";"2024-05-20 18:35:53";"Entrenamiento por la tarde noche";"2554";"Overhead Press (Dumbbell)";"1";"18.143694800000002";"10";"";"";"";"";""
"60";"2024-05-20 18:35:53";"Entrenamiento por la tarde noche";"2554";"Overhead Press (Dumbbell)";"2";"18.143694800000002";"8";"";"";"";"";""
"60";"2024-05-20 18:35:53";"Entrenamiento por la tarde noche";"2554";"Overhead Press (Dumbbell)";"3";"18.143694800000002";"10";"";"";"";"";""
"60";"2024-05-20 18:35:53";"Entrenamiento por la tarde noche";"2554";"Overhead Press (Dumbbell)";"4";"18.143694800000002";"8";"";"";"";"";""
"61";"2024-05-21 17:55:47";"Entrenamiento por la tarde";"2877";"Bench Press (Barbell)";"1";"70.30681735";"12";"";"";"";"";""
"61";"2024-05-21 17:55:47";"Entrenamiento por la tarde";"2877";"Bench Press (Barbell)";"2";"70.30681735";"9";"";"";"";"";""
"61";"2024-05-21 17:55:47";"Entrenamiento por la tarde";"2877";"Bench Press (Barbell)";"3";"70.30681735";"10";"";"";"";"";""
"61";"2024-05-21 17:55:47";"Entrenamiento por la tarde";"2877";"Bench Press (Barbell)";"4";"70.30681735";"8";"";"";"";"";""
"61";"2024-05-21 17:55:47";"Entrenamiento por la tarde";"2877";"Incline Curl (Dumbbell)";"1";"13.6077711";"8";"";"";"";"";""
"61";"2024-05-21 17:55:47";"Entrenamiento por la tarde";"2877";"Incline Curl (Dumbbell)";"2";"13.6077711";"6";"";"";"";"";""
"61";"2024-05-21 17:55:47";"Entrenamiento por la tarde";"2877";"Incline Curl (Dumbbell)";"3";"11.33980925";"8";"";"";"";"";""
"61";"2024-05-21 17:55:47";"Entrenamiento por la tarde";"2877";"Incline Curl (Dumbbell)";"4";"11.33980925";"7";"";"";"";"";""
"61";"2024-05-21 17:55:47";"Entrenamiento por la tarde";"2877";"Chest Dip";"1";"0.0";"20";"";"";"";"";""
"61";"2024-05-21 17:55:47";"Entrenamiento por la tarde";"2877";"Chest Dip";"2";"0.0";"10";"";"";"";"";""
"61";"2024-05-21 17:55:47";"Entrenamiento por la tarde";"2877";"Chest Dip";"3";"0.0";"10";"";"";"";"";""
"61";"2024-05-21 17:55:47";"Entrenamiento por la tarde";"2877";"Chest Dip";"4";"0.0";"10";"";"";"";"";""
"61";"2024-05-21 17:55:47";"Entrenamiento por la tarde";"2877";"Knee Raise (Captain's Chair)";"1";"0.0";"10";"";"";"";"";""
"61";"2024-05-21 17:55:47";"Entrenamiento por la tarde";"2877";"Knee Raise (Captain's Chair)";"2";"0.0";"8";"";"";"";"";""
"61";"2024-05-21 17:55:47";"Entrenamiento por la tarde";"2877";"Knee Raise (Captain's Chair)";"3";"0.0";"8";"";"";"";"";""
"61";"2024-05-21 17:55:47";"Entrenamiento por la tarde";"2877";"Knee Raise (Captain's Chair)";"4";"0.0";"9";"";"";"";"";""
"62";"2024-05-27 19:30:00";"Entrenamiento por la tarde noche";"3284";"Bench Press (Barbell)";"1";"74.84274105";"10";"";"";"";"";""
"62";"2024-05-27 19:30:00";"Entrenamiento por la tarde noche";"3284";"Bench Press (Barbell)";"2";"77.1107029";"10";"";"";"";"";""
"62";"2024-05-27 19:30:00";"Entrenamiento por la tarde noche";"3284";"Bench Press (Barbell)";"3";"77.1107029";"6";"";"";"";"";""
"62";"2024-05-27 19:30:00";"Entrenamiento por la tarde noche";"3284";"Bench Press (Barbell)";"4";"70.30681735";"8";"";"";"";"";""
"62";"2024-05-27 19:30:00";"Entrenamiento por la tarde noche";"3284";"Cable Crossover";"1";"17.463306245000002";"9";"";"";"";"";""
"62";"2024-05-27 19:30:00";"Entrenamiento por la tarde noche";"3284";"Cable Crossover";"2";"14.968548210000002";"10";"";"";"";"";""
"62";"2024-05-27 19:30:00";"Entrenamiento por la tarde noche";"3284";"Cable Crossover";"3";"14.968548210000002";"10";"";"";"";"";""
"62";"2024-05-27 19:30:00";"Entrenamiento por la tarde noche";"3284";"Cable Crossover";"4";"14.968548210000002";"8";"";"";"";"";""
"62";"2024-05-27 19:30:00";"Entrenamiento por la tarde noche";"3284";"Overhead Cable Curl";"1";"12.473790175000001";"8";"";"";"";"";""
"62";"2024-05-27 19:30:00";"Entrenamiento por la tarde noche";"3284";"Overhead Cable Curl";"2";"12.473790175000001";"8";"";"";"";"";""
"62";"2024-05-27 19:30:00";"Entrenamiento por la tarde noche";"3284";"Overhead Cable Curl";"3";"12.473790175000001";"6";"";"";"";"";""
"62";"2024-05-27 19:30:00";"Entrenamiento por la tarde noche";"3284";"Overhead Cable Curl";"4";"12.473790175000001";"6";"";"";"";"";""
"62";"2024-05-27 19:30:00";"Entrenamiento por la tarde noche";"3284";"Bicep Curl (Barbell)";"1";"31.751465900000003";"6";"";"";"";"";""
"62";"2024-05-27 19:30:00";"Entrenamiento por la tarde noche";"3284";"Bicep Curl (Barbell)";"2";"27.2155422";"8";"";"";"";"";""
"62";"2024-05-27 19:30:00";"Entrenamiento por la tarde noche";"3284";"Bicep Curl (Barbell)";"3";"27.2155422";"7";"";"";"";"";""
"62";"2024-05-27 19:30:00";"Entrenamiento por la tarde noche";"3284";"Bicep Curl (Barbell)";"4";"27.2155422";"7";"";"";"";"";""
"63";"2024-05-28 19:38:32";"Entrenamiento por la tarde noche";"3129";"Chin Up";"1";"0.0";"13";"";"";"";"";""
"63";"2024-05-28 19:38:32";"Entrenamiento por la tarde noche";"3129";"Chin Up";"2";"0.0";"8";"";"";"";"";""
"63";"2024-05-28 19:38:32";"Entrenamiento por la tarde noche";"3129";"Chin Up";"3";"0.0";"6";"";"";"";"";""
"63";"2024-05-28 19:38:32";"Entrenamiento por la tarde noche";"3129";"Chin Up";"4";"0.0";"6";"";"";"";"";""
"63";"2024-05-28 19:38:32";"Entrenamiento por la tarde noche";"3129";"Triceps Extension (Dumbbell)";"1";"22.6796185";"11";"";"";"";"";""
"63";"2024-05-28 19:38:32";"Entrenamiento por la tarde noche";"3129";"Triceps Extension (Dumbbell)";"2";"22.6796185";"10";"";"";"";"";""
"63";"2024-05-28 19:38:32";"Entrenamiento por la tarde noche";"3129";"Triceps Extension (Dumbbell)";"3";"22.6796185";"9";"";"";"";"";""
"63";"2024-05-28 19:38:32";"Entrenamiento por la tarde noche";"3129";"Triceps Extension (Dumbbell)";"4";"22.6796185";"9";"";"";"";"";""
"63";"2024-05-28 19:38:32";"Entrenamiento por la tarde noche";"3129";"Concentration Curl (Dumbbell)";"1";"9.071847400000001";"10";"";"";"";"";""
"63";"2024-05-28 19:38:32";"Entrenamiento por la tarde noche";"3129";"Concentration Curl (Dumbbell)";"2";"11.33980925";"8";"";"";"";"";""
"63";"2024-05-28 19:38:32";"Entrenamiento por la tarde noche";"3129";"Concentration Curl (Dumbbell)";"3";"11.33980925";"8";"";"";"";"";""
"63";"2024-05-28 19:38:32";"Entrenamiento por la tarde noche";"3129";"Concentration Curl (Dumbbell)";"4";"11.33980925";"8";"";"";"";"";""
"64";"2024-05-29 21:19:39";"Entrenamiento por la tarde noche";"4004";"Lateral Raise (Dumbbell)";"1";"9.071847400000001";"10";"";"";"";"";""
"64";"2024-05-29 21:19:39";"Entrenamiento por la tarde noche";"4004";"Lateral Raise (Dumbbell)";"2";"9.071847400000001";"10";"";"";"";"";""
"64";"2024-05-29 21:19:39";"Entrenamiento por la tarde noche";"4004";"Lateral Raise (Dumbbell)";"3";"9.071847400000001";"10";"";"";"";"";""
"64";"2024-05-29 21:19:39";"Entrenamiento por la tarde noche";"4004";"Lateral Raise (Dumbbell)";"4";"9.071847400000001";"10";"";"";"";"";""
"64";"2024-05-29 21:19:39";"Entrenamiento por la tarde noche";"4004";"Front Raise (Dumbbell)";"1";"9.071847400000001";"10";"";"";"";"";""
"64";"2024-05-29 21:19:39";"Entrenamiento por la tarde noche";"4004";"Front Raise (Dumbbell)";"2";"9.071847400000001";"8";"";"";"";"";""
"64";"2024-05-29 21:19:39";"Entrenamiento por la tarde noche";"4004";"Front Raise (Dumbbell)";"3";"9.071847400000001";"8";"";"";"";"";""
"64";"2024-05-29 21:19:39";"Entrenamiento por la tarde noche";"4004";"Front Raise (Dumbbell)";"4";"6.80388555";"10";"";"";"";"";""
"64";"2024-05-29 21:19:39";"Entrenamiento por la tarde noche";"4004";"Reverse Fly (Dumbbell)";"1";"9.071847400000001";"10";"";"";"";"";""
"64";"2024-05-29 21:19:39";"Entrenamiento por la tarde noche";"4004";"Reverse Fly (Dumbbell)";"2";"9.071847400000001";"10";"";"";"";"";""
"64";"2024-05-29 21:19:39";"Entrenamiento por la tarde noche";"4004";"Reverse Fly (Dumbbell)";"3";"9.071847400000001";"10";"";"";"";"";""
"64";"2024-05-29 21:19:39";"Entrenamiento por la tarde noche";"4004";"Reverse Fly (Dumbbell)";"4";"9.071847400000001";"10";"";"";"";"";""
"64";"2024-05-29 21:19:39";"Entrenamiento por la tarde noche";"4004";"Lateral Raise (Cable)";"1";"7.484274105000001";"5";"";"";"";"";""
"64";"2024-05-29 21:19:39";"Entrenamiento por la tarde noche";"4004";"Lateral Raise (Cable)";"2";"4.9895160700000005";"10";"";"";"";"";""
"64";"2024-05-29 21:19:39";"Entrenamiento por la tarde noche";"4004";"Lateral Raise (Cable)";"3";"4.9895160700000005";"10";"";"";"";"";""
"64";"2024-05-29 21:19:39";"Entrenamiento por la tarde noche";"4004";"Lateral Raise (Cable)";"4";"4.9895160700000005";"8";"";"";"";"";""
"64";"2024-05-29 21:19:39";"Entrenamiento por la tarde noche";"4004";"Reverse Fly (Cable)";"1";"7.484274105000001";"8";"";"";"";"";""
"64";"2024-05-29 21:19:39";"Entrenamiento por la tarde noche";"4004";"Reverse Fly (Cable)";"2";"7.484274105000001";"10";"";"";"";"";""
"64";"2024-05-29 21:19:39";"Entrenamiento por la tarde noche";"4004";"Reverse Fly (Cable)";"3";"7.484274105000001";"10";"";"";"";"";""
"64";"2024-05-29 21:19:39";"Entrenamiento por la tarde noche";"4004";"Reverse Fly (Cable)";"4";"4.9895160700000005";"11";"";"";"";"";""
"64";"2024-05-29 21:19:39";"Entrenamiento por la tarde noche";"4004";"Pull Up";"1";"0.0";"8";"";"";"";"";""
"64";"2024-05-29 21:19:39";"Entrenamiento por la tarde noche";"4004";"Pull Up";"2";"0.0";"7";"";"";"";"";""
"64";"2024-05-29 21:19:39";"Entrenamiento por la tarde noche";"4004";"Pull Up";"3";"0.0";"7";"";"";"";"";""
"64";"2024-05-29 21:19:39";"Entrenamiento por la tarde noche";"4004";"Pull Up";"4";"0.0";"5";"";"";"";"";""
"65";"2024-06-20 20:51:32";"Entrenamiento por la tarde noche";"1941";"Incline Bench Press (Barbell)";"1";"61.23496995";"10";"";"";"";"";""
"65";"2024-06-20 20:51:32";"Entrenamiento por la tarde noche";"1941";"Incline Bench Press (Barbell)";"2";"61.23496995";"8";"";"";"";"";""
"65";"2024-06-20 20:51:32";"Entrenamiento por la tarde noche";"1941";"Incline Bench Press (Barbell)";"3";"61.23496995";"8";"";"";"";"";""
"65";"2024-06-20 20:51:32";"Entrenamiento por la tarde noche";"1941";"Incline Bench Press (Barbell)";"4";"61.23496995";"6";"";"";"";"";""
"65";"2024-06-20 20:51:32";"Entrenamiento por la tarde noche";"1941";"Bicep Curl (Barbell)";"1";"22.6796185";"12";"";"";"";"";""
"65";"2024-06-20 20:51:32";"Entrenamiento por la tarde noche";"1941";"Bicep Curl (Barbell)";"2";"22.6796185";"10";"";"";"";"";""
"65";"2024-06-20 20:51:32";"Entrenamiento por la tarde noche";"1941";"Bicep Curl (Barbell)";"3";"22.6796185";"8";"";"";"";"";""
"65";"2024-06-20 20:51:32";"Entrenamiento por la tarde noche";"1941";"Bicep Curl (Barbell)";"4";"22.6796185";"6";"";"";"";"";""
"65";"2024-06-20 20:51:32";"Entrenamiento por la tarde noche";"1941";"Lateral Raise (Dumbbell)";"1";"6.80388555";"12";"";"";"";"";""
"65";"2024-06-20 20:51:32";"Entrenamiento por la tarde noche";"1941";"Lateral Raise (Dumbbell)";"2";"6.80388555";"12";"";"";"";"";""
"65";"2024-06-20 20:51:32";"Entrenamiento por la tarde noche";"1941";"Lateral Raise (Dumbbell)";"3";"6.80388555";"12";"";"";"";"";""
"65";"2024-06-20 20:51:32";"Entrenamiento por la tarde noche";"1941";"Lateral Raise (Dumbbell)";"4";"6.80388555";"12";"";"";"";"";""
"66";"2024-07-10 20:49:43";"Entrenamiento por la tarde noche";"4713";"Bench Press (Barbell)";"1";"61.23496995";"20";"";"";"";"";""
"66";"2024-07-10 20:49:43";"Entrenamiento por la tarde noche";"4713";"Bench Press (Barbell)";"2";"61.23496995";"15";"";"";"";"";""
"66";"2024-07-10 20:49:43";"Entrenamiento por la tarde noche";"4713";"Bench Press (Barbell)";"3";"61.23496995";"12";"";"";"";"";""
"66";"2024-07-10 20:49:43";"Entrenamiento por la tarde noche";"4713";"Bench Press (Barbell)";"4";"61.23496995";"10";"";"";"";"";""
"66";"2024-07-10 20:49:43";"Entrenamiento por la tarde noche";"4713";"Bicep Curl (Barbell)";"1";"22.6796185";"15";"";"";"";"";""
"66";"2024-07-10 20:49:43";"Entrenamiento por la tarde noche";"4713";"Bicep Curl (Barbell)";"2";"22.6796185";"10";"";"";"";"";""
"66";"2024-07-10 20:49:43";"Entrenamiento por la tarde noche";"4713";"Bicep Curl (Barbell)";"3";"22.6796185";"10";"";"";"";"";""
"66";"2024-07-10 20:49:43";"Entrenamiento por la tarde noche";"4713";"Bicep Curl (Barbell)";"4";"22.6796185";"8";"";"";"";"";""
"66";"2024-07-10 20:49:43";"Entrenamiento por la tarde noche";"4713";"Chest Dip";"1";"0.0";"15";"";"";"";"";""
"66";"2024-07-10 20:49:43";"Entrenamiento por la tarde noche";"4713";"Chest Dip";"2";"0.0";"13";"";"";"";"";""
"66";"2024-07-10 20:49:43";"Entrenamiento por la tarde noche";"4713";"Chest Dip";"3";"0.0";"10";"";"";"";"";""
"66";"2024-07-10 20:49:43";"Entrenamiento por la tarde noche";"4713";"Chest Dip";"4";"0.0";"10";"";"";"";"";""
"66";"2024-07-10 20:49:43";"Entrenamiento por la tarde noche";"4713";"Incline Curl (Dumbbell)";"1";"11.33980925";"8";"";"";"";"";""
"66";"2024-07-10 20:49:43";"Entrenamiento por la tarde noche";"4713";"Incline Curl (Dumbbell)";"2";"11.33980925";"8";"";"";"";"";""
"66";"2024-07-10 20:49:43";"Entrenamiento por la tarde noche";"4713";"Incline Curl (Dumbbell)";"3";"11.33980925";"7";"";"";"";"";""
"66";"2024-07-10 20:49:43";"Entrenamiento por la tarde noche";"4713";"Incline Curl (Dumbbell)";"4";"11.33980925";"6";"";"";"";"";""
"67";"2024-07-22 19:58:57";"Entrenamiento por la tarde noche";"1927";"Chest Dip";"1";"0.0";"20";"";"";"";"";""
"67";"2024-07-22 19:58:57";"Entrenamiento por la tarde noche";"1927";"Chest Dip";"2";"0.0";"12";"";"";"";"";""
"67";"2024-07-22 19:58:57";"Entrenamiento por la tarde noche";"1927";"Chest Dip";"3";"0.0";"12";"";"";"";"";""
"67";"2024-07-22 19:58:57";"Entrenamiento por la tarde noche";"1927";"Chest Dip";"4";"0.0";"10";"";"";"";"";""
"67";"2024-07-22 19:58:57";"Entrenamiento por la tarde noche";"1927";"Pull Up";"1";"0.0";"12";"";"";"";"";""
"67";"2024-07-22 19:58:57";"Entrenamiento por la tarde noche";"1927";"Pull Up";"2";"0.0";"8";"";"";"";"";""
"67";"2024-07-22 19:58:57";"Entrenamiento por la tarde noche";"1927";"Pull Up";"3";"0.0";"6";"";"";"";"";""
"67";"2024-07-22 19:58:57";"Entrenamiento por la tarde noche";"1927";"Pull Up";"4";"0.0";"6";"";"";"";"";""
"68";"2024-07-31 07:12:53";"Entrenamiento por la mañana";"3468";"Bench Press (Barbell)";"1";"61.23496995";"16";"";"";"";"";""
"68";"2024-07-31 07:12:53";"Entrenamiento por la mañana";"3468";"Bench Press (Barbell)";"2";"65.77089365";"12";"";"";"";"";""
"68";"2024-07-31 07:12:53";"Entrenamiento por la mañana";"3468";"Bench Press (Barbell)";"3";"65.77089365";"8";"";"";"";"";""
"68";"2024-07-31 07:12:53";"Entrenamiento por la mañana";"3468";"Bench Press (Barbell)";"4";"65.77089365";"8";"";"";"";"";""
"68";"2024-07-31 07:12:53";"Entrenamiento por la mañana";"3468";"Bicep Curl (Barbell)";"1";"22.6796185";"12";"";"";"";"";""
"68";"2024-07-31 07:12:53";"Entrenamiento por la mañana";"3468";"Bicep Curl (Barbell)";"2";"22.6796185";"12";"";"";"";"";""
"68";"2024-07-31 07:12:53";"Entrenamiento por la mañana";"3468";"Bicep Curl (Barbell)";"3";"22.6796185";"10";"";"";"";"";""
"68";"2024-07-31 07:12:53";"Entrenamiento por la mañana";"3468";"Bicep Curl (Barbell)";"4";"22.6796185";"8";"";"";"";"";""
"68";"2024-07-31 07:12:53";"Entrenamiento por la mañana";"3468";"Incline Bench Press (Dumbbell)";"1";"18.143694800000002";"12";"";"";"";"";""
"68";"2024-07-31 07:12:53";"Entrenamiento por la mañana";"3468";"Incline Bench Press (Dumbbell)";"2";"18.143694800000002";"12";"";"";"";"";""
"68";"2024-07-31 07:12:53";"Entrenamiento por la mañana";"3468";"Incline Bench Press (Dumbbell)";"3";"18.143694800000002";"12";"";"";"";"";""
"68";"2024-07-31 07:12:53";"Entrenamiento por la mañana";"3468";"Incline Curl (Dumbbell)";"1";"11.33980925";"6";"";"";"";"";""
"68";"2024-07-31 07:12:53";"Entrenamiento por la mañana";"3468";"Incline Curl (Dumbbell)";"2";"11.33980925";"6";"";"";"";"";""
"68";"2024-07-31 07:12:53";"Entrenamiento por la mañana";"3468";"Incline Curl (Dumbbell)";"3";"11.33980925";"6";"";"";"";"";""
"69";"2024-08-02 19:01:18";"Entrenamiento por la tarde noche";"2632";"Chin Up";"1";"0.0";"10";"";"";"";"";""
"69";"2024-08-02 19:01:18";"Entrenamiento por la tarde noche";"2632";"Chin Up";"2";"0.0";"6";"";"";"";"";""
"69";"2024-08-02 19:01:18";"Entrenamiento por la tarde noche";"2632";"Chin Up";"3";"0.0";"6";"";"";"";"";""
"69";"2024-08-02 19:01:18";"Entrenamiento por la tarde noche";"2632";"Chin Up";"4";"0.0";"4";"";"";"";"";""
"69";"2024-08-02 19:01:18";"Entrenamiento por la tarde noche";"2632";"Triceps Extension (Cable)";"1";"19.958064280000002";"12";"";"";"";"";""
"69";"2024-08-02 19:01:18";"Entrenamiento por la tarde noche";"2632";"Triceps Extension (Cable)";"2";"19.958064280000002";"12";"";"";"";"";""
"69";"2024-08-02 19:01:18";"Entrenamiento por la tarde noche";"2632";"Triceps Extension (Cable)";"3";"19.958064280000002";"10";"";"";"";"";""
"69";"2024-08-02 19:01:18";"Entrenamiento por la tarde noche";"2632";"Triceps Extension (Cable)";"4";"19.958064280000002";"8";"";"";"";"";""
"69";"2024-08-02 19:01:18";"Entrenamiento por la tarde noche";"2632";"Straight Pulldown ";"1";"24.947580350000003";"10";"";"";"";"";""
"69";"2024-08-02 19:01:18";"Entrenamiento por la tarde noche";"2632";"Straight Pulldown ";"2";"24.947580350000003";"10";"";"";"";"";""
"69";"2024-08-02 19:01:18";"Entrenamiento por la tarde noche";"2632";"Straight Pulldown ";"3";"24.947580350000003";"10";"";"";"";"";""
"69";"2024-08-02 19:01:18";"Entrenamiento por la tarde noche";"2632";"Straight Pulldown ";"4";"24.947580350000003";"8";"";"";"";"";""
"69";"2024-08-02 19:01:18";"Entrenamiento por la tarde noche";"2632";"Triceps Extension";"1";"17.463306245000002";"8";"";"";"";"";""
"69";"2024-08-02 19:01:18";"Entrenamiento por la tarde noche";"2632";"Triceps Extension";"2";"17.463306245000002";"10";"";"";"";"";""
"69";"2024-08-02 19:01:18";"Entrenamiento por la tarde noche";"2632";"Triceps Extension";"3";"17.463306245000002";"10";"";"";"";"";""
"69";"2024-08-02 19:01:18";"Entrenamiento por la tarde noche";"2632";"Triceps Extension";"4";"17.463306245000002";"10";"";"";"";"";""
"70";"2024-08-20 17:43:04";"Entrenamiento por la tarde";"2540";"Chin Up";"1";"0.0";"8";"";"";"";"";""
"70";"2024-08-20 17:43:04";"Entrenamiento por la tarde";"2540";"Chin Up";"2";"0.0";"7";"";"";"";"";""
"70";"2024-08-20 17:43:04";"Entrenamiento por la tarde";"2540";"Chin Up";"3";"0.0";"7";"";"";"";"";""
"70";"2024-08-20 17:43:04";"Entrenamiento por la tarde";"2540";"Chin Up";"4";"0.0";"4";"";"";"";"";""
"70";"2024-08-20 17:43:04";"Entrenamiento por la tarde";"2540";"Triceps Extension";"1";"17.463306245000002";"16";"";"";"";"";""
"70";"2024-08-20 17:43:04";"Entrenamiento por la tarde";"2540";"Triceps Extension";"2";"19.958064280000002";"14";"";"";"";"";""
"70";"2024-08-20 17:43:04";"Entrenamiento por la tarde";"2540";"Triceps Extension";"3";"19.958064280000002";"12";"";"";"";"";""
"70";"2024-08-20 17:43:04";"Entrenamiento por la tarde";"2540";"Triceps Extension";"4";"19.958064280000002";"8";"";"";"";"";""
"70";"2024-08-20 17:43:04";"Entrenamiento por la tarde";"2540";"Bench Press (Barbell)";"1";"65.77089365";"10";"";"";"";"";""
"70";"2024-08-20 17:43:04";"Entrenamiento por la tarde";"2540";"Bench Press (Barbell)";"2";"65.77089365";"10";"";"";"";"";""
"70";"2024-08-20 17:43:04";"Entrenamiento por la tarde";"2540";"Bench Press (Barbell)";"3";"65.77089365";"10";"";"";"";"";""
"70";"2024-08-20 17:43:04";"Entrenamiento por la tarde";"2540";"Bench Press (Barbell)";"4";"65.77089365";"10";"";"";"";"";""
"70";"2024-08-20 17:43:04";"Entrenamiento por la tarde";"2540";"Bicep Curl (Dumbbell)";"1";"15.875732950000002";"7";"";"";"";"";""
"70";"2024-08-20 17:43:04";"Entrenamiento por la tarde";"2540";"Bicep Curl (Dumbbell)";"2";"15.875732950000002";"6";"";"";"";"";""
"70";"2024-08-20 17:43:04";"Entrenamiento por la tarde";"2540";"Bicep Curl (Dumbbell)";"3";"15.875732950000002";"6";"";"";"";"";""
"70";"2024-08-20 17:43:04";"Entrenamiento por la tarde";"2540";"Bicep Curl (Dumbbell)";"4";"15.875732950000002";"6";"";"";"";"";""
"71";"2024-08-23 18:50:51";"Entrenamiento por la tarde noche";"2594";"Overhead Press (Dumbbell)";"1";"20.41165665";"10";"";"";"";"";""
"71";"2024-08-23 18:50:51";"Entrenamiento por la tarde noche";"2594";"Overhead Press (Dumbbell)";"2";"20.41165665";"10";"";"";"";"";""
"71";"2024-08-23 18:50:51";"Entrenamiento por la tarde noche";"2594";"Overhead Press (Dumbbell)";"3";"20.41165665";"8";"";"";"";"";""
"71";"2024-08-23 18:50:51";"Entrenamiento por la tarde noche";"2594";"Overhead Press (Dumbbell)";"4";"20.41165665";"8";"";"";"";"";""
"71";"2024-08-23 18:50:51";"Entrenamiento por la tarde noche";"2594";"Lateral Raise (Cable)";"1";"4.9895160700000005";"8";"";"";"";"";""
"71";"2024-08-23 18:50:51";"Entrenamiento por la tarde noche";"2594";"Lateral Raise (Cable)";"2";"4.9895160700000005";"10";"";"";"";"";""
"71";"2024-08-23 18:50:51";"Entrenamiento por la tarde noche";"2594";"Lateral Raise (Cable)";"3";"4.9895160700000005";"8";"";"";"";"";""
"71";"2024-08-23 18:50:51";"Entrenamiento por la tarde noche";"2594";"Lateral Raise (Cable)";"4";"4.9895160700000005";"8";"";"";"";"";""
"71";"2024-08-23 18:50:51";"Entrenamiento por la tarde noche";"2594";"Reverse Fly (Cable)";"1";"7.484274105000001";"8";"";"";"";"";""
"71";"2024-08-23 18:50:51";"Entrenamiento por la tarde noche";"2594";"Reverse Fly (Cable)";"2";"7.484274105000001";"6";"";"";"";"";""
"71";"2024-08-23 18:50:51";"Entrenamiento por la tarde noche";"2594";"Reverse Fly (Cable)";"3";"4.9895160700000005";"10";"";"";"";"";""
"71";"2024-08-23 18:50:51";"Entrenamiento por la tarde noche";"2594";"Reverse Fly (Cable)";"4";"4.9895160700000005";"10";"";"";"";"";""
"71";"2024-08-23 18:50:51";"Entrenamiento por la tarde noche";"2594";"Front Raise (Cable)";"1";"9.979032140000001";"8";"";"";"";"";""
"71";"2024-08-23 18:50:51";"Entrenamiento por la tarde noche";"2594";"Front Raise (Cable)";"2";"9.979032140000001";"8";"";"";"";"";""
"71";"2024-08-23 18:50:51";"Entrenamiento por la tarde noche";"2594";"Front Raise (Cable)";"3";"9.979032140000001";"8";"";"";"";"";""
"71";"2024-08-23 18:50:51";"Entrenamiento por la tarde noche";"2594";"Front Raise (Cable)";"4";"9.979032140000001";"8";"";"";"";"";""
"72";"2024-09-10 07:22:50";"Entrenamiento por la mañana";"2889";"Bench Press (Barbell)";"1";"61.23496995";"14";"";"";"";"";""
"72";"2024-09-10 07:22:50";"Entrenamiento por la mañana";"2889";"Bench Press (Barbell)";"2";"61.23496995";"12";"";"";"";"";""
"72";"2024-09-10 07:22:50";"Entrenamiento por la mañana";"2889";"Bench Press (Barbell)";"3";"61.23496995";"10";"";"";"";"";""
"72";"2024-09-10 07:22:50";"Entrenamiento por la mañana";"2889";"Bench Press (Barbell)";"4";"61.23496995";"8";"";"";"";"";""
"72";"2024-09-10 07:22:50";"Entrenamiento por la mañana";"2889";"Bicep Curl (Barbell)";"1";"22.6796185";"12";"";"";"";"";""
"72";"2024-09-10 07:22:50";"Entrenamiento por la mañana";"2889";"Bicep Curl (Barbell)";"2";"22.6796185";"10";"";"";"";"";""
"72";"2024-09-10 07:22:50";"Entrenamiento por la mañana";"2889";"Bicep Curl (Barbell)";"3";"22.6796185";"8";"";"";"";"";""
"72";"2024-09-10 07:22:50";"Entrenamiento por la mañana";"2889";"Bicep Curl (Barbell)";"4";"22.6796185";"8";"";"";"";"";""
"72";"2024-09-10 07:22:50";"Entrenamiento por la mañana";"2889";"Chest Dip";"1";"0.0";"10";"";"";"";"";""
"72";"2024-09-10 07:22:50";"Entrenamiento por la mañana";"2889";"Chest Dip";"2";"0.0";"10";"";"";"";"";""
"72";"2024-09-10 07:22:50";"Entrenamiento por la mañana";"2889";"Chest Dip";"3";"0.0";"8";"";"";"";"";""
"72";"2024-09-10 07:22:50";"Entrenamiento por la mañana";"2889";"Chest Dip";"4";"0.0";"8";"";"";"";"";""
"72";"2024-09-10 07:22:50";"Entrenamiento por la mañana";"2889";"Cable Crossover";"1";"14.968548210000002";"9";"";"";"";"";""
"72";"2024-09-10 07:22:50";"Entrenamiento por la mañana";"2889";"Cable Crossover";"2";"14.968548210000002";"7";"";"";"";"";""
"72";"2024-09-10 07:22:50";"Entrenamiento por la mañana";"2889";"Cable Crossover";"3";"12.473790175000001";"8";"";"";"";"";""
"72";"2024-09-10 07:22:50";"Entrenamiento por la mañana";"2889";"Cable Crossover";"4";"12.473790175000001";"7";"";"";"";"";""
"72";"2024-09-10 07:22:50";"Entrenamiento por la mañana";"2889";"Bicep Curl (Cable)";"1";"17.463306245000002";"10";"";"";"";"";""
"72";"2024-09-10 07:22:50";"Entrenamiento por la mañana";"2889";"Bicep Curl (Cable)";"2";"17.463306245000002";"8";"";"";"";"";""
"72";"2024-09-10 07:22:50";"Entrenamiento por la mañana";"2889";"Bicep Curl (Cable)";"3";"14.968548210000002";"10";"";"";"";"";""
"72";"2024-09-10 07:22:50";"Entrenamiento por la mañana";"2889";"Bicep Curl (Cable)";"4";"14.968548210000002";"8";"";"";"";"";""
"73";"2024-09-14 10:04:27";"Entrenamiento por la mañana";"2947";"Overhead Press (Dumbbell)";"1";"20.41165665";"12";"";"";"";"";""
"73";"2024-09-14 10:04:27";"Entrenamiento por la mañana";"2947";"Overhead Press (Dumbbell)";"2";"20.41165665";"8";"";"";"";"";""
"73";"2024-09-14 10:04:27";"Entrenamiento por la mañana";"2947";"Overhead Press (Dumbbell)";"3";"20.41165665";"7";"";"";"";"";""
"73";"2024-09-14 10:04:27";"Entrenamiento por la mañana";"2947";"Overhead Press (Dumbbell)";"4";"20.41165665";"6";"";"";"";"";""
"73";"2024-09-14 10:04:27";"Entrenamiento por la mañana";"2947";"Reverse Fly (Cable)";"1";"7.484274105000001";"12";"";"";"";"";""
"73";"2024-09-14 10:04:27";"Entrenamiento por la mañana";"2947";"Reverse Fly (Cable)";"2";"7.484274105000001";"8";"";"";"";"";""
"73";"2024-09-14 10:04:27";"Entrenamiento por la mañana";"2947";"Reverse Fly (Cable)";"3";"4.9895160700000005";"10";"";"";"";"";""
"73";"2024-09-14 10:04:27";"Entrenamiento por la mañana";"2947";"Reverse Fly (Cable)";"4";"4.9895160700000005";"10";"";"";"";"";""
"73";"2024-09-14 10:04:27";"Entrenamiento por la mañana";"2947";"Lateral Raise (Cable)";"1";"4.9895160700000005";"10";"";"";"";"";""
"73";"2024-09-14 10:04:27";"Entrenamiento por la mañana";"2947";"Lateral Raise (Cable)";"2";"4.9895160700000005";"8";"";"";"";"";""
"73";"2024-09-14 10:04:27";"Entrenamiento por la mañana";"2947";"Lateral Raise (Cable)";"3";"4.9895160700000005";"8";"";"";"";"";""
"73";"2024-09-14 10:04:27";"Entrenamiento por la mañana";"2947";"Lateral Raise (Cable)";"4";"4.9895160700000005";"9";"";"";"";"";""
"73";"2024-09-14 10:04:27";"Entrenamiento por la mañana";"2947";"Bicep Curl (Cable)";"1";"19.958064280000002";"10";"";"";"";"";""
"73";"2024-09-14 10:04:27";"Entrenamiento por la mañana";"2947";"Bicep Curl (Cable)";"2";"17.463306245000002";"10";"";"";"";"";""
"73";"2024-09-14 10:04:27";"Entrenamiento por la mañana";"2947";"Bicep Curl (Cable)";"3";"17.463306245000002";"10";"";"";"";"";""
"73";"2024-09-14 10:04:27";"Entrenamiento por la mañana";"2947";"Bicep Curl (Cable)";"4";"17.463306245000002";"10";"";"";"";"";""
"73";"2024-09-14 10:04:27";"Entrenamiento por la mañana";"2947";"Front Raise (Cable)";"1";"9.979032140000001";"8";"";"";"";"";""
"73";"2024-09-14 10:04:27";"Entrenamiento por la mañana";"2947";"Front Raise (Cable)";"2";"7.484274105000001";"10";"";"";"";"";""
"73";"2024-09-14 10:04:27";"Entrenamiento por la mañana";"2947";"Front Raise (Cable)";"3";"7.484274105000001";"10";"";"";"";"";""
"73";"2024-09-14 10:04:27";"Entrenamiento por la mañana";"2947";"Front Raise (Cable)";"4";"7.484274105000001";"10";"";"";"";"";""
"74";"2024-09-19 20:23:42";"Entrenamiento por la tarde noche";"2444";"Lat Pulldown (Cable)";"1";"64.86370891";"8";"";"";"";"";""
"74";"2024-09-19 20:23:42";"Entrenamiento por la tarde noche";"2444";"Lat Pulldown (Cable)";"2";"64.86370891";"6";"";"";"";"";""
"74";"2024-09-19 20:23:42";"Entrenamiento por la tarde noche";"2444";"Lat Pulldown (Cable)";"3";"67.13167076";"6";"";"";"";"";""
"74";"2024-09-19 20:23:42";"Entrenamiento por la tarde noche";"2444";"Lat Pulldown (Cable)";"4";"57.152638620000005";"8";"";"";"";"";""
"74";"2024-09-19 20:23:42";"Entrenamiento por la tarde noche";"2444";"Seated Wide-Grip Row (Cable)";"1";"44.905644630000005";"12";"";"";"";"";""
"74";"2024-09-19 20:23:42";"Entrenamiento por la tarde noche";"2444";"Seated Wide-Grip Row (Cable)";"2";"49.895160700000005";"9";"";"";"";"";""
"74";"2024-09-19 20:23:42";"Entrenamiento por la tarde noche";"2444";"Seated Wide-Grip Row (Cable)";"3";"49.895160700000005";"9";"";"";"";"";""
"74";"2024-09-19 20:23:42";"Entrenamiento por la tarde noche";"2444";"Seated Wide-Grip Row (Cable)";"4";"52.163122550000004";"8";"";"";"";"";""
"74";"2024-09-19 20:23:42";"Entrenamiento por la tarde noche";"2444";"Triceps Extension (Cable)";"1";"22.452822315000002";"10";"";"";"";"";""
"74";"2024-09-19 20:23:42";"Entrenamiento por la tarde noche";"2444";"Triceps Extension (Cable)";"2";"24.947580350000003";"10";"";"";"";"";""
"74";"2024-09-19 20:23:42";"Entrenamiento por la tarde noche";"2444";"Triceps Extension (Cable)";"3";"24.947580350000003";"8";"";"";"";"";""
"74";"2024-09-19 20:23:42";"Entrenamiento por la tarde noche";"2444";"Triceps Extension (Cable)";"4";"24.947580350000003";"8";"";"";"";"";""
"74";"2024-09-19 20:23:42";"Entrenamiento por la tarde noche";"2444";"Triceps Extension";"1";"19.958064280000002";"7";"";"";"";"";""
"74";"2024-09-19 20:23:42";"Entrenamiento por la tarde noche";"2444";"Triceps Extension";"2";"17.463306245000002";"7";"";"";"";"";""
"74";"2024-09-19 20:23:42";"Entrenamiento por la tarde noche";"2444";"Triceps Extension";"3";"17.463306245000002";"8";"";"";"";"";""
"74";"2024-09-19 20:23:42";"Entrenamiento por la tarde noche";"2444";"Triceps Extension";"4";"17.463306245000002";"7";"";"";"";"";""
"75";"2025-03-01 13:33:51";"Entrenamiento de mediodía";"3044";"Incline Bench Press (Barbell)";"1";"52.163122550000004";"10";"";"";"";"";""
"75";"2025-03-01 13:33:51";"Entrenamiento de mediodía";"3044";"Incline Bench Press (Barbell)";"2";"52.163122550000004";"10";"";"";"";"";""
"75";"2025-03-01 13:33:51";"Entrenamiento de mediodía";"3044";"Incline Bench Press (Barbell)";"3";"52.163122550000004";"6";"";"";"";"";""
"75";"2025-03-01 13:33:51";"Entrenamiento de mediodía";"3044";"Incline Bench Press (Barbell)";"4";"52.163122550000004";"6";"";"";"";"";""
"75";"2025-03-01 13:33:51";"Entrenamiento de mediodía";"3044";"Bicep Curl (Dumbbell)";"1";"13.6077711";"9";"";"";"";"";""
"75";"2025-03-01 13:33:51";"Entrenamiento de mediodía";"3044";"Bicep Curl (Dumbbell)";"2";"13.6077711";"7";"";"";"";"";""
"75";"2025-03-01 13:33:51";"Entrenamiento de mediodía";"3044";"Bicep Curl (Dumbbell)";"3";"11.33980925";"6";"";"";"";"";""
"75";"2025-03-01 13:33:51";"Entrenamiento de mediodía";"3044";"Bicep Curl (Dumbbell)";"4";"11.33980925";"5";"";"";"";"";""
"75";"2025-03-01 13:33:51";"Entrenamiento de mediodía";"3044";"Triceps Extension (Cable)";"1";"17.23651006";"10";"";"";"";"";""
"75";"2025-03-01 13:33:51";"Entrenamiento de mediodía";"3044";"Triceps Extension (Cable)";"2";"17.23651006";"6";"";"";"";"";""
"75";"2025-03-01 13:33:51";"Entrenamiento de mediodía";"3044";"Triceps Extension (Cable)";"3";"15.195344395000001";"7";"";"";"";"";""
"75";"2025-03-01 13:33:51";"Entrenamiento de mediodía";"3044";"Triceps Extension (Cable)";"4";"15.195344395000001";"5";"";"";"";"";""
"75";"2025-03-01 13:33:51";"Entrenamiento de mediodía";"3044";"Bicep Curl (Barbell)";"1";"18.143694800000002";"12";"";"";"";"";""
"75";"2025-03-01 13:33:51";"Entrenamiento de mediodía";"3044";"Bicep Curl (Barbell)";"2";"18.143694800000002";"10";"";"";"";"";""
"75";"2025-03-01 13:33:51";"Entrenamiento de mediodía";"3044";"Bicep Curl (Barbell)";"3";"18.143694800000002";"8";"";"";"";"";""
"75";"2025-03-01 13:33:51";"Entrenamiento de mediodía";"3044";"Bicep Curl (Barbell)";"4";"18.143694800000002";"7";"";"";"";"";""
"75";"2025-03-01 13:33:51";"Entrenamiento de mediodía";"3044";"Overhead Press (Dumbbell)";"1";"11.33980925";"10";"";"";"";"";""
"75";"2025-03-01 13:33:51";"Entrenamiento de mediodía";"3044";"Overhead Press (Dumbbell)";"2";"11.33980925";"8";"";"";"";"";""
"75";"2025-03-01 13:33:51";"Entrenamiento de mediodía";"3044";"Overhead Press (Dumbbell)";"3";"11.33980925";"9";"";"";"";"";""
"75";"2025-03-01 13:33:51";"Entrenamiento de mediodía";"3044";"Overhead Press (Dumbbell)";"4";"11.33980925";"7";"";"";"";"";""
"76";"2025-03-03 17:31:17";"Entrenamiento por la tarde";"2755";"Seated Row (Cable)";"1";"39.916095999999996";"20";"";"";"";"";""
"76";"2025-03-03 17:31:17";"Entrenamiento por la tarde";"2755";"Seated Row (Cable)";"Rest Timer";"";"";"";"";"110.0";"";""
"76";"2025-03-03 17:31:17";"Entrenamiento por la tarde";"2755";"Seated Row (Cable)";"2";"44.905608";"16";"";"";"";"";""
"76";"2025-03-03 17:31:17";"Entrenamiento por la tarde";"2755";"Seated Row (Cable)";"Rest Timer";"";"";"";"";"110.0";"";""
"76";"2025-03-03 17:31:17";"Entrenamiento por la tarde";"2755";"Seated Row (Cable)";"3";"44.905608";"13";"";"";"";"";""
"76";"2025-03-03 17:31:17";"Entrenamiento por la tarde";"2755";"Seated Row (Cable)";"Rest Timer";"";"";"";"";"110.0";"";""
"76";"2025-03-03 17:31:17";"Entrenamiento por la tarde";"2755";"Seated Row (Cable)";"4";"44.905608";"12";"";"";"";"";""
"76";"2025-03-03 17:31:17";"Entrenamiento por la tarde";"2755";"Seated Row (Cable)";"Rest Timer";"";"";"";"";"110.0";"";""
"76";"2025-03-03 17:31:17";"Entrenamiento por la tarde";"2755";"Straight Pulldown ";"1";"22.452804";"20";"";"";"";"";""
"76";"2025-03-03 17:31:17";"Entrenamiento por la tarde";"2755";"Straight Pulldown ";"Rest Timer";"";"";"";"";"110.0";"";""
"76";"2025-03-03 17:31:17";"Entrenamiento por la tarde";"2755";"Straight Pulldown ";"2";"22.452804";"12";"";"";"";"";""
"76";"2025-03-03 17:31:17";"Entrenamiento por la tarde";"2755";"Straight Pulldown ";"Rest Timer";"";"";"";"";"110.0";"";""
"76";"2025-03-03 17:31:17";"Entrenamiento por la tarde";"2755";"Straight Pulldown ";"3";"22.452804";"10";"";"";"";"";""
"76";"2025-03-03 17:31:17";"Entrenamiento por la tarde";"2755";"Straight Pulldown ";"Rest Timer";"";"";"";"";"110.0";"";""
"76";"2025-03-03 17:31:17";"Entrenamiento por la tarde";"2755";"Straight Pulldown ";"4";"22.452804";"8";"";"";"";"";""
"76";"2025-03-03 17:31:17";"Entrenamiento por la tarde";"2755";"Straight Pulldown ";"Rest Timer";"";"";"";"";"110.0";"";""
"76";"2025-03-03 17:31:17";"Entrenamiento por la tarde";"2755";"Cable Crossover";"1";"9.979023999999999";"12";"";"";"";"";""
"76";"2025-03-03 17:31:17";"Entrenamiento por la tarde";"2755";"Cable Crossover";"Rest Timer";"";"";"";"";"110.0";"";""
"76";"2025-03-03 17:31:17";"Entrenamiento por la tarde";"2755";"Cable Crossover";"2";"9.979023999999999";"11";"";"";"";"";""
"76";"2025-03-03 17:31:17";"Entrenamiento por la tarde";"2755";"Cable Crossover";"Rest Timer";"";"";"";"";"110.0";"";""
"76";"2025-03-03 17:31:17";"Entrenamiento por la tarde";"2755";"Cable Crossover";"3";"9.979023999999999";"9";"";"";"";"";""
"76";"2025-03-03 17:31:17";"Entrenamiento por la tarde";"2755";"Cable Crossover";"Rest Timer";"";"";"";"";"110.0";"";""
"76";"2025-03-03 17:31:17";"Entrenamiento por la tarde";"2755";"Cable Crossover";"4";"9.979023999999999";"8";"";"";"";"";""
"76";"2025-03-03 17:31:17";"Entrenamiento por la tarde";"2755";"Cable Crossover";"Rest Timer";"";"";"";"";"110.0";"";""
"76";"2025-03-03 17:31:17";"Entrenamiento por la tarde";"2755";"Lat Pulldown (Cable)";"1";"44.905608";"12";"";"";"";"";""
"76";"2025-03-03 17:31:17";"Entrenamiento por la tarde";"2755";"Lat Pulldown (Cable)";"Rest Timer";"";"";"";"";"110.0";"";""
"76";"2025-03-03 17:31:17";"Entrenamiento por la tarde";"2755";"Lat Pulldown (Cable)";"2";"44.905608";"8";"";"";"";"";""
"76";"2025-03-03 17:31:17";"Entrenamiento por la tarde";"2755";"Lat Pulldown (Cable)";"Rest Timer";"";"";"";"";"110.0";"";""
"76";"2025-03-03 17:31:17";"Entrenamiento por la tarde";"2755";"Lat Pulldown (Cable)";"3";"44.905608";"6";"";"";"";"";""
"76";"2025-03-03 17:31:17";"Entrenamiento por la tarde";"2755";"Lat Pulldown (Cable)";"Rest Timer";"";"";"";"";"110.0";"";""
"76";"2025-03-03 17:31:17";"Entrenamiento por la tarde";"2755";"Lat Pulldown (Cable)";"4";"39.916095999999996";"8";"";"";"";"";""
"76";"2025-03-03 17:31:17";"Entrenamiento por la tarde";"2755";"Lat Pulldown (Cable)";"Rest Timer";"";"";"";"";"110.0";"";""
"76";"2025-03-03 17:31:17";"Entrenamiento por la tarde";"2755";"Russian Twist";"1";"";"16";"";"";"";"";""
"76";"2025-03-03 17:31:17";"Entrenamiento por la tarde";"2755";"Russian Twist";"Rest Timer";"";"";"";"";"110.0";"";""
"76";"2025-03-03 17:31:17";"Entrenamiento por la tarde";"2755";"Russian Twist";"2";"";"13";"";"";"";"";""
"76";"2025-03-03 17:31:17";"Entrenamiento por la tarde";"2755";"Russian Twist";"Rest Timer";"";"";"";"";"110.0";"";""
"76";"2025-03-03 17:31:17";"Entrenamiento por la tarde";"2755";"Russian Twist";"3";"";"12";"";"";"";"";""
"76";"2025-03-03 17:31:17";"Entrenamiento por la tarde";"2755";"Russian Twist";"Rest Timer";"";"";"";"";"110.0";"";""
"76";"2025-03-03 17:31:17";"Entrenamiento por la tarde";"2755";"Russian Twist";"4";"";"15";"";"";"";"";""
"76";"2025-03-03 17:31:17";"Entrenamiento por la tarde";"2755";"Russian Twist";"Rest Timer";"";"";"";"";"110.0";"";""
"77";"2025-03-05 16:54:34";"Entrenamiento por la tarde";"4261";"Squat (Barbell)";"1";"43.09124";"15";"";"";"";"";""
"77";"2025-03-05 16:54:34";"Entrenamiento por la tarde";"4261";"Squat (Barbell)";"Rest Timer";"";"";"";"";"110.0";"";""
"77";"2025-03-05 16:54:34";"Entrenamiento por la tarde";"4261";"Squat (Barbell)";"2";"43.09124";"15";"";"";"";"";""
"77";"2025-03-05 16:54:34";"Entrenamiento por la tarde";"4261";"Squat (Barbell)";"Rest Timer";"";"";"";"";"110.0";"";""
"77";"2025-03-05 16:54:34";"Entrenamiento por la tarde";"4261";"Squat (Barbell)";"3";"43.09124";"10";"";"";"";"";""
"77";"2025-03-05 16:54:34";"Entrenamiento por la tarde";"4261";"Squat (Barbell)";"Rest Timer";"";"";"";"";"110.0";"";""
"77";"2025-03-05 16:54:34";"Entrenamiento por la tarde";"4261";"Squat (Barbell)";"4";"43.09124";"10";"";"";"";"";""
"77";"2025-03-05 16:54:34";"Entrenamiento por la tarde";"4261";"Squat (Barbell)";"Rest Timer";"";"";"";"";"110.0";"";""
"77";"2025-03-05 16:54:34";"Entrenamiento por la tarde";"4261";"Front Squat (Barbell)";"1";"43.09124";"6";"";"";"";"";""
"77";"2025-03-05 16:54:34";"Entrenamiento por la tarde";"4261";"Front Squat (Barbell)";"Rest Timer";"";"";"";"";"120.0";"";""
"77";"2025-03-05 16:54:34";"Entrenamiento por la tarde";"4261";"Front Squat (Barbell)";"2";"43.09124";"6";"";"";"";"";""
"77";"2025-03-05 16:54:34";"Entrenamiento por la tarde";"4261";"Front Squat (Barbell)";"Rest Timer";"";"";"";"";"110.0";"";""
"77";"2025-03-05 16:54:34";"Entrenamiento por la tarde";"4261";"Front Squat (Barbell)";"3";"43.09124";"6";"";"";"";"";""
"77";"2025-03-05 16:54:34";"Entrenamiento por la tarde";"4261";"Front Squat (Barbell)";"Rest Timer";"";"";"";"";"110.0";"";""
"77";"2025-03-05 16:54:34";"Entrenamiento por la tarde";"4261";"Front Squat (Barbell)";"4";"43.09124";"6";"";"";"";"";""
"77";"2025-03-05 16:54:34";"Entrenamiento por la tarde";"4261";"Front Squat (Barbell)";"Rest Timer";"";"";"";"";"110.0";"";""
"77";"2025-03-05 16:54:34";"Entrenamiento por la tarde";"4261";"Cable Twist";"1";"9.979023999999999";"15";"";"";"";"";""
"77";"2025-03-05 16:54:34";"Entrenamiento por la tarde";"4261";"Cable Twist";"Rest Timer";"";"";"";"";"120.0";"";""
"77";"2025-03-05 16:54:34";"Entrenamiento por la tarde";"4261";"Cable Twist";"2";"12.47378";"12";"";"";"";"";""
"77";"2025-03-05 16:54:34";"Entrenamiento por la tarde";"4261";"Cable Twist";"Rest Timer";"";"";"";"";"120.0";"";""
"77";"2025-03-05 16:54:34";"Entrenamiento por la tarde";"4261";"Cable Twist";"3";"12.47378";"12";"";"";"";"";""
"77";"2025-03-05 16:54:34";"Entrenamiento por la tarde";"4261";"Cable Twist";"Rest Timer";"";"";"";"";"110.0";"";""
"77";"2025-03-05 16:54:34";"Entrenamiento por la tarde";"4261";"Cable Twist";"4";"14.968536";"10";"";"";"";"";""
"77";"2025-03-05 16:54:34";"Entrenamiento por la tarde";"4261";"Cable Twist";"Rest Timer";"";"";"";"";"110.0";"";""
"77";"2025-03-05 16:54:34";"Entrenamiento por la tarde";"4261";"Standing Calf Raise (Machine)";"1";"29.48348";"10";"";"";"";"";""
"77";"2025-03-05 16:54:34";"Entrenamiento por la tarde";"4261";"Standing Calf Raise (Machine)";"Rest Timer";"";"";"";"";"90.0";"";""
"77";"2025-03-05 16:54:34";"Entrenamiento por la tarde";"4261";"Standing Calf Raise (Machine)";"2";"29.48348";"10";"";"";"";"";""
"77";"2025-03-05 16:54:34";"Entrenamiento por la tarde";"4261";"Standing Calf Raise (Machine)";"Rest Timer";"";"";"";"";"110.0";"";""
"77";"2025-03-05 16:54:34";"Entrenamiento por la tarde";"4261";"Standing Calf Raise (Machine)";"3";"29.48348";"10";"";"";"";"";""
"77";"2025-03-05 16:54:34";"Entrenamiento por la tarde";"4261";"Standing Calf Raise (Machine)";"Rest Timer";"";"";"";"";"110.0";"";""
"77";"2025-03-05 16:54:34";"Entrenamiento por la tarde";"4261";"Standing Calf Raise (Machine)";"4";"29.48348";"10";"";"";"";"";""
"77";"2025-03-05 16:54:34";"Entrenamiento por la tarde";"4261";"Standing Calf Raise (Machine)";"Rest Timer";"";"";"";"";"110.0";"";""
"77";"2025-03-05 16:54:34";"Entrenamiento por la tarde";"4261";"Knee Raise (Captain's Chair)";"1";"0.0";"10";"";"";"";"";""
"77";"2025-03-05 16:54:34";"Entrenamiento por la tarde";"4261";"Knee Raise (Captain's Chair)";"Rest Timer";"";"";"";"";"110.0";"";""
"77";"2025-03-05 16:54:34";"Entrenamiento por la tarde";"4261";"Knee Raise (Captain's Chair)";"2";"0.0";"10";"";"";"";"";""
"77";"2025-03-05 16:54:34";"Entrenamiento por la tarde";"4261";"Knee Raise (Captain's Chair)";"Rest Timer";"";"";"";"";"110.0";"";""
"77";"2025-03-05 16:54:34";"Entrenamiento por la tarde";"4261";"Knee Raise (Captain's Chair)";"3";"0.0";"8";"";"";"";"";""
"77";"2025-03-05 16:54:34";"Entrenamiento por la tarde";"4261";"Knee Raise (Captain's Chair)";"Rest Timer";"";"";"";"";"110.0";"";""
"77";"2025-03-05 16:54:34";"Entrenamiento por la tarde";"4261";"Knee Raise (Captain's Chair)";"4";"0.0";"8";"";"";"";"";""
"77";"2025-03-05 16:54:34";"Entrenamiento por la tarde";"4261";"Knee Raise (Captain's Chair)";"Rest Timer";"";"";"";"";"110.0";"";""
"78";"2025-03-08 11:15:44";"Entrenamiento por la mañana";"2877";"Seated Overhead Press (Dumbbell)";"1";"13.6077711";"15";"";"";"";"";""
"78";"2025-03-08 11:15:44";"Entrenamiento por la mañana";"2877";"Seated Overhead Press (Dumbbell)";"Rest Timer";"";"";"";"";"110.0";"";""
"78";"2025-03-08 11:15:44";"Entrenamiento por la mañana";"2877";"Seated Overhead Press (Dumbbell)";"2";"15.87572";"10";"";"";"";"";""
"78";"2025-03-08 11:15:44";"Entrenamiento por la mañana";"2877";"Seated Overhead Press (Dumbbell)";"Rest Timer";"";"";"";"";"110.0";"";""
"78";"2025-03-08 11:15:44";"Entrenamiento por la mañana";"2877";"Seated Overhead Press (Dumbbell)";"3";"15.87572";"10";"";"";"";"";""
"78";"2025-03-08 11:15:44";"Entrenamiento por la mañana";"2877";"Seated Overhead Press (Dumbbell)";"Rest Timer";"";"";"";"";"110.0";"";""
"78";"2025-03-08 11:15:44";"Entrenamiento por la mañana";"2877";"Seated Overhead Press (Dumbbell)";"4";"15.87572";"8";"";"";"";"";""
"78";"2025-03-08 11:15:44";"Entrenamiento por la mañana";"2877";"Seated Overhead Press (Dumbbell)";"Rest Timer";"";"";"";"";"110.0";"";""
"78";"2025-03-08 11:15:44";"Entrenamiento por la mañana";"2877";"Lateral Raise (Dumbbell)";"1";"6.8038799999999995";"15";"";"";"";"";""
"78";"2025-03-08 11:15:44";"Entrenamiento por la mañana";"2877";"Lateral Raise (Dumbbell)";"Rest Timer";"";"";"";"";"110.0";"";""
"78";"2025-03-08 11:15:44";"Entrenamiento por la mañana";"2877";"Lateral Raise (Dumbbell)";"2";"6.8038799999999995";"12";"";"";"";"";""
"78";"2025-03-08 11:15:44";"Entrenamiento por la mañana";"2877";"Lateral Raise (Dumbbell)";"Rest Timer";"";"";"";"";"110.0";"";""
"78";"2025-03-08 11:15:44";"Entrenamiento por la mañana";"2877";"Lateral Raise (Dumbbell)";"3";"6.8038799999999995";"12";"";"";"";"";""
"78";"2025-03-08 11:15:44";"Entrenamiento por la mañana";"2877";"Lateral Raise (Dumbbell)";"Rest Timer";"";"";"";"";"90.0";"";""
"78";"2025-03-08 11:15:44";"Entrenamiento por la mañana";"2877";"Lateral Raise (Dumbbell)";"4";"6.8038799999999995";"10";"";"";"90.0";"";""
"78";"2025-03-08 11:15:44";"Entrenamiento por la mañana";"2877";"Lateral Raise (Dumbbell)";"Rest Timer";"";"";"";"";"110.0";"";""
"78";"2025-03-08 11:15:44";"Entrenamiento por la mañana";"2877";"Front Raise (Dumbbell)";"1";"6.8038799999999995";"10";"";"";"";"";""
"78";"2025-03-08 11:15:44";"Entrenamiento por la mañana";"2877";"Front Raise (Dumbbell)";"Rest Timer";"";"";"";"";"110.0";"";""
"78";"2025-03-08 11:15:44";"Entrenamiento por la mañana";"2877";"Front Raise (Dumbbell)";"2";"6.8038799999999995";"8";"";"";"";"";""
"78";"2025-03-08 11:15:44";"Entrenamiento por la mañana";"2877";"Front Raise (Dumbbell)";"Rest Timer";"";"";"";"";"110.0";"";""
"78";"2025-03-08 11:15:44";"Entrenamiento por la mañana";"2877";"Front Raise (Dumbbell)";"3";"6.8038799999999995";"8";"";"";"";"";""
"78";"2025-03-08 11:15:44";"Entrenamiento por la mañana";"2877";"Front Raise (Dumbbell)";"Rest Timer";"";"";"";"";"110.0";"";""
"78";"2025-03-08 11:15:44";"Entrenamiento por la mañana";"2877";"Front Raise (Dumbbell)";"4";"6.8038799999999995";"10";"";"";"";"";""
"78";"2025-03-08 11:15:44";"Entrenamiento por la mañana";"2877";"Front Raise (Dumbbell)";"Rest Timer";"";"";"";"";"110.0";"";""
"78";"2025-03-08 11:15:44";"Entrenamiento por la mañana";"2877";"Reverse Fly (Dumbbell)";"1";"6.8038799999999995";"10";"";"";"";"";""
"78";"2025-03-08 11:15:44";"Entrenamiento por la mañana";"2877";"Reverse Fly (Dumbbell)";"Rest Timer";"";"";"";"";"110.0";"";""
"78";"2025-03-08 11:15:44";"Entrenamiento por la mañana";"2877";"Reverse Fly (Dumbbell)";"2";"6.8038799999999995";"8";"";"";"";"";""
"78";"2025-03-08 11:15:44";"Entrenamiento por la mañana";"2877";"Reverse Fly (Dumbbell)";"Rest Timer";"";"";"";"";"110.0";"";""
"78";"2025-03-08 11:15:44";"Entrenamiento por la mañana";"2877";"Reverse Fly (Dumbbell)";"3";"6.8038799999999995";"10";"";"";"";"";""
"78";"2025-03-08 11:15:44";"Entrenamiento por la mañana";"2877";"Reverse Fly (Dumbbell)";"Rest Timer";"";"";"";"";"110.0";"";""
"78";"2025-03-08 11:15:44";"Entrenamiento por la mañana";"2877";"Reverse Fly (Dumbbell)";"4";"6.8038799999999995";"8";"";"";"";"";""
"78";"2025-03-08 11:15:44";"Entrenamiento por la mañana";"2877";"Reverse Fly (Dumbbell)";"Rest Timer";"";"";"";"";"110.0";"";""
"78";"2025-03-08 11:15:44";"Entrenamiento por la mañana";"2877";"Bicep Curl (Dumbbell)";"1";"11.3398";"10";"";"";"";"";""
"78";"2025-03-08 11:15:44";"Entrenamiento por la mañana";"2877";"Bicep Curl (Dumbbell)";"Rest Timer";"";"";"";"";"110.0";"";""
"78";"2025-03-08 11:15:44";"Entrenamiento por la mañana";"2877";"Bicep Curl (Dumbbell)";"2";"11.3398";"8";"";"";"";"";""
"78";"2025-03-08 11:15:44";"Entrenamiento por la mañana";"2877";"Bicep Curl (Dumbbell)";"Rest Timer";"";"";"";"";"110.0";"";""
"78";"2025-03-08 11:15:44";"Entrenamiento por la mañana";"2877";"Bicep Curl (Dumbbell)";"3";"11.3398";"8";"";"";"";"";""
"78";"2025-03-08 11:15:44";"Entrenamiento por la mañana";"2877";"Bicep Curl (Dumbbell)";"Rest Timer";"";"";"";"";"110.0";"";""
"78";"2025-03-08 11:15:44";"Entrenamiento por la mañana";"2877";"Bicep Curl (Dumbbell)";"4";"11.3398";"8";"";"";"";"";""
"78";"2025-03-08 11:15:44";"Entrenamiento por la mañana";"2877";"Bicep Curl (Dumbbell)";"Rest Timer";"";"";"";"";"110.0";"";""
"79";"2025-03-09 08:55:22";"Entrenamiento por la mañana";"3592";"Chest Dip";"1";"0.0";"8";"";"";"";"";""
"79";"2025-03-09 08:55:22";"Entrenamiento por la mañana";"3592";"Chest Dip";"Rest Timer";"";"";"";"";"110.0";"";""
"79";"2025-03-09 08:55:22";"Entrenamiento por la mañana";"3592";"Chest Dip";"2";"0.0";"8";"";"";"";"";""
"79";"2025-03-09 08:55:22";"Entrenamiento por la mañana";"3592";"Chest Dip";"Rest Timer";"";"";"";"";"110.0";"";""
"79";"2025-03-09 08:55:22";"Entrenamiento por la mañana";"3592";"Chest Dip";"3";"0.0";"8";"";"";"";"";""
"79";"2025-03-09 08:55:22";"Entrenamiento por la mañana";"3592";"Chest Dip";"Rest Timer";"";"";"";"";"110.0";"";""
"79";"2025-03-09 08:55:22";"Entrenamiento por la mañana";"3592";"Chest Dip";"4";"0.0";"6";"";"";"";"";""
"79";"2025-03-09 08:55:22";"Entrenamiento por la mañana";"3592";"Chest Dip";"Rest Timer";"";"";"";"";"110.0";"";""
"79";"2025-03-09 08:55:22";"Entrenamiento por la mañana";"3592";"Seated Row (Cable)";"1";"44.905608";"20";"";"";"";"";""
"79";"2025-03-09 08:55:22";"Entrenamiento por la mañana";"3592";"Seated Row (Cable)";"Rest Timer";"";"";"";"";"110.0";"";""
"79";"2025-03-09 08:55:22";"Entrenamiento por la mañana";"3592";"Seated Row (Cable)";"2";"44.905608";"16";"";"";"";"";""
"79";"2025-03-09 08:55:22";"Entrenamiento por la mañana";"3592";"Seated Row (Cable)";"Rest Timer";"";"";"";"";"110.0";"";""
"79";"2025-03-09 08:55:22";"Entrenamiento por la mañana";"3592";"Seated Row (Cable)";"3";"44.905608";"10";"";"";"";"";""
"79";"2025-03-09 08:55:22";"Entrenamiento por la mañana";"3592";"Seated Row (Cable)";"Rest Timer";"";"";"";"";"110.0";"";""
"79";"2025-03-09 08:55:22";"Entrenamiento por la mañana";"3592";"Seated Row (Cable)";"4";"44.905608";"14";"";"";"";"";""
"79";"2025-03-09 08:55:22";"Entrenamiento por la mañana";"3592";"Seated Row (Cable)";"Rest Timer";"";"";"";"";"110.0";"";""
"79";"2025-03-09 08:55:22";"Entrenamiento por la mañana";"3592";"Cable Crossover";"1";"12.47378";"15";"";"";"";"";""
"79";"2025-03-09 08:55:22";"Entrenamiento por la mañana";"3592";"Cable Crossover";"Rest Timer";"";"";"";"";"110.0";"";""
"79";"2025-03-09 08:55:22";"Entrenamiento por la mañana";"3592";"Cable Crossover";"2";"12.47378";"12";"";"";"";"";""
"79";"2025-03-09 08:55:22";"Entrenamiento por la mañana";"3592";"Cable Crossover";"Rest Timer";"";"";"";"";"110.0";"";""
"79";"2025-03-09 08:55:22";"Entrenamiento por la mañana";"3592";"Cable Crossover";"3";"12.47378";"10";"";"";"";"";""
"79";"2025-03-09 08:55:22";"Entrenamiento por la mañana";"3592";"Cable Crossover";"Rest Timer";"";"";"";"";"110.0";"";""
"79";"2025-03-09 08:55:22";"Entrenamiento por la mañana";"3592";"Cable Crossover";"4";"12.47378";"8";"";"";"";"";""
"79";"2025-03-09 08:55:22";"Entrenamiento por la mañana";"3592";"Cable Crossover";"Rest Timer";"";"";"";"";"110.0";"";""
"79";"2025-03-09 08:55:22";"Entrenamiento por la mañana";"3592";"Toes To Bar";"1";"";"6";"";"";"";"";""
"79";"2025-03-09 08:55:22";"Entrenamiento por la mañana";"3592";"Toes To Bar";"Rest Timer";"";"";"";"";"110.0";"";""
"79";"2025-03-09 08:55:22";"Entrenamiento por la mañana";"3592";"Toes To Bar";"2";"";"4";"";"";"";"";""
"79";"2025-03-09 08:55:22";"Entrenamiento por la mañana";"3592";"Toes To Bar";"Rest Timer";"";"";"";"";"110.0";"";""
"79";"2025-03-09 08:55:22";"Entrenamiento por la mañana";"3592";"Toes To Bar";"3";"";"5";"";"";"";"";""
"79";"2025-03-09 08:55:22";"Entrenamiento por la mañana";"3592";"Toes To Bar";"Rest Timer";"";"";"";"";"110.0";"";""
"79";"2025-03-09 08:55:22";"Entrenamiento por la mañana";"3592";"Toes To Bar";"4";"";"4";"";"";"";"";""
"79";"2025-03-09 08:55:22";"Entrenamiento por la mañana";"3592";"Toes To Bar";"Rest Timer";"";"";"";"";"110.0";"";""
"79";"2025-03-09 08:55:22";"Entrenamiento por la mañana";"3592";"Face Pull (Cable)";"1";"12.47378";"12";"";"";"";"";""
"79";"2025-03-09 08:55:22";"Entrenamiento por la mañana";"3592";"Face Pull (Cable)";"Rest Timer";"";"";"";"";"110.0";"";""
"79";"2025-03-09 08:55:22";"Entrenamiento por la mañana";"3592";"Face Pull (Cable)";"2";"14.968536";"10";"";"";"";"";""
"79";"2025-03-09 08:55:22";"Entrenamiento por la mañana";"3592";"Face Pull (Cable)";"Rest Timer";"";"";"";"";"110.0";"";""
"79";"2025-03-09 08:55:22";"Entrenamiento por la mañana";"3592";"Face Pull (Cable)";"3";"14.968536";"15";"";"";"";"";""
"79";"2025-03-09 08:55:22";"Entrenamiento por la mañana";"3592";"Face Pull (Cable)";"Rest Timer";"";"";"";"";"110.0";"";""
"79";"2025-03-09 08:55:22";"Entrenamiento por la mañana";"3592";"Face Pull (Cable)";"4";"14.968536";"15";"";"";"";"";""
"79";"2025-03-09 08:55:22";"Entrenamiento por la mañana";"3592";"Face Pull (Cable)";"Rest Timer";"";"";"";"";"110.0";"";""
"80";"2025-03-24 16:06:30";"Entrenamiento por la tarde";"2825";"Bench Press (Barbell)";"1";"61.23492";"8";"";"";"";"";""
"80";"2025-03-24 16:06:30";"Entrenamiento por la tarde";"2825";"Bench Press (Barbell)";"Rest Timer";"";"";"";"";"110.0";"";""
"80";"2025-03-24 16:06:30";"Entrenamiento por la tarde";"2825";"Bench Press (Barbell)";"2";"61.23492";"10";"";"";"";"";""
"80";"2025-03-24 16:06:30";"Entrenamiento por la tarde";"2825";"Bench Press (Barbell)";"Rest Timer";"";"";"";"";"110.0";"";""
"80";"2025-03-24 16:06:30";"Entrenamiento por la tarde";"2825";"Bench Press (Barbell)";"3";"61.23492";"8";"";"";"";"";""
"80";"2025-03-24 16:06:30";"Entrenamiento por la tarde";"2825";"Bench Press (Barbell)";"Rest Timer";"";"";"";"";"110.0";"";""
"80";"2025-03-24 16:06:30";"Entrenamiento por la tarde";"2825";"Bench Press (Barbell)";"4";"61.23492";"8";"";"";"";"";""
"80";"2025-03-24 16:06:30";"Entrenamiento por la tarde";"2825";"Bench Press (Barbell)";"Rest Timer";"";"";"";"";"110.0";"";""
"80";"2025-03-24 16:06:30";"Entrenamiento por la tarde";"2825";"Cable Crossover";"1";"12.47378";"10";"";"";"";"";""
"80";"2025-03-24 16:06:30";"Entrenamiento por la tarde";"2825";"Cable Crossover";"Rest Timer";"";"";"";"";"110.0";"";""
"80";"2025-03-24 16:06:30";"Entrenamiento por la tarde";"2825";"Cable Crossover";"2";"9.979023999999999";"10";"";"";"";"";""
"80";"2025-03-24 16:06:30";"Entrenamiento por la tarde";"2825";"Cable Crossover";"Rest Timer";"";"";"";"";"110.0";"";""
"80";"2025-03-24 16:06:30";"Entrenamiento por la tarde";"2825";"Cable Crossover";"3";"9.979023999999999";"10";"";"";"";"";""
"80";"2025-03-24 16:06:30";"Entrenamiento por la tarde";"2825";"Cable Crossover";"Rest Timer";"";"";"";"";"110.0";"";""
"80";"2025-03-24 16:06:30";"Entrenamiento por la tarde";"2825";"Cable Crossover";"4";"9.979023999999999";"10";"";"";"";"";""
"80";"2025-03-24 16:06:30";"Entrenamiento por la tarde";"2825";"Cable Crossover";"Rest Timer";"";"";"";"";"110.0";"";""
"80";"2025-03-24 16:06:30";"Entrenamiento por la tarde";"2825";"Overhead Cable Curl";"1";"12.473790175000001";"4";"";"";"";"";""
"80";"2025-03-24 16:06:30";"Entrenamiento por la tarde";"2825";"Overhead Cable Curl";"Rest Timer";"";"";"";"";"110.0";"";""
"80";"2025-03-24 16:06:30";"Entrenamiento por la tarde";"2825";"Overhead Cable Curl";"2";"9.979023999999999";"6";"";"";"";"";""
"80";"2025-03-24 16:06:30";"Entrenamiento por la tarde";"2825";"Overhead Cable Curl";"Rest Timer";"";"";"";"";"110.0";"";""
"80";"2025-03-24 16:06:30";"Entrenamiento por la tarde";"2825";"Overhead Cable Curl";"3";"9.979023999999999";"4";"";"";"";"";""
"80";"2025-03-24 16:06:30";"Entrenamiento por la tarde";"2825";"Overhead Cable Curl";"Rest Timer";"";"";"";"";"110.0";"";""
"80";"2025-03-24 16:06:30";"Entrenamiento por la tarde";"2825";"Overhead Cable Curl";"4";"9.979023999999999";"4";"";"";"";"";""
"80";"2025-03-24 16:06:30";"Entrenamiento por la tarde";"2825";"Overhead Cable Curl";"Rest Timer";"";"";"";"";"110.0";"";""
"80";"2025-03-24 16:06:30";"Entrenamiento por la tarde";"2825";"Chest Dip";"1";"0.0";"6";"";"";"";"";""
"80";"2025-03-24 16:06:30";"Entrenamiento por la tarde";"2825";"Chest Dip";"Rest Timer";"";"";"";"";"110.0";"";""
"80";"2025-03-24 16:06:30";"Entrenamiento por la tarde";"2825";"Chest Dip";"2";"0.0";"5";"";"";"";"";""
"80";"2025-03-24 16:06:30";"Entrenamiento por la tarde";"2825";"Chest Dip";"Rest Timer";"";"";"";"";"110.0";"";""
"80";"2025-03-24 16:06:30";"Entrenamiento por la tarde";"2825";"Chest Dip";"3";"0.0";"3";"";"";"";"";""
"80";"2025-03-24 16:06:30";"Entrenamiento por la tarde";"2825";"Chest Dip";"Rest Timer";"";"";"";"";"110.0";"";""
"80";"2025-03-24 16:06:30";"Entrenamiento por la tarde";"2825";"Chest Dip";"4";"0.0";"3";"";"";"";"";""
"80";"2025-03-24 16:06:30";"Entrenamiento por la tarde";"2825";"Chest Dip";"Rest Timer";"";"";"";"";"110.0";"";""
"80";"2025-03-24 16:06:30";"Entrenamiento por la tarde";"2825";"Knee Raise (Captain's Chair)";"1";"0.0";"8";"";"";"";"";""
"80";"2025-03-24 16:06:30";"Entrenamiento por la tarde";"2825";"Knee Raise (Captain's Chair)";"Rest Timer";"";"";"";"";"110.0";"";""
"80";"2025-03-24 16:06:30";"Entrenamiento por la tarde";"2825";"Knee Raise (Captain's Chair)";"2";"0.0";"7";"";"";"";"";""
"80";"2025-03-24 16:06:30";"Entrenamiento por la tarde";"2825";"Knee Raise (Captain's Chair)";"Rest Timer";"";"";"";"";"110.0";"";""
"80";"2025-03-24 16:06:30";"Entrenamiento por la tarde";"2825";"Knee Raise (Captain's Chair)";"3";"0.0";"8";"";"";"";"";""
"80";"2025-03-24 16:06:30";"Entrenamiento por la tarde";"2825";"Knee Raise (Captain's Chair)";"Rest Timer";"";"";"";"";"110.0";"";""
"80";"2025-03-24 16:06:30";"Entrenamiento por la tarde";"2825";"Knee Raise (Captain's Chair)";"4";"0.0";"8";"";"";"";"";""
"80";"2025-03-24 16:06:30";"Entrenamiento por la tarde";"2825";"Knee Raise (Captain's Chair)";"Rest Timer";"";"";"";"";"110.0";"";""
"81";"2025-04-12 08:12:33";"Entrenamiento por la mañana";"2959";"Bench Press (Barbell)";"1";"61.23492";"13";"";"";"";"";""
"81";"2025-04-12 08:12:33";"Entrenamiento por la mañana";"2959";"Bench Press (Barbell)";"Rest Timer";"";"";"";"";"110.0";"";""
"81";"2025-04-12 08:12:33";"Entrenamiento por la mañana";"2959";"Bench Press (Barbell)";"2";"61.23492";"10";"";"";"";"";""
"81";"2025-04-12 08:12:33";"Entrenamiento por la mañana";"2959";"Bench Press (Barbell)";"Rest Timer";"";"";"";"";"110.0";"";""
"81";"2025-04-12 08:12:33";"Entrenamiento por la mañana";"2959";"Bench Press (Barbell)";"3";"61.23492";"8";"";"";"";"";""
"81";"2025-04-12 08:12:33";"Entrenamiento por la mañana";"2959";"Bench Press (Barbell)";"Rest Timer";"";"";"";"";"110.0";"";""
"81";"2025-04-12 08:12:33";"Entrenamiento por la mañana";"2959";"Bench Press (Barbell)";"4";"61.23492";"7";"";"";"";"";""
"81";"2025-04-12 08:12:33";"Entrenamiento por la mañana";"2959";"Bench Press (Barbell)";"Rest Timer";"";"";"";"";"110.0";"";""
"81";"2025-04-12 08:12:33";"Entrenamiento por la mañana";"2959";"Bicep Curl (Barbell)";"1";"22.6796";"12";"";"";"";"";""
"81";"2025-04-12 08:12:33";"Entrenamiento por la mañana";"2959";"Bicep Curl (Barbell)";"Rest Timer";"";"";"";"";"110.0";"";""
"81";"2025-04-12 08:12:33";"Entrenamiento por la mañana";"2959";"Bicep Curl (Barbell)";"2";"22.6796";"12";"";"";"";"";""
"81";"2025-04-12 08:12:33";"Entrenamiento por la mañana";"2959";"Bicep Curl (Barbell)";"Rest Timer";"";"";"";"";"110.0";"";""
"81";"2025-04-12 08:12:33";"Entrenamiento por la mañana";"2959";"Bicep Curl (Barbell)";"3";"22.6796";"10";"";"";"";"";""
"81";"2025-04-12 08:12:33";"Entrenamiento por la mañana";"2959";"Bicep Curl (Barbell)";"Rest Timer";"";"";"";"";"110.0";"";""
"81";"2025-04-12 08:12:33";"Entrenamiento por la mañana";"2959";"Bicep Curl (Barbell)";"4";"22.6796";"8";"";"";"";"";""
"81";"2025-04-12 08:12:33";"Entrenamiento por la mañana";"2959";"Bicep Curl (Barbell)";"Rest Timer";"";"";"";"";"110.0";"";""
"81";"2025-04-12 08:12:33";"Entrenamiento por la mañana";"2959";"Cable Crossover";"1";"12.47378";"8";"";"";"";"";""
"81";"2025-04-12 08:12:33";"Entrenamiento por la mañana";"2959";"Cable Crossover";"Rest Timer";"";"";"";"";"110.0";"";""
"81";"2025-04-12 08:12:33";"Entrenamiento por la mañana";"2959";"Cable Crossover";"2";"9.979023999999999";"10";"";"";"";"";""
"81";"2025-04-12 08:12:33";"Entrenamiento por la mañana";"2959";"Cable Crossover";"Rest Timer";"";"";"";"";"110.0";"";""
"81";"2025-04-12 08:12:33";"Entrenamiento por la mañana";"2959";"Cable Crossover";"3";"9.979023999999999";"8";"";"";"";"";""
"81";"2025-04-12 08:12:33";"Entrenamiento por la mañana";"2959";"Cable Crossover";"Rest Timer";"";"";"";"";"110.0";"";""
"81";"2025-04-12 08:12:33";"Entrenamiento por la mañana";"2959";"Cable Crossover";"4";"9.979023999999999";"8";"";"";"";"";""
"81";"2025-04-12 08:12:33";"Entrenamiento por la mañana";"2959";"Cable Crossover";"Rest Timer";"";"";"";"";"110.0";"";""
"81";"2025-04-12 08:12:33";"Entrenamiento por la mañana";"2959";"Overhead Cable Curl";"1";"9.979023999999999";"5";"";"";"";"";""
"81";"2025-04-12 08:12:33";"Entrenamiento por la mañana";"2959";"Overhead Cable Curl";"Rest Timer";"";"";"";"";"110.0";"";""
"81";"2025-04-12 08:12:33";"Entrenamiento por la mañana";"2959";"Overhead Cable Curl";"2";"9.979023999999999";"5";"";"";"";"";""
"81";"2025-04-12 08:12:33";"Entrenamiento por la mañana";"2959";"Overhead Cable Curl";"Rest Timer";"";"";"";"";"110.0";"";""
"81";"2025-04-12 08:12:33";"Entrenamiento por la mañana";"2959";"Overhead Cable Curl";"3";"9.979023999999999";"5";"";"";"";"";""
"81";"2025-04-12 08:12:33";"Entrenamiento por la mañana";"2959";"Overhead Cable Curl";"Rest Timer";"";"";"";"";"110.0";"";""
"81";"2025-04-12 08:12:33";"Entrenamiento por la mañana";"2959";"Overhead Cable Curl";"4";"9.979023999999999";"5";"";"";"";"";""
"81";"2025-04-12 08:12:33";"Entrenamiento por la mañana";"2959";"Overhead Cable Curl";"Rest Timer";"";"";"";"";"110.0";"";""
"81";"2025-04-12 08:12:33";"Entrenamiento por la mañana";"2959";"Chest Dip";"1";"0.0";"7";"";"";"";"";""
"81";"2025-04-12 08:12:33";"Entrenamiento por la mañana";"2959";"Chest Dip";"Rest Timer";"";"";"";"";"110.0";"";""
"81";"2025-04-12 08:12:33";"Entrenamiento por la mañana";"2959";"Chest Dip";"2";"0.0";"6";"";"";"";"";""
"81";"2025-04-12 08:12:33";"Entrenamiento por la mañana";"2959";"Chest Dip";"Rest Timer";"";"";"";"";"110.0";"";""
"81";"2025-04-12 08:12:33";"Entrenamiento por la mañana";"2959";"Knee Raise (Captain's Chair)";"1";"0.0";"10";"";"";"";"";""
"81";"2025-04-12 08:12:33";"Entrenamiento por la mañana";"2959";"Knee Raise (Captain's Chair)";"Rest Timer";"";"";"";"";"110.0";"";""
"81";"2025-04-12 08:12:33";"Entrenamiento por la mañana";"2959";"Knee Raise (Captain's Chair)";"2";"0.0";"8";"";"";"";"";""
"81";"2025-04-12 08:12:33";"Entrenamiento por la mañana";"2959";"Knee Raise (Captain's Chair)";"Rest Timer";"";"";"";"";"110.0";"";""
"82";"2025-04-13 12:26:31";"Entrenamiento de mediodía";"2861";"Lat Pulldown (Cable)";"1";"44.905608";"20";"";"";"";"";""
"82";"2025-04-13 12:26:31";"Entrenamiento de mediodía";"2861";"Lat Pulldown (Cable)";"Rest Timer";"";"";"";"";"110.0";"";""
"82";"2025-04-13 12:26:31";"Entrenamiento de mediodía";"2861";"Lat Pulldown (Cable)";"2";"49.89512";"12";"";"";"";"";""
"82";"2025-04-13 12:26:31";"Entrenamiento de mediodía";"2861";"Lat Pulldown (Cable)";"Rest Timer";"";"";"";"";"110.0";"";""
"82";"2025-04-13 12:26:31";"Entrenamiento de mediodía";"2861";"Lat Pulldown (Cable)";"3";"44.905608";"10";"";"";"";"";""
"82";"2025-04-13 12:26:31";"Entrenamiento de mediodía";"2861";"Lat Pulldown (Cable)";"Rest Timer";"";"";"";"";"110.0";"";""
"82";"2025-04-13 12:26:31";"Entrenamiento de mediodía";"2861";"Lat Pulldown (Cable)";"4";"44.905608";"8";"";"";"";"";""
"82";"2025-04-13 12:26:31";"Entrenamiento de mediodía";"2861";"Lat Pulldown (Cable)";"Rest Timer";"";"";"";"";"110.0";"";""
"82";"2025-04-13 12:26:31";"Entrenamiento de mediodía";"2861";"Triceps Extension";"1";"17.463292";"14";"";"";"";"";""
"82";"2025-04-13 12:26:31";"Entrenamiento de mediodía";"2861";"Triceps Extension";"Rest Timer";"";"";"";"";"110.0";"";""
"82";"2025-04-13 12:26:31";"Entrenamiento de mediodía";"2861";"Triceps Extension";"2";"17.463306245000002";"10";"";"";"";"";""
"82";"2025-04-13 12:26:31";"Entrenamiento de mediodía";"2861";"Triceps Extension";"Rest Timer";"";"";"";"";"110.0";"";""
"82";"2025-04-13 12:26:31";"Entrenamiento de mediodía";"2861";"Triceps Extension";"3";"17.463306245000002";"8";"";"";"";"";""
"82";"2025-04-13 12:26:31";"Entrenamiento de mediodía";"2861";"Triceps Extension";"Rest Timer";"";"";"";"";"110.0";"";""
"82";"2025-04-13 12:26:31";"Entrenamiento de mediodía";"2861";"Triceps Extension";"4";"14.968536";"10";"";"";"";"";""
"82";"2025-04-13 12:26:31";"Entrenamiento de mediodía";"2861";"Triceps Extension";"Rest Timer";"";"";"";"";"110.0";"";""
"82";"2025-04-13 12:26:31";"Entrenamiento de mediodía";"2861";"Seated Row (Cable)";"1";"49.89512";"10";"";"";"";"";""
"82";"2025-04-13 12:26:31";"Entrenamiento de mediodía";"2861";"Seated Row (Cable)";"Rest Timer";"";"";"";"";"110.0";"";""
"82";"2025-04-13 12:26:31";"Entrenamiento de mediodía";"2861";"Seated Row (Cable)";"2";"49.89512";"10";"";"";"";"";""
"82";"2025-04-13 12:26:31";"Entrenamiento de mediodía";"2861";"Seated Row (Cable)";"Rest Timer";"";"";"";"";"110.0";"";""
"82";"2025-04-13 12:26:31";"Entrenamiento de mediodía";"2861";"Seated Row (Cable)";"3";"49.89512";"8";"";"";"";"";""
"82";"2025-04-13 12:26:31";"Entrenamiento de mediodía";"2861";"Seated Row (Cable)";"Rest Timer";"";"";"";"";"110.0";"";""
"82";"2025-04-13 12:26:31";"Entrenamiento de mediodía";"2861";"Seated Row (Cable)";"4";"44.905608";"10";"";"";"";"";""
"82";"2025-04-13 12:26:31";"Entrenamiento de mediodía";"2861";"Seated Row (Cable)";"Rest Timer";"";"";"";"";"110.0";"";""
"82";"2025-04-13 12:26:31";"Entrenamiento de mediodía";"2861";"Straight Pulldown ";"1";"22.452804";"14";"";"";"";"";""
"82";"2025-04-13 12:26:31";"Entrenamiento de mediodía";"2861";"Straight Pulldown ";"Rest Timer";"";"";"";"";"110.0";"";""
"82";"2025-04-13 12:26:31";"Entrenamiento de mediodía";"2861";"Straight Pulldown ";"2";"22.452804";"10";"";"";"";"";""
"82";"2025-04-13 12:26:31";"Entrenamiento de mediodía";"2861";"Straight Pulldown ";"Rest Timer";"";"";"";"";"110.0";"";""
"82";"2025-04-13 12:26:31";"Entrenamiento de mediodía";"2861";"Straight Pulldown ";"3";"19.958047999999998";"8";"";"";"";"";""
"82";"2025-04-13 12:26:31";"Entrenamiento de mediodía";"2861";"Straight Pulldown ";"Rest Timer";"";"";"";"";"110.0";"";""
"82";"2025-04-13 12:26:31";"Entrenamiento de mediodía";"2861";"Straight Pulldown ";"4";"19.958047999999998";"10";"";"";"";"";""
"82";"2025-04-13 12:26:31";"Entrenamiento de mediodía";"2861";"Straight Pulldown ";"Rest Timer";"";"";"";"";"110.0";"";""
"82";"2025-04-13 12:26:31";"Entrenamiento de mediodía";"2861";"Back Extension";"1";"11.3398";"10";"";"";"";"";""
"82";"2025-04-13 12:26:31";"Entrenamiento de mediodía";"2861";"Back Extension";"Rest Timer";"";"";"";"";"110.0";"";""
"82";"2025-04-13 12:26:31";"Entrenamiento de mediodía";"2861";"Back Extension";"2";"11.3398";"10";"";"";"";"";""
"82";"2025-04-13 12:26:31";"Entrenamiento de mediodía";"2861";"Back Extension";"Rest Timer";"";"";"";"";"110.0";"";""
"82";"2025-04-13 12:26:31";"Entrenamiento de mediodía";"2861";"Knee Raise (Captain's Chair)";"1";"0.0";"18";"";"";"";"";""
"82";"2025-04-13 12:26:31";"Entrenamiento de mediodía";"2861";"Knee Raise (Captain's Chair)";"Rest Timer";"";"";"";"";"110.0";"";""
"82";"2025-04-13 12:26:31";"Entrenamiento de mediodía";"2861";"Knee Raise (Captain's Chair)";"2";"0.0";"10";"";"";"";"";""
"82";"2025-04-13 12:26:31";"Entrenamiento de mediodía";"2861";"Knee Raise (Captain's Chair)";"Rest Timer";"";"";"";"";"110.0";"";""
"83";"2025-04-14 18:18:29";"Entrenamiento por la tarde noche";"2297";"Overhead Press (Dumbbell)";"1";"13.607759999999999";"18";"";"";"";"";""
"83";"2025-04-14 18:18:29";"Entrenamiento por la tarde noche";"2297";"Overhead Press (Dumbbell)";"Rest Timer";"";"";"";"";"110.0";"";""
"83";"2025-04-14 18:18:29";"Entrenamiento por la tarde noche";"2297";"Overhead Press (Dumbbell)";"2";"13.607759999999999";"14";"";"";"";"";""
"83";"2025-04-14 18:18:29";"Entrenamiento por la tarde noche";"2297";"Overhead Press (Dumbbell)";"Rest Timer";"";"";"";"";"110.0";"";""
"83";"2025-04-14 18:18:29";"Entrenamiento por la tarde noche";"2297";"Overhead Press (Dumbbell)";"3";"13.607759999999999";"12";"";"";"";"";""
"83";"2025-04-14 18:18:29";"Entrenamiento por la tarde noche";"2297";"Overhead Press (Dumbbell)";"Rest Timer";"";"";"";"";"110.0";"";""
"83";"2025-04-14 18:18:29";"Entrenamiento por la tarde noche";"2297";"Overhead Press (Dumbbell)";"4";"11.3398";"12";"";"";"";"";""
"83";"2025-04-14 18:18:29";"Entrenamiento por la tarde noche";"2297";"Overhead Press (Dumbbell)";"Rest Timer";"";"";"";"";"110.0";"";""
"83";"2025-04-14 18:18:29";"Entrenamiento por la tarde noche";"2297";"Bicep Curl (Dumbbell)";"1";"13.607759999999999";"10";"";"";"";"";""
"83";"2025-04-14 18:18:29";"Entrenamiento por la tarde noche";"2297";"Bicep Curl (Dumbbell)";"Rest Timer";"";"";"";"";"110.0";"";""
"83";"2025-04-14 18:18:29";"Entrenamiento por la tarde noche";"2297";"Bicep Curl (Dumbbell)";"2";"13.607759999999999";"8";"";"";"";"";""
"83";"2025-04-14 18:18:29";"Entrenamiento por la tarde noche";"2297";"Bicep Curl (Dumbbell)";"Rest Timer";"";"";"";"";"110.0";"";""
"83";"2025-04-14 18:18:29";"Entrenamiento por la tarde noche";"2297";"Bicep Curl (Dumbbell)";"3";"13.607759999999999";"7";"";"";"";"";""
"83";"2025-04-14 18:18:29";"Entrenamiento por la tarde noche";"2297";"Bicep Curl (Dumbbell)";"Rest Timer";"";"";"";"";"110.0";"";""
"83";"2025-04-14 18:18:29";"Entrenamiento por la tarde noche";"2297";"Bicep Curl (Dumbbell)";"4";"11.3398";"9";"";"";"";"";""
"83";"2025-04-14 18:18:29";"Entrenamiento por la tarde noche";"2297";"Bicep Curl (Dumbbell)";"Rest Timer";"";"";"";"";"110.0";"";""
"83";"2025-04-14 18:18:29";"Entrenamiento por la tarde noche";"2297";"Lateral Raise (Dumbbell)";"1";"6.8038799999999995";"12";"";"";"";"";""
"83";"2025-04-14 18:18:29";"Entrenamiento por la tarde noche";"2297";"Lateral Raise (Dumbbell)";"Rest Timer";"";"";"";"";"110.0";"";""
"83";"2025-04-14 18:18:29";"Entrenamiento por la tarde noche";"2297";"Lateral Raise (Dumbbell)";"2";"6.8038799999999995";"10";"";"";"";"";""
"83";"2025-04-14 18:18:29";"Entrenamiento por la tarde noche";"2297";"Lateral Raise (Dumbbell)";"Rest Timer";"";"";"";"";"110.0";"";""
"83";"2025-04-14 18:18:29";"Entrenamiento por la tarde noche";"2297";"Lateral Raise (Dumbbell)";"3";"6.8038799999999995";"10";"";"";"";"";""
"83";"2025-04-14 18:18:29";"Entrenamiento por la tarde noche";"2297";"Lateral Raise (Dumbbell)";"Rest Timer";"";"";"";"";"110.0";"";""
"83";"2025-04-14 18:18:29";"Entrenamiento por la tarde noche";"2297";"Lateral Raise (Dumbbell)";"4";"6.8038799999999995";"10";"";"";"";"";""
"83";"2025-04-14 18:18:29";"Entrenamiento por la tarde noche";"2297";"Lateral Raise (Dumbbell)";"Rest Timer";"";"";"";"";"110.0";"";""
"83";"2025-04-14 18:18:29";"Entrenamiento por la tarde noche";"2297";"Front Raise (Dumbbell)";"1";"6.8038799999999995";"10";"";"";"";"";""
"83";"2025-04-14 18:18:29";"Entrenamiento por la tarde noche";"2297";"Front Raise (Dumbbell)";"Rest Timer";"";"";"";"";"110.0";"";""
"83";"2025-04-14 18:18:29";"Entrenamiento por la tarde noche";"2297";"Front Raise (Dumbbell)";"2";"6.8038799999999995";"10";"";"";"";"";""
"83";"2025-04-14 18:18:29";"Entrenamiento por la tarde noche";"2297";"Front Raise (Dumbbell)";"Rest Timer";"";"";"";"";"110.0";"";""
"83";"2025-04-14 18:18:29";"Entrenamiento por la tarde noche";"2297";"Front Raise (Dumbbell)";"3";"6.8038799999999995";"8";"";"";"";"";""
"83";"2025-04-14 18:18:29";"Entrenamiento por la tarde noche";"2297";"Front Raise (Dumbbell)";"Rest Timer";"";"";"";"";"110.0";"";""
"83";"2025-04-14 18:18:29";"Entrenamiento por la tarde noche";"2297";"Front Raise (Dumbbell)";"4";"6.8038799999999995";"6";"";"";"";"";""
"83";"2025-04-14 18:18:29";"Entrenamiento por la tarde noche";"2297";"Front Raise (Dumbbell)";"Rest Timer";"";"";"";"";"110.0";"";""
"83";"2025-04-14 18:18:29";"Entrenamiento por la tarde noche";"2297";"Reverse Fly (Dumbbell)";"1";"6.8038799999999995";"10";"";"";"";"";""
"83";"2025-04-14 18:18:29";"Entrenamiento por la tarde noche";"2297";"Reverse Fly (Dumbbell)";"Rest Timer";"";"";"";"";"110.0";"";""
"83";"2025-04-14 18:18:29";"Entrenamiento por la tarde noche";"2297";"Reverse Fly (Dumbbell)";"2";"6.8038799999999995";"10";"";"";"";"";""
"83";"2025-04-14 18:18:29";"Entrenamiento por la tarde noche";"2297";"Reverse Fly (Dumbbell)";"Rest Timer";"";"";"";"";"110.0";"";""
"83";"2025-04-14 18:18:29";"Entrenamiento por la tarde noche";"2297";"Reverse Fly (Dumbbell)";"3";"6.8038799999999995";"8";"";"";"";"";""
"83";"2025-04-14 18:18:29";"Entrenamiento por la tarde noche";"2297";"Reverse Fly (Dumbbell)";"Rest Timer";"";"";"";"";"110.0";"";""
"83";"2025-04-14 18:18:29";"Entrenamiento por la tarde noche";"2297";"Reverse Fly (Dumbbell)";"4";"6.8038799999999995";"10";"";"";"";"";""
"83";"2025-04-14 18:18:29";"Entrenamiento por la tarde noche";"2297";"Reverse Fly (Dumbbell)";"Rest Timer";"";"";"";"";"110.0";"";""
"84";"2025-04-15 22:56:58";"Entrenamiento por la tarde noche";"1915";"Lunge (Bodyweight)";"1";"";"10";"";"";"";"";""
"84";"2025-04-15 22:56:58";"Entrenamiento por la tarde noche";"1915";"Lunge (Bodyweight)";"Rest Timer";"";"";"";"";"110.0";"";""
"84";"2025-04-15 22:56:58";"Entrenamiento por la tarde noche";"1915";"Lunge (Bodyweight)";"2";"";"10";"";"";"";"";""
"84";"2025-04-15 22:56:58";"Entrenamiento por la tarde noche";"1915";"Lunge (Bodyweight)";"Rest Timer";"";"";"";"";"110.0";"";""
"84";"2025-04-15 22:56:58";"Entrenamiento por la tarde noche";"1915";"Lunge (Bodyweight)";"3";"";"10";"";"";"";"";""
"84";"2025-04-15 22:56:58";"Entrenamiento por la tarde noche";"1915";"Lunge (Bodyweight)";"Rest Timer";"";"";"";"";"110.0";"";""
"84";"2025-04-15 22:56:58";"Entrenamiento por la tarde noche";"1915";"Push Up";"1";"0.0";"10";"";"";"";"";""
"84";"2025-04-15 22:56:58";"Entrenamiento por la tarde noche";"1915";"Push Up";"Rest Timer";"";"";"";"";"110.0";"";""
"84";"2025-04-15 22:56:58";"Entrenamiento por la tarde noche";"1915";"Push Up";"2";"0.0";"10";"";"";"";"";""
"84";"2025-04-15 22:56:58";"Entrenamiento por la tarde noche";"1915";"Push Up";"Rest Timer";"";"";"";"";"110.0";"";""
"84";"2025-04-15 22:56:58";"Entrenamiento por la tarde noche";"1915";"Push Up";"3";"0.0";"10";"";"";"";"";""
"84";"2025-04-15 22:56:58";"Entrenamiento por la tarde noche";"1915";"Push Up";"Rest Timer";"";"";"";"";"110.0";"";""
"84";"2025-04-15 22:56:58";"Entrenamiento por la tarde noche";"1915";"Squat (Bodyweight)";"1";"0.0";"10";"";"";"";"";""
"84";"2025-04-15 22:56:58";"Entrenamiento por la tarde noche";"1915";"Squat (Bodyweight)";"Rest Timer";"";"";"";"";"120.0";"";""
"84";"2025-04-15 22:56:58";"Entrenamiento por la tarde noche";"1915";"Squat (Bodyweight)";"2";"0.0";"10";"";"";"";"";""
"84";"2025-04-15 22:56:58";"Entrenamiento por la tarde noche";"1915";"Squat (Bodyweight)";"Rest Timer";"";"";"";"";"110.0";"";""
"84";"2025-04-15 22:56:58";"Entrenamiento por la tarde noche";"1915";"Squat (Bodyweight)";"3";"0.0";"20";"";"";"";"";""
"84";"2025-04-15 22:56:58";"Entrenamiento por la tarde noche";"1915";"Squat (Bodyweight)";"Rest Timer";"";"";"";"";"110.0";"";""
"84";"2025-04-15 22:56:58";"Entrenamiento por la tarde noche";"1915";"Plank";"1";"";"";"";"";"60.0";"";""
"84";"2025-04-15 22:56:58";"Entrenamiento por la tarde noche";"1915";"Plank";"Rest Timer";"";"";"";"";"120.0";"";""
"84";"2025-04-15 22:56:58";"Entrenamiento por la tarde noche";"1915";"Plank";"2";"";"";"";"";"60.0";"";""
"84";"2025-04-15 22:56:58";"Entrenamiento por la tarde noche";"1915";"Plank";"Rest Timer";"";"";"";"";"110.0";"";""
"84";"2025-04-15 22:56:58";"Entrenamiento por la tarde noche";"1915";"Plank";"3";"";"";"";"";"60.0";"";""
"84";"2025-04-15 22:56:58";"Entrenamiento por la tarde noche";"1915";"Plank";"Rest Timer";"";"";"";"";"110.0";"";""
"85";"2025-04-16 21:04:02";"Entrenamiento por la tarde noche";"3387";"Squat (Barbell)";"1";"52.16308";"8";"";"";"";"";""
"85";"2025-04-16 21:04:02";"Entrenamiento por la tarde noche";"3387";"Squat (Barbell)";"Rest Timer";"";"";"";"";"110.0";"";""
"85";"2025-04-16 21:04:02";"Entrenamiento por la tarde noche";"3387";"Squat (Barbell)";"2";"52.16308";"8";"";"";"";"";""
"85";"2025-04-16 21:04:02";"Entrenamiento por la tarde noche";"3387";"Squat (Barbell)";"Rest Timer";"";"";"";"";"110.0";"";""
"85";"2025-04-16 21:04:02";"Entrenamiento por la tarde noche";"3387";"Squat (Barbell)";"3";"52.16308";"8";"";"";"";"";""
"85";"2025-04-16 21:04:02";"Entrenamiento por la tarde noche";"3387";"Squat (Barbell)";"Rest Timer";"";"";"";"";"110.0";"";""
"85";"2025-04-16 21:04:02";"Entrenamiento por la tarde noche";"3387";"Squat (Barbell)";"4";"52.16308";"8";"";"";"";"";""
"85";"2025-04-16 21:04:02";"Entrenamiento por la tarde noche";"3387";"Squat (Barbell)";"Rest Timer";"";"";"";"";"110.0";"";""
"85";"2025-04-16 21:04:02";"Entrenamiento por la tarde noche";"3387";"Squat (Barbell)";"5";"52.16308";"8";"";"";"";"";""
"85";"2025-04-16 21:04:02";"Entrenamiento por la tarde noche";"3387";"Squat (Barbell)";"Rest Timer";"";"";"";"";"110.0";"";""
"85";"2025-04-16 21:04:02";"Entrenamiento por la tarde noche";"3387";"Deadlift (Barbell)";"1";"52.16308";"10";"";"";"";"";""
"85";"2025-04-16 21:04:02";"Entrenamiento por la tarde noche";"3387";"Deadlift (Barbell)";"Rest Timer";"";"";"";"";"110.0";"";""
"85";"2025-04-16 21:04:02";"Entrenamiento por la tarde noche";"3387";"Deadlift (Barbell)";"2";"52.16308";"10";"";"";"";"";""
"85";"2025-04-16 21:04:02";"Entrenamiento por la tarde noche";"3387";"Deadlift (Barbell)";"Rest Timer";"";"";"";"";"110.0";"";""
"85";"2025-04-16 21:04:02";"Entrenamiento por la tarde noche";"3387";"Deadlift (Barbell)";"3";"52.16308";"10";"";"";"";"";""
"85";"2025-04-16 21:04:02";"Entrenamiento por la tarde noche";"3387";"Deadlift (Barbell)";"Rest Timer";"";"";"";"";"110.0";"";""
"85";"2025-04-16 21:04:02";"Entrenamiento por la tarde noche";"3387";"Deadlift (Barbell)";"4";"52.16308";"10";"";"";"";"";""
"85";"2025-04-16 21:04:02";"Entrenamiento por la tarde noche";"3387";"Deadlift (Barbell)";"Rest Timer";"";"";"";"";"110.0";"";""
"85";"2025-04-16 21:04:02";"Entrenamiento por la tarde noche";"3387";"Deadlift (Barbell)";"5";"52.16308";"10";"";"";"";"";""
"85";"2025-04-16 21:04:02";"Entrenamiento por la tarde noche";"3387";"Deadlift (Barbell)";"Rest Timer";"";"";"";"";"110.0";"";""
"85";"2025-04-16 21:04:02";"Entrenamiento por la tarde noche";"3387";"Hip Abductor (Machine)";"1";"45.359237";"10";"";"";"";"";""
"85";"2025-04-16 21:04:02";"Entrenamiento por la tarde noche";"3387";"Hip Abductor (Machine)";"Rest Timer";"";"";"";"";"110.0";"";""
"85";"2025-04-16 21:04:02";"Entrenamiento por la tarde noche";"3387";"Hip Abductor (Machine)";"2";"45.359237";"10";"";"";"";"";""
"85";"2025-04-16 21:04:02";"Entrenamiento por la tarde noche";"3387";"Hip Abductor (Machine)";"Rest Timer";"";"";"";"";"110.0";"";""
"85";"2025-04-16 21:04:02";"Entrenamiento por la tarde noche";"3387";"Hip Abductor (Machine)";"3";"38.55532";"10";"";"";"";"";""
"85";"2025-04-16 21:04:02";"Entrenamiento por la tarde noche";"3387";"Hip Abductor (Machine)";"Rest Timer";"";"";"";"";"110.0";"";""
"85";"2025-04-16 21:04:02";"Entrenamiento por la tarde noche";"3387";"Hip Abductor (Machine)";"4";"38.55532";"10";"";"";"";"";""
"85";"2025-04-16 21:04:02";"Entrenamiento por la tarde noche";"3387";"Hip Abductor (Machine)";"Rest Timer";"";"";"";"";"110.0";"";""
"85";"2025-04-16 21:04:02";"Entrenamiento por la tarde noche";"3387";"Hip Abductor (Machine)";"5";"38.55532";"10";"";"";"";"";""
"85";"2025-04-16 21:04:02";"Entrenamiento por la tarde noche";"3387";"Hip Abductor (Machine)";"Rest Timer";"";"";"";"";"110.0";"";""
"85";"2025-04-16 21:04:02";"Entrenamiento por la tarde noche";"3387";"Hip Adductor (Machine)";"1";"45.359237";"10";"";"";"";"";""
"85";"2025-04-16 21:04:02";"Entrenamiento por la tarde noche";"3387";"Hip Adductor (Machine)";"Rest Timer";"";"";"";"";"110.0";"";""
"85";"2025-04-16 21:04:02";"Entrenamiento por la tarde noche";"3387";"Hip Adductor (Machine)";"2";"38.55532";"10";"";"";"";"";""
"85";"2025-04-16 21:04:02";"Entrenamiento por la tarde noche";"3387";"Hip Adductor (Machine)";"Rest Timer";"";"";"";"";"110.0";"";""
"85";"2025-04-16 21:04:02";"Entrenamiento por la tarde noche";"3387";"Hip Adductor (Machine)";"3";"38.55532";"10";"";"";"";"";""
"85";"2025-04-16 21:04:02";"Entrenamiento por la tarde noche";"3387";"Hip Adductor (Machine)";"Rest Timer";"";"";"";"";"110.0";"";""
"85";"2025-04-16 21:04:02";"Entrenamiento por la tarde noche";"3387";"Hip Adductor (Machine)";"4";"38.55532";"10";"";"";"";"";""
"85";"2025-04-16 21:04:02";"Entrenamiento por la tarde noche";"3387";"Hip Adductor (Machine)";"Rest Timer";"";"";"";"";"110.0";"";""
"85";"2025-04-16 21:04:02";"Entrenamiento por la tarde noche";"3387";"Hip Adductor (Machine)";"5";"38.55532";"8";"";"";"";"";""
"85";"2025-04-16 21:04:02";"Entrenamiento por la tarde noche";"3387";"Hip Adductor (Machine)";"Rest Timer";"";"";"";"";"110.0";"";""
"86";"2025-04-17 19:08:43";"Entrenamiento por la tarde noche";"2579";"Chest Dip";"1";"0.0";"10";"";"";"";"";""
"86";"2025-04-17 19:08:43";"Entrenamiento por la tarde noche";"2579";"Chest Dip";"Rest Timer";"";"";"";"";"110.0";"";""
"86";"2025-04-17 19:08:43";"Entrenamiento por la tarde noche";"2579";"Chest Dip";"2";"0.0";"10";"";"";"";"";""
"86";"2025-04-17 19:08:43";"Entrenamiento por la tarde noche";"2579";"Chest Dip";"Rest Timer";"";"";"";"";"110.0";"";""
"86";"2025-04-17 19:08:43";"Entrenamiento por la tarde noche";"2579";"Chest Dip";"3";"0.0";"10";"";"";"";"";""
"86";"2025-04-17 19:08:43";"Entrenamiento por la tarde noche";"2579";"Chest Dip";"Rest Timer";"";"";"";"";"110.0";"";""
"86";"2025-04-17 19:08:43";"Entrenamiento por la tarde noche";"2579";"Chest Dip";"4";"0.0";"8";"";"";"";"";""
"86";"2025-04-17 19:08:43";"Entrenamiento por la tarde noche";"2579";"Chest Dip";"Rest Timer";"";"";"";"";"110.0";"";""
"86";"2025-04-17 19:08:43";"Entrenamiento por la tarde noche";"2579";"Bicep Curl (Barbell)";"1";"22.6796";"14";"";"";"";"";""
"86";"2025-04-17 19:08:43";"Entrenamiento por la tarde noche";"2579";"Bicep Curl (Barbell)";"Rest Timer";"";"";"";"";"110.0";"";""
"86";"2025-04-17 19:08:43";"Entrenamiento por la tarde noche";"2579";"Bicep Curl (Barbell)";"2";"22.6796";"10";"";"";"";"";""
"86";"2025-04-17 19:08:43";"Entrenamiento por la tarde noche";"2579";"Bicep Curl (Barbell)";"Rest Timer";"";"";"";"";"110.0";"";""
"86";"2025-04-17 19:08:43";"Entrenamiento por la tarde noche";"2579";"Bicep Curl (Barbell)";"3";"22.6796";"10";"";"";"";"";""
"86";"2025-04-17 19:08:43";"Entrenamiento por la tarde noche";"2579";"Bicep Curl (Barbell)";"Rest Timer";"";"";"";"";"110.0";"";""
"86";"2025-04-17 19:08:43";"Entrenamiento por la tarde noche";"2579";"Bicep Curl (Barbell)";"4";"22.6796";"10";"";"";"";"";""
"86";"2025-04-17 19:08:43";"Entrenamiento por la tarde noche";"2579";"Bicep Curl (Barbell)";"Rest Timer";"";"";"";"";"110.0";"";""
"86";"2025-04-17 19:08:43";"Entrenamiento por la tarde noche";"2579";"Bench Press (Barbell)";"1";"61.23492";"8";"";"";"";"";""
"86";"2025-04-17 19:08:43";"Entrenamiento por la tarde noche";"2579";"Bench Press (Barbell)";"Rest Timer";"";"";"";"";"110.0";"";""
"86";"2025-04-17 19:08:43";"Entrenamiento por la tarde noche";"2579";"Bench Press (Barbell)";"2";"61.23492";"8";"";"";"";"";""
"86";"2025-04-17 19:08:43";"Entrenamiento por la tarde noche";"2579";"Bench Press (Barbell)";"Rest Timer";"";"";"";"";"110.0";"";""
"86";"2025-04-17 19:08:43";"Entrenamiento por la tarde noche";"2579";"Bench Press (Barbell)";"3";"61.23492";"7";"";"";"";"";""
"86";"2025-04-17 19:08:43";"Entrenamiento por la tarde noche";"2579";"Bench Press (Barbell)";"Rest Timer";"";"";"";"";"110.0";"";""
"86";"2025-04-17 19:08:43";"Entrenamiento por la tarde noche";"2579";"Bench Press (Barbell)";"4";"61.23492";"6";"";"";"";"";""
"86";"2025-04-17 19:08:43";"Entrenamiento por la tarde noche";"2579";"Bench Press (Barbell)";"Rest Timer";"";"";"";"";"110.0";"";""
"86";"2025-04-17 19:08:43";"Entrenamiento por la tarde noche";"2579";"Incline Curl (Dumbbell)";"1";"11.33980925";"8";"";"";"";"";""
"86";"2025-04-17 19:08:43";"Entrenamiento por la tarde noche";"2579";"Incline Curl (Dumbbell)";"Rest Timer";"";"";"";"";"110.0";"";""
"86";"2025-04-17 19:08:43";"Entrenamiento por la tarde noche";"2579";"Incline Curl (Dumbbell)";"2";"11.33980925";"6";"";"";"";"";""
"86";"2025-04-17 19:08:43";"Entrenamiento por la tarde noche";"2579";"Incline Curl (Dumbbell)";"Rest Timer";"";"";"";"";"110.0";"";""
"86";"2025-04-17 19:08:43";"Entrenamiento por la tarde noche";"2579";"Triceps Extension (Dumbbell)";"1";"20.41164";"10";"";"";"";"";""
"86";"2025-04-17 19:08:43";"Entrenamiento por la tarde noche";"2579";"Triceps Extension (Dumbbell)";"Rest Timer";"";"";"";"";"110.0";"";""
"86";"2025-04-17 19:08:43";"Entrenamiento por la tarde noche";"2579";"Triceps Extension (Dumbbell)";"2";"20.41164";"8";"";"";"";"";""
"86";"2025-04-17 19:08:43";"Entrenamiento por la tarde noche";"2579";"Triceps Extension (Dumbbell)";"Rest Timer";"";"";"";"";"110.0";"";""
"87";"2025-04-18 13:25:56";"Entrenamiento de mediodía";"2782";"Bent Over One Arm Row (Dumbbell)";"1";"18.14368";"15";"";"";"";"";""
"87";"2025-04-18 13:25:56";"Entrenamiento de mediodía";"2782";"Bent Over One Arm Row (Dumbbell)";"Rest Timer";"";"";"";"";"110.0";"";""
"87";"2025-04-18 13:25:56";"Entrenamiento de mediodía";"2782";"Bent Over One Arm Row (Dumbbell)";"2";"18.14368";"12";"";"";"";"";""
"87";"2025-04-18 13:25:56";"Entrenamiento de mediodía";"2782";"Bent Over One Arm Row (Dumbbell)";"Rest Timer";"";"";"";"";"110.0";"";""
"87";"2025-04-18 13:25:56";"Entrenamiento de mediodía";"2782";"Bent Over One Arm Row (Dumbbell)";"3";"18.14368";"10";"";"";"";"";""
"87";"2025-04-18 13:25:56";"Entrenamiento de mediodía";"2782";"Bent Over One Arm Row (Dumbbell)";"Rest Timer";"";"";"";"";"110.0";"";""
"87";"2025-04-18 13:25:56";"Entrenamiento de mediodía";"2782";"Bent Over One Arm Row (Dumbbell)";"4";"18.14368";"10";"";"";"";"";""
"87";"2025-04-18 13:25:56";"Entrenamiento de mediodía";"2782";"Bent Over One Arm Row (Dumbbell)";"Rest Timer";"";"";"";"";"110.0";"";""
"87";"2025-04-18 13:25:56";"Entrenamiento de mediodía";"2782";"Skullcrusher (Dumbbell)";"1";"9.07184";"8";"";"";"";"";""
"87";"2025-04-18 13:25:56";"Entrenamiento de mediodía";"2782";"Skullcrusher (Dumbbell)";"Rest Timer";"";"";"";"";"110.0";"";""
"87";"2025-04-18 13:25:56";"Entrenamiento de mediodía";"2782";"Skullcrusher (Dumbbell)";"2";"9.07184";"10";"";"";"";"";""
"87";"2025-04-18 13:25:56";"Entrenamiento de mediodía";"2782";"Skullcrusher (Dumbbell)";"Rest Timer";"";"";"";"";"110.0";"";""
"87";"2025-04-18 13:25:56";"Entrenamiento de mediodía";"2782";"Skullcrusher (Dumbbell)";"3";"9.07184";"6";"";"";"";"";""
"87";"2025-04-18 13:25:56";"Entrenamiento de mediodía";"2782";"Skullcrusher (Dumbbell)";"Rest Timer";"";"";"";"";"110.0";"";""
"87";"2025-04-18 13:25:56";"Entrenamiento de mediodía";"2782";"Skullcrusher (Dumbbell)";"4";"9.07184";"6";"";"";"";"";""
"87";"2025-04-18 13:25:56";"Entrenamiento de mediodía";"2782";"Skullcrusher (Dumbbell)";"Rest Timer";"";"";"";"";"110.0";"";""
"87";"2025-04-18 13:25:56";"Entrenamiento de mediodía";"2782";"Face Pull (Cable)";"1";"14.968536";"12";"";"";"";"";""
"87";"2025-04-18 13:25:56";"Entrenamiento de mediodía";"2782";"Face Pull (Cable)";"Rest Timer";"";"";"";"";"110.0";"";""
"87";"2025-04-18 13:25:56";"Entrenamiento de mediodía";"2782";"Face Pull (Cable)";"2";"17.463292";"10";"";"";"";"";""
"87";"2025-04-18 13:25:56";"Entrenamiento de mediodía";"2782";"Face Pull (Cable)";"Rest Timer";"";"";"";"";"110.0";"";""
"87";"2025-04-18 13:25:56";"Entrenamiento de mediodía";"2782";"Face Pull (Cable)";"3";"17.463292";"10";"";"";"";"";""
"87";"2025-04-18 13:25:56";"Entrenamiento de mediodía";"2782";"Face Pull (Cable)";"Rest Timer";"";"";"";"";"110.0";"";""
"87";"2025-04-18 13:25:56";"Entrenamiento de mediodía";"2782";"Face Pull (Cable)";"4";"17.463292";"14";"";"";"";"";""
"87";"2025-04-18 13:25:56";"Entrenamiento de mediodía";"2782";"Face Pull (Cable)";"Rest Timer";"";"";"";"";"110.0";"";""
"87";"2025-04-18 13:25:56";"Entrenamiento de mediodía";"2782";"Triceps Extension";"1";"17.463292";"10";"";"";"";"";""
"87";"2025-04-18 13:25:56";"Entrenamiento de mediodía";"2782";"Triceps Extension";"Rest Timer";"";"";"";"";"110.0";"";""
"87";"2025-04-18 13:25:56";"Entrenamiento de mediodía";"2782";"Triceps Extension";"2";"17.463306245000002";"10";"";"";"";"";""
"87";"2025-04-18 13:25:56";"Entrenamiento de mediodía";"2782";"Triceps Extension";"Rest Timer";"";"";"";"";"110.0";"";""
"87";"2025-04-18 13:25:56";"Entrenamiento de mediodía";"2782";"Triceps Extension";"3";"14.968536";"10";"";"";"";"";""
"87";"2025-04-18 13:25:56";"Entrenamiento de mediodía";"2782";"Triceps Extension";"Rest Timer";"";"";"";"";"110.0";"";""
"87";"2025-04-18 13:25:56";"Entrenamiento de mediodía";"2782";"Triceps Extension";"4";"14.968536";"10";"";"";"";"";""
"87";"2025-04-18 13:25:56";"Entrenamiento de mediodía";"2782";"Triceps Extension";"Rest Timer";"";"";"";"";"110.0";"";""
"87";"2025-04-18 13:25:56";"Entrenamiento de mediodía";"2782";"Straight Pulldown ";"1";"17.463292";"8";"";"";"";"";""
"87";"2025-04-18 13:25:56";"Entrenamiento de mediodía";"2782";"Straight Pulldown ";"Rest Timer";"";"";"";"";"110.0";"";""
"87";"2025-04-18 13:25:56";"Entrenamiento de mediodía";"2782";"Straight Pulldown ";"2";"17.463292";"8";"";"";"";"";""
"87";"2025-04-18 13:25:56";"Entrenamiento de mediodía";"2782";"Straight Pulldown ";"Rest Timer";"";"";"";"";"110.0";"";""
"87";"2025-04-18 13:25:56";"Entrenamiento de mediodía";"2782";"Straight Pulldown ";"3";"14.968536";"10";"";"";"";"";""
"87";"2025-04-18 13:25:56";"Entrenamiento de mediodía";"2782";"Straight Pulldown ";"Rest Timer";"";"";"";"";"110.0";"";""
"87";"2025-04-18 13:25:56";"Entrenamiento de mediodía";"2782";"Straight Pulldown ";"4";"14.968536";"10";"";"";"";"";""
"87";"2025-04-18 13:25:56";"Entrenamiento de mediodía";"2782";"Straight Pulldown ";"Rest Timer";"";"";"";"";"110.0";"";""
"88";"2025-04-20 13:47:22";"Entrenamiento de mediodía";"3495";"Incline Bench Press (Barbell)";"1";"52.163122550000004";"10";"";"";"";"";""
"88";"2025-04-20 13:47:22";"Entrenamiento de mediodía";"3495";"Incline Bench Press (Barbell)";"Rest Timer";"";"";"";"";"110.0";"";""
"88";"2025-04-20 13:47:22";"Entrenamiento de mediodía";"3495";"Incline Bench Press (Barbell)";"2";"52.163122550000004";"10";"";"";"";"";""
"88";"2025-04-20 13:47:22";"Entrenamiento de mediodía";"3495";"Incline Bench Press (Barbell)";"Rest Timer";"";"";"";"";"110.0";"";""
"88";"2025-04-20 13:47:22";"Entrenamiento de mediodía";"3495";"Incline Bench Press (Barbell)";"3";"52.163122550000004";"8";"";"";"";"";""
"88";"2025-04-20 13:47:22";"Entrenamiento de mediodía";"3495";"Incline Bench Press (Barbell)";"Rest Timer";"";"";"";"";"110.0";"";""
"88";"2025-04-20 13:47:22";"Entrenamiento de mediodía";"3495";"Incline Bench Press (Barbell)";"4";"52.163122550000004";"6";"";"";"";"";""
"88";"2025-04-20 13:47:22";"Entrenamiento de mediodía";"3495";"Incline Bench Press (Barbell)";"Rest Timer";"";"";"";"";"110.0";"";""
"88";"2025-04-20 13:47:22";"Entrenamiento de mediodía";"3495";"Incline Curl (Dumbbell)";"1";"9.07184";"10";"";"";"";"";""
"88";"2025-04-20 13:47:22";"Entrenamiento de mediodía";"3495";"Incline Curl (Dumbbell)";"Rest Timer";"";"";"";"";"110.0";"";""
"88";"2025-04-20 13:47:22";"Entrenamiento de mediodía";"3495";"Incline Curl (Dumbbell)";"2";"9.07184";"7";"";"";"";"";""
"88";"2025-04-20 13:47:22";"Entrenamiento de mediodía";"3495";"Incline Curl (Dumbbell)";"Rest Timer";"";"";"";"";"110.0";"";""
"88";"2025-04-20 13:47:22";"Entrenamiento de mediodía";"3495";"Incline Curl (Dumbbell)";"3";"9.07184";"7";"";"";"";"";""
"88";"2025-04-20 13:47:22";"Entrenamiento de mediodía";"3495";"Incline Curl (Dumbbell)";"Rest Timer";"";"";"";"";"110.0";"";""
"88";"2025-04-20 13:47:22";"Entrenamiento de mediodía";"3495";"Incline Curl (Dumbbell)";"4";"9.07184";"6";"";"";"";"";""
"88";"2025-04-20 13:47:22";"Entrenamiento de mediodía";"3495";"Incline Curl (Dumbbell)";"Rest Timer";"";"";"";"";"110.0";"";""
"88";"2025-04-20 13:47:22";"Entrenamiento de mediodía";"3495";"Lat Pulldown (Single Arm)";"1";"24.947580350000003";"10";"";"";"";"";""
"88";"2025-04-20 13:47:22";"Entrenamiento de mediodía";"3495";"Lat Pulldown (Single Arm)";"Rest Timer";"";"";"";"";"110.0";"";""
"88";"2025-04-20 13:47:22";"Entrenamiento de mediodía";"3495";"Lat Pulldown (Single Arm)";"2";"24.947580350000003";"8";"";"";"";"";""
"88";"2025-04-20 13:47:22";"Entrenamiento de mediodía";"3495";"Lat Pulldown (Single Arm)";"Rest Timer";"";"";"";"";"110.0";"";""
"88";"2025-04-20 13:47:22";"Entrenamiento de mediodía";"3495";"Lat Pulldown (Single Arm)";"3";"19.958047999999998";"12";"";"";"";"";""
"88";"2025-04-20 13:47:22";"Entrenamiento de mediodía";"3495";"Lat Pulldown (Single Arm)";"Rest Timer";"";"";"";"";"110.0";"";""
"88";"2025-04-20 13:47:22";"Entrenamiento de mediodía";"3495";"Lat Pulldown (Single Arm)";"4";"19.958047999999998";"10";"";"";"";"";""
"88";"2025-04-20 13:47:22";"Entrenamiento de mediodía";"3495";"Lat Pulldown (Single Arm)";"Rest Timer";"";"";"";"";"110.0";"";""
"88";"2025-04-20 13:47:22";"Entrenamiento de mediodía";"3495";"Knee Raise (Captain's Chair)";"1";"0.0";"10";"";"";"";"";""
"88";"2025-04-20 13:47:22";"Entrenamiento de mediodía";"3495";"Knee Raise (Captain's Chair)";"Rest Timer";"";"";"";"";"110.0";"";""
"88";"2025-04-20 13:47:22";"Entrenamiento de mediodía";"3495";"Knee Raise (Captain's Chair)";"2";"0.0";"8";"";"";"";"";""
"88";"2025-04-20 13:47:22";"Entrenamiento de mediodía";"3495";"Knee Raise (Captain's Chair)";"Rest Timer";"";"";"";"";"110.0";"";""
"88";"2025-04-20 13:47:22";"Entrenamiento de mediodía";"3495";"Knee Raise (Captain's Chair)";"3";"0.0";"8";"";"";"";"";""
"88";"2025-04-20 13:47:22";"Entrenamiento de mediodía";"3495";"Knee Raise (Captain's Chair)";"Rest Timer";"";"";"";"";"110.0";"";""
"88";"2025-04-20 13:47:22";"Entrenamiento de mediodía";"3495";"Knee Raise (Captain's Chair)";"4";"0.0";"8";"";"";"";"";""
"88";"2025-04-20 13:47:22";"Entrenamiento de mediodía";"3495";"Knee Raise (Captain's Chair)";"Rest Timer";"";"";"";"";"110.0";"";""
"88";"2025-04-20 13:47:22";"Entrenamiento de mediodía";"3495";"Toes To Bar";"1";"";"5";"";"";"";"";""
"88";"2025-04-20 13:47:22";"Entrenamiento de mediodía";"3495";"Toes To Bar";"Rest Timer";"";"";"";"";"110.0";"";""
"88";"2025-04-20 13:47:22";"Entrenamiento de mediodía";"3495";"Toes To Bar";"2";"";"4";"";"";"";"";""
"88";"2025-04-20 13:47:22";"Entrenamiento de mediodía";"3495";"Toes To Bar";"Rest Timer";"";"";"";"";"110.0";"";""
"88";"2025-04-20 13:47:22";"Entrenamiento de mediodía";"3495";"Back Extension";"1";"11.3398";"12";"";"";"";"";""
"88";"2025-04-20 13:47:22";"Entrenamiento de mediodía";"3495";"Back Extension";"Rest Timer";"";"";"";"";"110.0";"";""
"88";"2025-04-20 13:47:22";"Entrenamiento de mediodía";"3495";"Back Extension";"2";"11.3398";"12";"";"";"";"";""
"88";"2025-04-20 13:47:22";"Entrenamiento de mediodía";"3495";"Back Extension";"Rest Timer";"";"";"";"";"120.0";"";""
"89";"2025-04-21 20:57:32";"Entrenamiento por la tarde noche";"3302";"Bench Press (Barbell)";"1";"61.23492";"13";"";"";"";"";""
"89";"2025-04-21 20:57:32";"Entrenamiento por la tarde noche";"3302";"Bench Press (Barbell)";"Rest Timer";"";"";"";"";"110.0";"";""
"89";"2025-04-21 20:57:32";"Entrenamiento por la tarde noche";"3302";"Bench Press (Barbell)";"2";"61.23492";"10";"";"";"";"";""
"89";"2025-04-21 20:57:32";"Entrenamiento por la tarde noche";"3302";"Bench Press (Barbell)";"Rest Timer";"";"";"";"";"110.0";"";""
"89";"2025-04-21 20:57:32";"Entrenamiento por la tarde noche";"3302";"Bench Press (Barbell)";"3";"61.23492";"8";"";"";"";"";""
"89";"2025-04-21 20:57:32";"Entrenamiento por la tarde noche";"3302";"Bench Press (Barbell)";"Rest Timer";"";"";"";"";"110.0";"";""
"89";"2025-04-21 20:57:32";"Entrenamiento por la tarde noche";"3302";"Bench Press (Barbell)";"4";"61.23492";"10";"";"";"";"";""
"89";"2025-04-21 20:57:32";"Entrenamiento por la tarde noche";"3302";"Bench Press (Barbell)";"Rest Timer";"";"";"";"";"110.0";"";""
"89";"2025-04-21 20:57:32";"Entrenamiento por la tarde noche";"3302";"Seated Wide-Grip Row (Cable)";"1";"49.89512";"10";"";"";"";"";""
"89";"2025-04-21 20:57:32";"Entrenamiento por la tarde noche";"3302";"Seated Wide-Grip Row (Cable)";"Rest Timer";"";"";"";"";"110.0";"";""
"89";"2025-04-21 20:57:32";"Entrenamiento por la tarde noche";"3302";"Seated Wide-Grip Row (Cable)";"2";"49.895160700000005";"10";"";"";"";"";""
"89";"2025-04-21 20:57:32";"Entrenamiento por la tarde noche";"3302";"Seated Wide-Grip Row (Cable)";"Rest Timer";"";"";"";"";"110.0";"";""
"89";"2025-04-21 20:57:32";"Entrenamiento por la tarde noche";"3302";"Seated Wide-Grip Row (Cable)";"3";"49.89512";"8";"";"";"";"";""
"89";"2025-04-21 20:57:32";"Entrenamiento por la tarde noche";"3302";"Seated Wide-Grip Row (Cable)";"Rest Timer";"";"";"";"";"110.0";"";""
"89";"2025-04-21 20:57:32";"Entrenamiento por la tarde noche";"3302";"Seated Wide-Grip Row (Cable)";"4";"49.89512";"10";"";"";"";"";""
"89";"2025-04-21 20:57:32";"Entrenamiento por la tarde noche";"3302";"Seated Wide-Grip Row (Cable)";"Rest Timer";"";"";"";"";"110.0";"";""
"89";"2025-04-21 20:57:32";"Entrenamiento por la tarde noche";"3302";"Straight Pulldown ";"1";"19.958047999999998";"15";"";"";"";"";""
"89";"2025-04-21 20:57:32";"Entrenamiento por la tarde noche";"3302";"Straight Pulldown ";"Rest Timer";"";"";"";"";"110.0";"";""
"89";"2025-04-21 20:57:32";"Entrenamiento por la tarde noche";"3302";"Straight Pulldown ";"2";"22.452804";"12";"";"";"";"";""
"89";"2025-04-21 20:57:32";"Entrenamiento por la tarde noche";"3302";"Straight Pulldown ";"Rest Timer";"";"";"";"";"110.0";"";""
"89";"2025-04-21 20:57:32";"Entrenamiento por la tarde noche";"3302";"Straight Pulldown ";"3";"22.452804";"12";"";"";"";"";""
"89";"2025-04-21 20:57:32";"Entrenamiento por la tarde noche";"3302";"Straight Pulldown ";"Rest Timer";"";"";"";"";"110.0";"";""
"89";"2025-04-21 20:57:32";"Entrenamiento por la tarde noche";"3302";"Straight Pulldown ";"4";"22.452804";"10";"";"";"";"";""
"89";"2025-04-21 20:57:32";"Entrenamiento por la tarde noche";"3302";"Straight Pulldown ";"Rest Timer";"";"";"";"";"110.0";"";""
"89";"2025-04-21 20:57:32";"Entrenamiento por la tarde noche";"3302";"Mountain Climber";"1";"";"10";"";"";"";"";""
"89";"2025-04-21 20:57:32";"Entrenamiento por la tarde noche";"3302";"Mountain Climber";"Rest Timer";"";"";"";"";"110.0";"";""
"89";"2025-04-21 20:57:32";"Entrenamiento por la tarde noche";"3302";"Mountain Climber";"2";"";"10";"";"";"";"";""
"89";"2025-04-21 20:57:32";"Entrenamiento por la tarde noche";"3302";"Mountain Climber";"Rest Timer";"";"";"";"";"110.0";"";""
"89";"2025-04-21 20:57:32";"Entrenamiento por la tarde noche";"3302";"Mountain Climber";"3";"";"11";"";"";"";"";""
"89";"2025-04-21 20:57:32";"Entrenamiento por la tarde noche";"3302";"Mountain Climber";"Rest Timer";"";"";"";"";"110.0";"";""
"89";"2025-04-21 20:57:32";"Entrenamiento por la tarde noche";"3302";"Mountain Climber";"4";"";"10";"";"";"";"";""
"89";"2025-04-21 20:57:32";"Entrenamiento por la tarde noche";"3302";"Mountain Climber";"Rest Timer";"";"";"";"";"110.0";"";""
"89";"2025-04-21 20:57:32";"Entrenamiento por la tarde noche";"3302";"Knee Raise (Captain's Chair)";"1";"0.0";"10";"";"";"";"";""
"89";"2025-04-21 20:57:32";"Entrenamiento por la tarde noche";"3302";"Knee Raise (Captain's Chair)";"Rest Timer";"";"";"";"";"110.0";"";""
"89";"2025-04-21 20:57:32";"Entrenamiento por la tarde noche";"3302";"Knee Raise (Captain's Chair)";"2";"0.0";"12";"";"";"";"";""
"89";"2025-04-21 20:57:32";"Entrenamiento por la tarde noche";"3302";"Knee Raise (Captain's Chair)";"Rest Timer";"";"";"";"";"110.0";"";""
"89";"2025-04-21 20:57:32";"Entrenamiento por la tarde noche";"3302";"Knee Raise (Captain's Chair)";"3";"0.0";"12";"";"";"";"";""
"89";"2025-04-21 20:57:32";"Entrenamiento por la tarde noche";"3302";"Knee Raise (Captain's Chair)";"Rest Timer";"";"";"";"";"110.0";"";""
"89";"2025-04-21 20:57:32";"Entrenamiento por la tarde noche";"3302";"Knee Raise (Captain's Chair)";"4";"0.0";"12";"";"";"";"";""
"89";"2025-04-21 20:57:32";"Entrenamiento por la tarde noche";"3302";"Knee Raise (Captain's Chair)";"Rest Timer";"";"";"";"";"110.0";"";""
"90";"2025-04-22 23:08:51";"Entrenamiento por la tarde noche";"1483";"Push Up";"1";"0.0";"15";"";"";"";"";""
"90";"2025-04-22 23:08:51";"Entrenamiento por la tarde noche";"1483";"Push Up";"Rest Timer";"";"";"";"";"110.0";"";""
"90";"2025-04-22 23:08:51";"Entrenamiento por la tarde noche";"1483";"Push Up";"2";"0.0";"12";"";"";"";"";""
"90";"2025-04-22 23:08:51";"Entrenamiento por la tarde noche";"1483";"Push Up";"Rest Timer";"";"";"";"";"120.0";"";""
"90";"2025-04-22 23:08:51";"Entrenamiento por la tarde noche";"1483";"Push Up";"3";"0.0";"12";"";"";"";"";""
"90";"2025-04-22 23:08:51";"Entrenamiento por la tarde noche";"1483";"Push Up";"Rest Timer";"";"";"";"";"120.0";"";""
"90";"2025-04-22 23:08:51";"Entrenamiento por la tarde noche";"1483";"Mountain Climber";"1";"";"12";"";"";"";"";""
"90";"2025-04-22 23:08:51";"Entrenamiento por la tarde noche";"1483";"Mountain Climber";"Rest Timer";"";"";"";"";"120.0";"";""
"90";"2025-04-22 23:08:51";"Entrenamiento por la tarde noche";"1483";"Mountain Climber";"2";"";"8";"";"";"";"";""
"90";"2025-04-22 23:08:51";"Entrenamiento por la tarde noche";"1483";"Mountain Climber";"Rest Timer";"";"";"";"";"120.0";"";""
"90";"2025-04-22 23:08:51";"Entrenamiento por la tarde noche";"1483";"Mountain Climber";"3";"";"10";"";"";"";"";""
"90";"2025-04-22 23:08:51";"Entrenamiento por la tarde noche";"1483";"Mountain Climber";"Rest Timer";"";"";"";"";"120.0";"";""
"90";"2025-04-22 23:08:51";"Entrenamiento por la tarde noche";"1483";"Bicycle Crunch";"1";"0.0";"30";"";"";"";"";""
"90";"2025-04-22 23:08:51";"Entrenamiento por la tarde noche";"1483";"Bicycle Crunch";"Rest Timer";"";"";"";"";"120.0";"";""
"90";"2025-04-22 23:08:51";"Entrenamiento por la tarde noche";"1483";"Bicycle Crunch";"2";"0.0";"20";"";"";"";"";""
"90";"2025-04-22 23:08:51";"Entrenamiento por la tarde noche";"1483";"Bicycle Crunch";"Rest Timer";"";"";"";"";"120.0";"";""
"90";"2025-04-22 23:08:51";"Entrenamiento por la tarde noche";"1483";"Standing Calf Raise (Bodyweight)";"1";"";"15";"";"";"";"";""
"90";"2025-04-22 23:08:51";"Entrenamiento por la tarde noche";"1483";"Standing Calf Raise (Bodyweight)";"Rest Timer";"";"";"";"";"120.0";"";""
"90";"2025-04-22 23:08:51";"Entrenamiento por la tarde noche";"1483";"Standing Calf Raise (Bodyweight)";"2";"";"15";"";"";"";"";""
"90";"2025-04-22 23:08:51";"Entrenamiento por la tarde noche";"1483";"Standing Calf Raise (Bodyweight)";"Rest Timer";"";"";"";"";"120.0";"";""
"91";"2025-04-23 23:47:01";"Entrenamiento por la tarde noche";"2166";"Dive Bomb Push Ups";"1";"0.0";"6";"";"";"";"";""
"91";"2025-04-23 23:47:01";"Entrenamiento por la tarde noche";"2166";"Dive Bomb Push Ups";"Rest Timer";"";"";"";"";"120.0";"";""
"91";"2025-04-23 23:47:01";"Entrenamiento por la tarde noche";"2166";"Dive Bomb Push Ups";"2";"0.0";"6";"";"";"";"";""
"91";"2025-04-23 23:47:01";"Entrenamiento por la tarde noche";"2166";"Dive Bomb Push Ups";"Rest Timer";"";"";"";"";"120.0";"";""
"91";"2025-04-23 23:47:01";"Entrenamiento por la tarde noche";"2166";"Dive Bomb Push Ups";"3";"0.0";"8";"";"";"";"";""
"91";"2025-04-23 23:47:01";"Entrenamiento por la tarde noche";"2166";"Dive Bomb Push Ups";"Rest Timer";"";"";"";"";"120.0";"";""
"91";"2025-04-23 23:47:01";"Entrenamiento por la tarde noche";"2166";"Dive Bomb Push Ups";"4";"0.0";"6";"";"";"";"";""
"91";"2025-04-23 23:47:01";"Entrenamiento por la tarde noche";"2166";"Dive Bomb Push Ups";"Rest Timer";"";"";"";"";"120.0";"";""
"91";"2025-04-23 23:47:01";"Entrenamiento por la tarde noche";"2166";"Plank";"1";"";"";"";"";"60.0";"";""
"91";"2025-04-23 23:47:01";"Entrenamiento por la tarde noche";"2166";"Plank";"Rest Timer";"";"";"";"";"120.0";"";""
"91";"2025-04-23 23:47:01";"Entrenamiento por la tarde noche";"2166";"Plank";"2";"";"";"";"";"60.0";"";""
"91";"2025-04-23 23:47:01";"Entrenamiento por la tarde noche";"2166";"Plank";"Rest Timer";"";"";"";"";"120.0";"";""
"91";"2025-04-23 23:47:01";"Entrenamiento por la tarde noche";"2166";"Plank";"3";"";"";"";"";"60.0";"";""
"91";"2025-04-23 23:47:01";"Entrenamiento por la tarde noche";"2166";"Plank";"Rest Timer";"";"";"";"";"120.0";"";""
"91";"2025-04-23 23:47:01";"Entrenamiento por la tarde noche";"2166";"Plank";"4";"";"";"";"";"40.0";"";""
"91";"2025-04-23 23:47:01";"Entrenamiento por la tarde noche";"2166";"Plank";"Rest Timer";"";"";"";"";"120.0";"";""
"91";"2025-04-23 23:47:01";"Entrenamiento por la tarde noche";"2166";"Mountain Climber";"1";"";"10";"";"";"";"";""
"91";"2025-04-23 23:47:01";"Entrenamiento por la tarde noche";"2166";"Mountain Climber";"Rest Timer";"";"";"";"";"120.0";"";""
"91";"2025-04-23 23:47:01";"Entrenamiento por la tarde noche";"2166";"Mountain Climber";"2";"";"8";"";"";"";"";""
"91";"2025-04-23 23:47:01";"Entrenamiento por la tarde noche";"2166";"Mountain Climber";"Rest Timer";"";"";"";"";"120.0";"";""
"91";"2025-04-23 23:47:01";"Entrenamiento por la tarde noche";"2166";"Mountain Climber";"3";"";"8";"";"";"";"";""
"91";"2025-04-23 23:47:01";"Entrenamiento por la tarde noche";"2166";"Mountain Climber";"Rest Timer";"";"";"";"";"120.0";"";""
"91";"2025-04-23 23:47:01";"Entrenamiento por la tarde noche";"2166";"Mountain Climber";"4";"";"5";"";"";"";"";""
"91";"2025-04-23 23:47:01";"Entrenamiento por la tarde noche";"2166";"Mountain Climber";"Rest Timer";"";"";"";"";"120.0";"";""
"91";"2025-04-23 23:47:01";"Entrenamiento por la tarde noche";"2166";"Superman";"1";"";"12";"";"";"";"";""
"91";"2025-04-23 23:47:01";"Entrenamiento por la tarde noche";"2166";"Superman";"Rest Timer";"";"";"";"";"120.0";"";""
"91";"2025-04-23 23:47:01";"Entrenamiento por la tarde noche";"2166";"Superman";"2";"";"12";"";"";"";"";""
"91";"2025-04-23 23:47:01";"Entrenamiento por la tarde noche";"2166";"Superman";"Rest Timer";"";"";"";"";"120.0";"";""
"91";"2025-04-23 23:47:01";"Entrenamiento por la tarde noche";"2166";"Superman";"3";"";"12";"";"";"";"";""
"91";"2025-04-23 23:47:01";"Entrenamiento por la tarde noche";"2166";"Superman";"Rest Timer";"";"";"";"";"120.0";"";""
"91";"2025-04-23 23:47:01";"Entrenamiento por la tarde noche";"2166";"Superman";"4";"";"12";"";"";"";"";""
"91";"2025-04-23 23:47:01";"Entrenamiento por la tarde noche";"2166";"Superman";"Rest Timer";"";"";"";"";"120.0";"";""
"91";"2025-04-23 23:47:01";"Entrenamiento por la tarde noche";"2166";"Stretching";"1";"";"";"";"";"120.0";"";""
"91";"2025-04-23 23:47:01";"Entrenamiento por la tarde noche";"2166";"Stretching";"Rest Timer";"";"";"";"";"120.0";"";""
"91";"2025-04-23 23:47:01";"Entrenamiento por la tarde noche";"2166";"Stretching";"2";"";"";"";"";"120.0";"";""
"91";"2025-04-23 23:47:01";"Entrenamiento por la tarde noche";"2166";"Stretching";"Rest Timer";"";"";"";"";"120.0";"";""
"91";"2025-04-23 23:47:01";"Entrenamiento por la tarde noche";"2166";"Stretching";"3";"";"";"";"";"120.0";"";""
"91";"2025-04-23 23:47:01";"Entrenamiento por la tarde noche";"2166";"Stretching";"Rest Timer";"";"";"";"";"120.0";"";""
"91";"2025-04-23 23:47:01";"Entrenamiento por la tarde noche";"2166";"Stretching";"4";"";"";"";"";"120.0";"";""
"91";"2025-04-23 23:47:01";"Entrenamiento por la tarde noche";"2166";"Stretching";"Rest Timer";"";"";"";"";"120.0";"";""
"92";"2025-04-24 16:38:34";"Entrenamiento por la tarde";"3702";"Squat (Barbell)";"1";"56.699";"10";"";"";"";"";""
"92";"2025-04-24 16:38:34";"Entrenamiento por la tarde";"3702";"Squat (Barbell)";"Rest Timer";"";"";"";"";"110.0";"";""
"92";"2025-04-24 16:38:34";"Entrenamiento por la tarde";"3702";"Squat (Barbell)";"2";"56.699";"10";"";"";"";"";""
"92";"2025-04-24 16:38:34";"Entrenamiento por la tarde";"3702";"Squat (Barbell)";"Rest Timer";"";"";"";"";"110.0";"";""
"92";"2025-04-24 16:38:34";"Entrenamiento por la tarde";"3702";"Squat (Barbell)";"3";"56.699";"10";"";"";"";"";""
"92";"2025-04-24 16:38:34";"Entrenamiento por la tarde";"3702";"Squat (Barbell)";"Rest Timer";"";"";"";"";"110.0";"";""
"92";"2025-04-24 16:38:34";"Entrenamiento por la tarde";"3702";"Squat (Barbell)";"4";"56.699";"8";"";"";"";"";""
"92";"2025-04-24 16:38:34";"Entrenamiento por la tarde";"3702";"Squat (Barbell)";"Rest Timer";"";"";"";"";"110.0";"";""
"92";"2025-04-24 16:38:34";"Entrenamiento por la tarde";"3702";"Squat (Barbell)";"5";"56.699";"8";"";"";"";"";""
"92";"2025-04-24 16:38:34";"Entrenamiento por la tarde";"3702";"Squat (Barbell)";"Rest Timer";"";"";"";"";"110.0";"";""
"92";"2025-04-24 16:38:34";"Entrenamiento por la tarde";"3702";"Hip Abductor (Machine)";"1";"38.55532";"10";"";"";"";"";""
"92";"2025-04-24 16:38:34";"Entrenamiento por la tarde";"3702";"Hip Abductor (Machine)";"Rest Timer";"";"";"";"";"120.0";"";""
"92";"2025-04-24 16:38:34";"Entrenamiento por la tarde";"3702";"Hip Abductor (Machine)";"2";"38.55532";"10";"";"";"";"";""
"92";"2025-04-24 16:38:34";"Entrenamiento por la tarde";"3702";"Hip Abductor (Machine)";"Rest Timer";"";"";"";"";"120.0";"";""
"92";"2025-04-24 16:38:34";"Entrenamiento por la tarde";"3702";"Hip Abductor (Machine)";"3";"38.55532";"12";"";"";"";"";""
"92";"2025-04-24 16:38:34";"Entrenamiento por la tarde";"3702";"Hip Abductor (Machine)";"Rest Timer";"";"";"";"";"120.0";"";""
"92";"2025-04-24 16:38:34";"Entrenamiento por la tarde";"3702";"Hip Abductor (Machine)";"4";"38.55532";"14";"";"";"";"";""
"92";"2025-04-24 16:38:34";"Entrenamiento por la tarde";"3702";"Hip Abductor (Machine)";"Rest Timer";"";"";"";"";"120.0";"";""
"92";"2025-04-24 16:38:34";"Entrenamiento por la tarde";"3702";"Hip Abductor (Machine)";"5";"38.55532";"10";"";"";"";"";""
"92";"2025-04-24 16:38:34";"Entrenamiento por la tarde";"3702";"Hip Abductor (Machine)";"Rest Timer";"";"";"";"";"120.0";"";""
"92";"2025-04-24 16:38:34";"Entrenamiento por la tarde";"3702";"Hip Adductor (Machine)";"1";"38.55532";"10";"";"";"";"";""
"92";"2025-04-24 16:38:34";"Entrenamiento por la tarde";"3702";"Hip Adductor (Machine)";"Rest Timer";"";"";"";"";"120.0";"";""
"92";"2025-04-24 16:38:34";"Entrenamiento por la tarde";"3702";"Hip Adductor (Machine)";"2";"38.55532";"10";"";"";"";"";""
"92";"2025-04-24 16:38:34";"Entrenamiento por la tarde";"3702";"Hip Adductor (Machine)";"Rest Timer";"";"";"";"";"120.0";"";""
"92";"2025-04-24 16:38:34";"Entrenamiento por la tarde";"3702";"Hip Adductor (Machine)";"3";"38.55532";"12";"";"";"";"";""
"92";"2025-04-24 16:38:34";"Entrenamiento por la tarde";"3702";"Hip Adductor (Machine)";"Rest Timer";"";"";"";"";"120.0";"";""
"92";"2025-04-24 16:38:34";"Entrenamiento por la tarde";"3702";"Hip Adductor (Machine)";"4";"38.55532";"14";"";"";"";"";""
"92";"2025-04-24 16:38:34";"Entrenamiento por la tarde";"3702";"Hip Adductor (Machine)";"Rest Timer";"";"";"";"";"120.0";"";""
"92";"2025-04-24 16:38:34";"Entrenamiento por la tarde";"3702";"Hip Adductor (Machine)";"5";"38.55532";"10";"";"";"";"";""
"92";"2025-04-24 16:38:34";"Entrenamiento por la tarde";"3702";"Hip Adductor (Machine)";"Rest Timer";"";"";"";"";"120.0";"";""
"92";"2025-04-24 16:38:34";"Entrenamiento por la tarde";"3702";"Hip Thrust (Barbell)";"1";"61.23492";"4";"";"";"";"";""
"92";"2025-04-24 16:38:34";"Entrenamiento por la tarde";"3702";"Hip Thrust (Barbell)";"Rest Timer";"";"";"";"";"120.0";"";""
"92";"2025-04-24 16:38:34";"Entrenamiento por la tarde";"3702";"Hip Thrust (Barbell)";"2";"61.23492";"6";"";"";"";"";""
"92";"2025-04-24 16:38:34";"Entrenamiento por la tarde";"3702";"Hip Thrust (Barbell)";"Rest Timer";"";"";"";"";"120.0";"";""
"92";"2025-04-24 16:38:34";"Entrenamiento por la tarde";"3702";"Hip Thrust (Barbell)";"3";"61.23492";"6";"";"";"";"";""
"92";"2025-04-24 16:38:34";"Entrenamiento por la tarde";"3702";"Hip Thrust (Barbell)";"Rest Timer";"";"";"";"";"120.0";"";""
"92";"2025-04-24 16:38:34";"Entrenamiento por la tarde";"3702";"Hip Thrust (Barbell)";"4";"61.23492";"7";"";"";"";"";""
"92";"2025-04-24 16:38:34";"Entrenamiento por la tarde";"3702";"Hip Thrust (Barbell)";"Rest Timer";"";"";"";"";"120.0";"";""
"92";"2025-04-24 16:38:34";"Entrenamiento por la tarde";"3702";"Hip Thrust (Barbell)";"5";"61.23492";"6";"";"";"";"";""
"92";"2025-04-24 16:38:34";"Entrenamiento por la tarde";"3702";"Hip Thrust (Barbell)";"Rest Timer";"";"";"";"";"120.0";"";""
"93";"2025-04-25 18:52:02";"Entrenamiento por la tarde noche";"3003";"Chin Up";"1";"0.0";"6";"";"";"";"";""
"93";"2025-04-25 18:52:02";"Entrenamiento por la tarde noche";"3003";"Chin Up";"Rest Timer";"";"";"";"";"110.0";"";""
"93";"2025-04-25 18:52:02";"Entrenamiento por la tarde noche";"3003";"Chin Up";"2";"0.0";"5";"";"";"";"";""
"93";"2025-04-25 18:52:02";"Entrenamiento por la tarde noche";"3003";"Chin Up";"Rest Timer";"";"";"";"";"110.0";"";""
"93";"2025-04-25 18:52:02";"Entrenamiento por la tarde noche";"3003";"Chin Up";"3";"0.0";"3";"";"";"";"";""
"93";"2025-04-25 18:52:02";"Entrenamiento por la tarde noche";"3003";"Chin Up";"Rest Timer";"";"";"";"";"110.0";"";""
"93";"2025-04-25 18:52:02";"Entrenamiento por la tarde noche";"3003";"Chin Up";"4";"0.0";"3";"";"";"";"";""
"93";"2025-04-25 18:52:02";"Entrenamiento por la tarde noche";"3003";"Chin Up";"Rest Timer";"";"";"";"";"110.0";"";""
"93";"2025-04-25 18:52:02";"Entrenamiento por la tarde noche";"3003";"Face Pull (Cable)";"1";"19.958047999999998";"10";"";"";"";"";""
"93";"2025-04-25 18:52:02";"Entrenamiento por la tarde noche";"3003";"Face Pull (Cable)";"Rest Timer";"";"";"";"";"110.0";"";""
"93";"2025-04-25 18:52:02";"Entrenamiento por la tarde noche";"3003";"Face Pull (Cable)";"2";"19.958047999999998";"10";"";"";"";"";""
"93";"2025-04-25 18:52:02";"Entrenamiento por la tarde noche";"3003";"Face Pull (Cable)";"Rest Timer";"";"";"";"";"110.0";"";""
"93";"2025-04-25 18:52:02";"Entrenamiento por la tarde noche";"3003";"Face Pull (Cable)";"3";"19.958047999999998";"10";"";"";"";"";""
"93";"2025-04-25 18:52:02";"Entrenamiento por la tarde noche";"3003";"Face Pull (Cable)";"Rest Timer";"";"";"";"";"110.0";"";""
"93";"2025-04-25 18:52:02";"Entrenamiento por la tarde noche";"3003";"Face Pull (Cable)";"4";"19.958047999999998";"10";"";"";"";"";""
"93";"2025-04-25 18:52:02";"Entrenamiento por la tarde noche";"3003";"Face Pull (Cable)";"Rest Timer";"";"";"";"";"110.0";"";""
"93";"2025-04-25 18:52:02";"Entrenamiento por la tarde noche";"3003";"Triceps Extension (Cable)";"1";"19.958047999999998";"7";"";"";"";"";""
"93";"2025-04-25 18:52:02";"Entrenamiento por la tarde noche";"3003";"Triceps Extension (Cable)";"Rest Timer";"";"";"";"";"110.0";"";""
"93";"2025-04-25 18:52:02";"Entrenamiento por la tarde noche";"3003";"Triceps Extension (Cable)";"2";"17.463292";"10";"";"";"";"";""
"93";"2025-04-25 18:52:02";"Entrenamiento por la tarde noche";"3003";"Triceps Extension (Cable)";"Rest Timer";"";"";"";"";"110.0";"";""
"93";"2025-04-25 18:52:02";"Entrenamiento por la tarde noche";"3003";"Triceps Extension (Cable)";"3";"17.463292";"8";"";"";"";"";""
"93";"2025-04-25 18:52:02";"Entrenamiento por la tarde noche";"3003";"Triceps Extension (Cable)";"Rest Timer";"";"";"";"";"110.0";"";""
"93";"2025-04-25 18:52:02";"Entrenamiento por la tarde noche";"3003";"Triceps Extension (Cable)";"4";"17.463292";"8";"";"";"";"";""
"93";"2025-04-25 18:52:02";"Entrenamiento por la tarde noche";"3003";"Triceps Extension (Cable)";"Rest Timer";"";"";"";"";"110.0";"";""
"93";"2025-04-25 18:52:02";"Entrenamiento por la tarde noche";"3003";"Seated Row (Cable)";"1";"54.884631999999996";"8";"";"";"";"";""
"93";"2025-04-25 18:52:02";"Entrenamiento por la tarde noche";"3003";"Seated Row (Cable)";"Rest Timer";"";"";"";"";"110.0";"";""
"93";"2025-04-25 18:52:02";"Entrenamiento por la tarde noche";"3003";"Seated Row (Cable)";"2";"54.884631999999996";"8";"";"";"";"";""
"93";"2025-04-25 18:52:02";"Entrenamiento por la tarde noche";"3003";"Seated Row (Cable)";"Rest Timer";"";"";"";"";"110.0";"";""
"93";"2025-04-25 18:52:02";"Entrenamiento por la tarde noche";"3003";"Seated Row (Cable)";"3";"49.89512";"10";"";"";"";"";""
"93";"2025-04-25 18:52:02";"Entrenamiento por la tarde noche";"3003";"Seated Row (Cable)";"Rest Timer";"";"";"";"";"110.0";"";""
"93";"2025-04-25 18:52:02";"Entrenamiento por la tarde noche";"3003";"Seated Row (Cable)";"4";"49.89512";"8";"";"";"";"";""
"93";"2025-04-25 18:52:02";"Entrenamiento por la tarde noche";"3003";"Seated Row (Cable)";"Rest Timer";"";"";"";"";"110.0";"";""
"93";"2025-04-25 18:52:02";"Entrenamiento por la tarde noche";"3003";"Incline Curl (Cable)";"1";"7.484268";"8";"";"";"";"";""
"93";"2025-04-25 18:52:02";"Entrenamiento por la tarde noche";"3003";"Incline Curl (Cable)";"Rest Timer";"";"";"";"";"110.0";"";""
"93";"2025-04-25 18:52:02";"Entrenamiento por la tarde noche";"3003";"Incline Curl (Cable)";"2";"7.484268";"7";"";"";"";"";""
"93";"2025-04-25 18:52:02";"Entrenamiento por la tarde noche";"3003";"Incline Curl (Cable)";"Rest Timer";"";"";"";"";"110.0";"";""
"93";"2025-04-25 18:52:02";"Entrenamiento por la tarde noche";"3003";"Incline Curl (Cable)";"3";"7.484268";"7";"";"";"";"";""
"93";"2025-04-25 18:52:02";"Entrenamiento por la tarde noche";"3003";"Incline Curl (Cable)";"Rest Timer";"";"";"";"";"110.0";"";""
"93";"2025-04-25 18:52:02";"Entrenamiento por la tarde noche";"3003";"Incline Curl (Cable)";"4";"4.9895119999999995";"8";"";"";"";"";""
"93";"2025-04-25 18:52:02";"Entrenamiento por la tarde noche";"3003";"Incline Curl (Cable)";"Rest Timer";"";"";"";"";"110.0";"";""
"93";"2025-04-25 18:52:02";"Entrenamiento por la tarde noche";"3003";"Triceps Extension";"1";"19.958047999999998";"10";"";"";"";"";""
"93";"2025-04-25 18:52:02";"Entrenamiento por la tarde noche";"3003";"Triceps Extension";"Rest Timer";"";"";"";"";"110.0";"";""
"93";"2025-04-25 18:52:02";"Entrenamiento por la tarde noche";"3003";"Triceps Extension";"2";"19.958047999999998";"8";"";"";"";"";""
"93";"2025-04-25 18:52:02";"Entrenamiento por la tarde noche";"3003";"Triceps Extension";"Rest Timer";"";"";"";"";"110.0";"";""
"93";"2025-04-25 18:52:02";"Entrenamiento por la tarde noche";"3003";"Triceps Extension";"3";"17.463292";"8";"";"";"";"";""
"93";"2025-04-25 18:52:02";"Entrenamiento por la tarde noche";"3003";"Triceps Extension";"Rest Timer";"";"";"";"";"110.0";"";""
"93";"2025-04-25 18:52:02";"Entrenamiento por la tarde noche";"3003";"Triceps Extension";"4";"14.968536";"8";"";"";"";"";""
"93";"2025-04-25 18:52:02";"Entrenamiento por la tarde noche";"3003";"Triceps Extension";"Rest Timer";"";"";"";"";"110.0";"";""
"94";"2025-04-26 14:09:21";"Entrenamiento por la tarde";"2309";"Overhead Press (Dumbbell)";"1";"15.87572";"15";"";"";"";"";""
"94";"2025-04-26 14:09:21";"Entrenamiento por la tarde";"2309";"Overhead Press (Dumbbell)";"Rest Timer";"";"";"";"";"110.0";"";""
"94";"2025-04-26 14:09:21";"Entrenamiento por la tarde";"2309";"Overhead Press (Dumbbell)";"2";"15.87572";"11";"";"";"";"";""
"94";"2025-04-26 14:09:21";"Entrenamiento por la tarde";"2309";"Overhead Press (Dumbbell)";"Rest Timer";"";"";"";"";"110.0";"";""
"94";"2025-04-26 14:09:21";"Entrenamiento por la tarde";"2309";"Overhead Press (Dumbbell)";"3";"13.607759999999999";"12";"";"";"";"";""
"94";"2025-04-26 14:09:21";"Entrenamiento por la tarde";"2309";"Overhead Press (Dumbbell)";"Rest Timer";"";"";"";"";"110.0";"";""
"94";"2025-04-26 14:09:21";"Entrenamiento por la tarde";"2309";"Overhead Press (Dumbbell)";"4";"13.607759999999999";"12";"";"";"";"";""
"94";"2025-04-26 14:09:21";"Entrenamiento por la tarde";"2309";"Overhead Press (Dumbbell)";"Rest Timer";"";"";"";"";"110.0";"";""
"94";"2025-04-26 14:09:21";"Entrenamiento por la tarde";"2309";"Incline Curl (Dumbbell)";"1";"9.07184";"10";"";"";"";"";""
"94";"2025-04-26 14:09:21";"Entrenamiento por la tarde";"2309";"Incline Curl (Dumbbell)";"Rest Timer";"";"";"";"";"110.0";"";""
"94";"2025-04-26 14:09:21";"Entrenamiento por la tarde";"2309";"Incline Curl (Dumbbell)";"2";"9.07184";"8";"";"";"";"";""
"94";"2025-04-26 14:09:21";"Entrenamiento por la tarde";"2309";"Incline Curl (Dumbbell)";"Rest Timer";"";"";"";"";"110.0";"";""
"94";"2025-04-26 14:09:21";"Entrenamiento por la tarde";"2309";"Incline Curl (Dumbbell)";"3";"9.07184";"7";"";"";"";"";""
"94";"2025-04-26 14:09:21";"Entrenamiento por la tarde";"2309";"Incline Curl (Dumbbell)";"Rest Timer";"";"";"";"";"110.0";"";""
"94";"2025-04-26 14:09:21";"Entrenamiento por la tarde";"2309";"Incline Curl (Dumbbell)";"4";"9.07184";"8";"";"";"";"";""
"94";"2025-04-26 14:09:21";"Entrenamiento por la tarde";"2309";"Incline Curl (Dumbbell)";"Rest Timer";"";"";"";"";"110.0";"";""
"94";"2025-04-26 14:09:21";"Entrenamiento por la tarde";"2309";"Lateral Raise (Dumbbell)";"1";"6.8038799999999995";"12";"";"";"";"";""
"94";"2025-04-26 14:09:21";"Entrenamiento por la tarde";"2309";"Lateral Raise (Dumbbell)";"Rest Timer";"";"";"";"";"110.0";"";""
"94";"2025-04-26 14:09:21";"Entrenamiento por la tarde";"2309";"Lateral Raise (Dumbbell)";"2";"6.8038799999999995";"10";"";"";"";"";""
"94";"2025-04-26 14:09:21";"Entrenamiento por la tarde";"2309";"Lateral Raise (Dumbbell)";"Rest Timer";"";"";"";"";"110.0";"";""
"94";"2025-04-26 14:09:21";"Entrenamiento por la tarde";"2309";"Lateral Raise (Dumbbell)";"3";"6.8038799999999995";"12";"";"";"";"";""
"94";"2025-04-26 14:09:21";"Entrenamiento por la tarde";"2309";"Lateral Raise (Dumbbell)";"Rest Timer";"";"";"";"";"110.0";"";""
"94";"2025-04-26 14:09:21";"Entrenamiento por la tarde";"2309";"Lateral Raise (Dumbbell)";"4";"6.8038799999999995";"10";"";"";"";"";""
"94";"2025-04-26 14:09:21";"Entrenamiento por la tarde";"2309";"Lateral Raise (Dumbbell)";"Rest Timer";"";"";"";"";"110.0";"";""
"94";"2025-04-26 14:09:21";"Entrenamiento por la tarde";"2309";"Front Raise (Dumbbell)";"1";"6.8038799999999995";"10";"";"";"";"";""
"94";"2025-04-26 14:09:21";"Entrenamiento por la tarde";"2309";"Front Raise (Dumbbell)";"Rest Timer";"";"";"";"";"110.0";"";""
"94";"2025-04-26 14:09:21";"Entrenamiento por la tarde";"2309";"Front Raise (Dumbbell)";"2";"6.8038799999999995";"8";"";"";"";"";""
"94";"2025-04-26 14:09:21";"Entrenamiento por la tarde";"2309";"Front Raise (Dumbbell)";"Rest Timer";"";"";"";"";"110.0";"";""
"94";"2025-04-26 14:09:21";"Entrenamiento por la tarde";"2309";"Front Raise (Dumbbell)";"3";"6.8038799999999995";"6";"";"";"";"";""
"94";"2025-04-26 14:09:21";"Entrenamiento por la tarde";"2309";"Front Raise (Dumbbell)";"Rest Timer";"";"";"";"";"110.0";"";""
"94";"2025-04-26 14:09:21";"Entrenamiento por la tarde";"2309";"Front Raise (Dumbbell)";"4";"6.8038799999999995";"8";"";"";"";"";""
"94";"2025-04-26 14:09:21";"Entrenamiento por la tarde";"2309";"Front Raise (Dumbbell)";"Rest Timer";"";"";"";"";"110.0";"";""
"94";"2025-04-26 14:09:21";"Entrenamiento por la tarde";"2309";"Reverse Fly (Dumbbell)";"1";"6.8038799999999995";"12";"";"";"";"";""
"94";"2025-04-26 14:09:21";"Entrenamiento por la tarde";"2309";"Reverse Fly (Dumbbell)";"Rest Timer";"";"";"";"";"110.0";"";""
"94";"2025-04-26 14:09:21";"Entrenamiento por la tarde";"2309";"Reverse Fly (Dumbbell)";"2";"6.8038799999999995";"12";"";"";"";"";""
"94";"2025-04-26 14:09:21";"Entrenamiento por la tarde";"2309";"Reverse Fly (Dumbbell)";"Rest Timer";"";"";"";"";"110.0";"";""
"94";"2025-04-26 14:09:21";"Entrenamiento por la tarde";"2309";"Reverse Fly (Dumbbell)";"3";"6.8038799999999995";"10";"";"";"";"";""
"94";"2025-04-26 14:09:21";"Entrenamiento por la tarde";"2309";"Reverse Fly (Dumbbell)";"Rest Timer";"";"";"";"";"110.0";"";""
"94";"2025-04-26 14:09:21";"Entrenamiento por la tarde";"2309";"Reverse Fly (Dumbbell)";"4";"6.8038799999999995";"8";"";"";"";"";""
"94";"2025-04-26 14:09:21";"Entrenamiento por la tarde";"2309";"Reverse Fly (Dumbbell)";"Rest Timer";"";"";"";"";"110.0";"";""
"95";"2025-04-27 10:56:03";"Entrenamiento por la mañana";"3761";"Lat Pulldown (Cable)";"1";"49.89512";"12";"";"";"";"";""
"95";"2025-04-27 10:56:03";"Entrenamiento por la mañana";"3761";"Lat Pulldown (Cable)";"Rest Timer";"";"";"";"";"110.0";"";""
"95";"2025-04-27 10:56:03";"Entrenamiento por la mañana";"3761";"Lat Pulldown (Cable)";"2";"49.89512";"10";"";"";"";"";""
"95";"2025-04-27 10:56:03";"Entrenamiento por la mañana";"3761";"Lat Pulldown (Cable)";"Rest Timer";"";"";"";"";"110.0";"";""
"95";"2025-04-27 10:56:03";"Entrenamiento por la mañana";"3761";"Lat Pulldown (Cable)";"3";"49.89512";"10";"";"";"";"";""
"95";"2025-04-27 10:56:03";"Entrenamiento por la mañana";"3761";"Lat Pulldown (Cable)";"Rest Timer";"";"";"";"";"110.0";"";""
"95";"2025-04-27 10:56:03";"Entrenamiento por la mañana";"3761";"Lat Pulldown (Cable)";"4";"44.905608";"16";"";"";"";"";""
"95";"2025-04-27 10:56:03";"Entrenamiento por la mañana";"3761";"Lat Pulldown (Cable)";"Rest Timer";"";"";"";"";"110.0";"";""
"95";"2025-04-27 10:56:03";"Entrenamiento por la mañana";"3761";"Bench Press (Dumbbell)";"1";"20.41164";"10";"";"";"";"";""
"95";"2025-04-27 10:56:03";"Entrenamiento por la mañana";"3761";"Bench Press (Dumbbell)";"Rest Timer";"";"";"";"";"110.0";"";""
"95";"2025-04-27 10:56:03";"Entrenamiento por la mañana";"3761";"Bench Press (Dumbbell)";"2";"20.41164";"15";"";"";"";"";""
"95";"2025-04-27 10:56:03";"Entrenamiento por la mañana";"3761";"Bench Press (Dumbbell)";"Rest Timer";"";"";"";"";"110.0";"";""
"95";"2025-04-27 10:56:03";"Entrenamiento por la mañana";"3761";"Bench Press (Dumbbell)";"3";"20.41164";"12";"";"";"";"";""
"95";"2025-04-27 10:56:03";"Entrenamiento por la mañana";"3761";"Bench Press (Dumbbell)";"Rest Timer";"";"";"";"";"110.0";"";""
"95";"2025-04-27 10:56:03";"Entrenamiento por la mañana";"3761";"Bench Press (Dumbbell)";"4";"20.41164";"12";"";"";"";"";""
"95";"2025-04-27 10:56:03";"Entrenamiento por la mañana";"3761";"Bench Press (Dumbbell)";"Rest Timer";"";"";"";"";"110.0";"";""
"95";"2025-04-27 10:56:03";"Entrenamiento por la mañana";"3761";"Knee Raise (Captain's Chair)";"1";"0.0";"12";"";"";"";"";""
"95";"2025-04-27 10:56:03";"Entrenamiento por la mañana";"3761";"Knee Raise (Captain's Chair)";"Rest Timer";"";"";"";"";"110.0";"";""
"95";"2025-04-27 10:56:03";"Entrenamiento por la mañana";"3761";"Knee Raise (Captain's Chair)";"2";"0.0";"12";"";"";"";"";""
"95";"2025-04-27 10:56:03";"Entrenamiento por la mañana";"3761";"Knee Raise (Captain's Chair)";"Rest Timer";"";"";"";"";"110.0";"";""
"95";"2025-04-27 10:56:03";"Entrenamiento por la mañana";"3761";"Knee Raise (Captain's Chair)";"3";"0.0";"12";"";"";"";"";""
"95";"2025-04-27 10:56:03";"Entrenamiento por la mañana";"3761";"Knee Raise (Captain's Chair)";"Rest Timer";"";"";"";"";"110.0";"";""
"95";"2025-04-27 10:56:03";"Entrenamiento por la mañana";"3761";"Knee Raise (Captain's Chair)";"4";"0.0";"12";"";"";"";"";""
"95";"2025-04-27 10:56:03";"Entrenamiento por la mañana";"3761";"Knee Raise (Captain's Chair)";"Rest Timer";"";"";"";"";"110.0";"";""
"95";"2025-04-27 10:56:03";"Entrenamiento por la mañana";"3761";"Cycling (Indoor)";"1";"";"";"";"0.0";"25.0";"";""
"95";"2025-04-27 10:56:03";"Entrenamiento por la mañana";"3761";"Cycling (Indoor)";"Rest Timer";"";"";"";"";"120.0";"";""
"95";"2025-04-27 10:56:03";"Entrenamiento por la mañana";"3761";"Cycling (Indoor)";"2";"";"";"";"0.0";"25.0";"";""
"95";"2025-04-27 10:56:03";"Entrenamiento por la mañana";"3761";"Cycling (Indoor)";"Rest Timer";"";"";"";"";"120.0";"";""
"95";"2025-04-27 10:56:03";"Entrenamiento por la mañana";"3761";"Cycling (Indoor)";"3";"";"";"";"0.0";"25.0";"";""
"95";"2025-04-27 10:56:03";"Entrenamiento por la mañana";"3761";"Cycling (Indoor)";"Rest Timer";"";"";"";"";"120.0";"";""
"95";"2025-04-27 10:56:03";"Entrenamiento por la mañana";"3761";"Cycling (Indoor)";"4";"";"";"";"0.0";"25.0";"";""
"95";"2025-04-27 10:56:03";"Entrenamiento por la mañana";"3761";"Cycling (Indoor)";"Rest Timer";"";"";"";"";"120.0";"";""
"95";"2025-04-27 10:56:03";"Entrenamiento por la mañana";"3761";"Cycling (Indoor)";"5";"";"";"";"0.0";"25.0";"";""
"95";"2025-04-27 10:56:03";"Entrenamiento por la mañana";"3761";"Cycling (Indoor)";"Rest Timer";"";"";"";"";"120.0";"";""
"96";"2025-04-29 20:54:15";"Entrenamiento por la tarde noche";"3065";"Incline Curl (Cable)";"1";"7.93786";"10";"";"";"";"";""
"96";"2025-04-29 20:54:15";"Entrenamiento por la tarde noche";"3065";"Incline Curl (Cable)";"Rest Timer";"";"";"";"";"120.0";"";""
"96";"2025-04-29 20:54:15";"Entrenamiento por la tarde noche";"3065";"Incline Curl (Cable)";"2";"7.93786";"8";"";"";"";"";""
"96";"2025-04-29 20:54:15";"Entrenamiento por la tarde noche";"3065";"Incline Curl (Cable)";"Rest Timer";"";"";"";"";"120.0";"";""
"96";"2025-04-29 20:54:15";"Entrenamiento por la tarde noche";"3065";"Incline Curl (Cable)";"3";"7.93786";"8";"";"";"";"";""
"96";"2025-04-29 20:54:15";"Entrenamiento por la tarde noche";"3065";"Incline Curl (Cable)";"Rest Timer";"";"";"";"";"120.0";"";""
"96";"2025-04-29 20:54:15";"Entrenamiento por la tarde noche";"3065";"Toes To Bar";"1";"";"8";"";"";"";"";""
"96";"2025-04-29 20:54:15";"Entrenamiento por la tarde noche";"3065";"Toes To Bar";"Rest Timer";"";"";"";"";"110.0";"";""
"96";"2025-04-29 20:54:15";"Entrenamiento por la tarde noche";"3065";"Toes To Bar";"2";"";"5";"";"";"";"";""
"96";"2025-04-29 20:54:15";"Entrenamiento por la tarde noche";"3065";"Toes To Bar";"Rest Timer";"";"";"";"";"110.0";"";""
"96";"2025-04-29 20:54:15";"Entrenamiento por la tarde noche";"3065";"Toes To Bar";"3";"";"5";"";"";"";"";""
"96";"2025-04-29 20:54:15";"Entrenamiento por la tarde noche";"3065";"Toes To Bar";"Rest Timer";"";"";"";"";"110.0";"";""
"96";"2025-04-29 20:54:15";"Entrenamiento por la tarde noche";"3065";"Bench Press (Barbell)";"1";"65.77083999999999";"12";"";"";"";"";""
"96";"2025-04-29 20:54:15";"Entrenamiento por la tarde noche";"3065";"Bench Press (Barbell)";"Rest Timer";"";"";"";"";"110.0";"";""
"96";"2025-04-29 20:54:15";"Entrenamiento por la tarde noche";"3065";"Bench Press (Barbell)";"2";"65.77083999999999";"10";"";"";"";"";""
"96";"2025-04-29 20:54:15";"Entrenamiento por la tarde noche";"3065";"Bench Press (Barbell)";"Rest Timer";"";"";"";"";"110.0";"";""
"96";"2025-04-29 20:54:15";"Entrenamiento por la tarde noche";"3065";"Bench Press (Barbell)";"3";"65.77083999999999";"8";"";"";"";"";""
"96";"2025-04-29 20:54:15";"Entrenamiento por la tarde noche";"3065";"Bench Press (Barbell)";"Rest Timer";"";"";"";"";"110.0";"";""
"96";"2025-04-29 20:54:15";"Entrenamiento por la tarde noche";"3065";"Bench Press (Barbell)";"4";"65.77083999999999";"8";"";"";"";"";""
"96";"2025-04-29 20:54:15";"Entrenamiento por la tarde noche";"3065";"Bench Press (Barbell)";"Rest Timer";"";"";"";"";"110.0";"";""
"96";"2025-04-29 20:54:15";"Entrenamiento por la tarde noche";"3065";"Bench Press (Barbell)";"5";"65.77083999999999";"8";"";"";"";"";""
"96";"2025-04-29 20:54:15";"Entrenamiento por la tarde noche";"3065";"Bench Press (Barbell)";"Rest Timer";"";"";"";"";"110.0";"";""
"96";"2025-04-29 20:54:15";"Entrenamiento por la tarde noche";"3065";"Bicep Curl (Barbell)";"1";"22.6796";"12";"";"";"";"";""
"96";"2025-04-29 20:54:15";"Entrenamiento por la tarde noche";"3065";"Bicep Curl (Barbell)";"Rest Timer";"";"";"";"";"110.0";"";""
"96";"2025-04-29 20:54:15";"Entrenamiento por la tarde noche";"3065";"Bicep Curl (Barbell)";"2";"22.6796";"12";"";"";"";"";""
"96";"2025-04-29 20:54:15";"Entrenamiento por la tarde noche";"3065";"Bicep Curl (Barbell)";"Rest Timer";"";"";"";"";"110.0";"";""
"96";"2025-04-29 20:54:15";"Entrenamiento por la tarde noche";"3065";"Bicep Curl (Barbell)";"3";"22.6796";"8";"";"";"";"";""
"96";"2025-04-29 20:54:15";"Entrenamiento por la tarde noche";"3065";"Bicep Curl (Barbell)";"Rest Timer";"";"";"";"";"110.0";"";""
"96";"2025-04-29 20:54:15";"Entrenamiento por la tarde noche";"3065";"Bicep Curl (Barbell)";"4";"22.6796";"10";"";"";"";"";""
"96";"2025-04-29 20:54:15";"Entrenamiento por la tarde noche";"3065";"Bicep Curl (Barbell)";"Rest Timer";"";"";"";"";"110.0";"";""
"96";"2025-04-29 20:54:15";"Entrenamiento por la tarde noche";"3065";"Bicep Curl (Barbell)";"5";"22.6796";"10";"";"";"";"";""
"96";"2025-04-29 20:54:15";"Entrenamiento por la tarde noche";"3065";"Bicep Curl (Barbell)";"Rest Timer";"";"";"";"";"110.0";"";""
"96";"2025-04-29 20:54:15";"Entrenamiento por la tarde noche";"3065";"Concentration Curl (Dumbbell)";"1";"9.071847400000001";"8";"";"";"";"";""
"96";"2025-04-29 20:54:15";"Entrenamiento por la tarde noche";"3065";"Concentration Curl (Dumbbell)";"Rest Timer";"";"";"";"";"110.0";"";""
"96";"2025-04-29 20:54:15";"Entrenamiento por la tarde noche";"3065";"Concentration Curl (Dumbbell)";"2";"9.07184";"10";"";"";"";"";""
"96";"2025-04-29 20:54:15";"Entrenamiento por la tarde noche";"3065";"Concentration Curl (Dumbbell)";"Rest Timer";"";"";"";"";"110.0";"";""
"96";"2025-04-29 20:54:15";"Entrenamiento por la tarde noche";"3065";"Concentration Curl (Dumbbell)";"3";"9.07184";"6";"";"";"";"";""
"96";"2025-04-29 20:54:15";"Entrenamiento por la tarde noche";"3065";"Concentration Curl (Dumbbell)";"Rest Timer";"";"";"";"";"110.0";"";""
"96";"2025-04-29 20:54:15";"Entrenamiento por la tarde noche";"3065";"Concentration Curl (Dumbbell)";"4";"9.07184";"8";"";"";"";"";""
"96";"2025-04-29 20:54:15";"Entrenamiento por la tarde noche";"3065";"Concentration Curl (Dumbbell)";"Rest Timer";"";"";"";"";"110.0";"";""
"97";"2025-04-30 20:36:29";"Entrenamiento por la tarde noche";"2873";"Chest Dip";"1";"0.0";"10";"";"";"";"";""
"97";"2025-04-30 20:36:29";"Entrenamiento por la tarde noche";"2873";"Chest Dip";"Rest Timer";"";"";"";"";"110.0";"";""
"97";"2025-04-30 20:36:29";"Entrenamiento por la tarde noche";"2873";"Chest Dip";"2";"0.0";"10";"";"";"";"";""
"97";"2025-04-30 20:36:29";"Entrenamiento por la tarde noche";"2873";"Chest Dip";"Rest Timer";"";"";"";"";"110.0";"";""
"97";"2025-04-30 20:36:29";"Entrenamiento por la tarde noche";"2873";"Chest Dip";"3";"0.0";"8";"";"";"";"";""
"97";"2025-04-30 20:36:29";"Entrenamiento por la tarde noche";"2873";"Chest Dip";"Rest Timer";"";"";"";"";"110.0";"";""
"97";"2025-04-30 20:36:29";"Entrenamiento por la tarde noche";"2873";"Chest Dip";"4";"0.0";"7";"";"";"";"";""
"97";"2025-04-30 20:36:29";"Entrenamiento por la tarde noche";"2873";"Chest Dip";"Rest Timer";"";"";"";"";"110.0";"";""
"97";"2025-04-30 20:36:29";"Entrenamiento por la tarde noche";"2873";"Knee Raise (Captain's Chair)";"1";"0.0";"15";"";"";"";"";""
"97";"2025-04-30 20:36:29";"Entrenamiento por la tarde noche";"2873";"Knee Raise (Captain's Chair)";"Rest Timer";"";"";"";"";"110.0";"";""
"97";"2025-04-30 20:36:29";"Entrenamiento por la tarde noche";"2873";"Knee Raise (Captain's Chair)";"2";"0.0";"10";"";"";"";"";""
"97";"2025-04-30 20:36:29";"Entrenamiento por la tarde noche";"2873";"Knee Raise (Captain's Chair)";"Rest Timer";"";"";"";"";"110.0";"";""
"97";"2025-04-30 20:36:29";"Entrenamiento por la tarde noche";"2873";"Knee Raise (Captain's Chair)";"3";"0.0";"10";"";"";"";"";""
"97";"2025-04-30 20:36:29";"Entrenamiento por la tarde noche";"2873";"Knee Raise (Captain's Chair)";"Rest Timer";"";"";"";"";"110.0";"";""
"97";"2025-04-30 20:36:29";"Entrenamiento por la tarde noche";"2873";"Knee Raise (Captain's Chair)";"4";"0.0";"8";"";"";"";"";""
"97";"2025-04-30 20:36:29";"Entrenamiento por la tarde noche";"2873";"Knee Raise (Captain's Chair)";"Rest Timer";"";"";"";"";"110.0";"";""
"97";"2025-04-30 20:36:29";"Entrenamiento por la tarde noche";"2873";"Triceps Extension (Dumbbell)";"1";"22.6796";"8";"";"";"";"";""
"97";"2025-04-30 20:36:29";"Entrenamiento por la tarde noche";"2873";"Triceps Extension (Dumbbell)";"Rest Timer";"";"";"";"";"110.0";"";""
"97";"2025-04-30 20:36:29";"Entrenamiento por la tarde noche";"2873";"Triceps Extension (Dumbbell)";"2";"22.6796";"8";"";"";"";"";""
"97";"2025-04-30 20:36:29";"Entrenamiento por la tarde noche";"2873";"Triceps Extension (Dumbbell)";"Rest Timer";"";"";"";"";"110.0";"";""
"97";"2025-04-30 20:36:29";"Entrenamiento por la tarde noche";"2873";"Triceps Extension (Dumbbell)";"3";"22.6796";"8";"";"";"";"";""
"97";"2025-04-30 20:36:29";"Entrenamiento por la tarde noche";"2873";"Triceps Extension (Dumbbell)";"Rest Timer";"";"";"";"";"110.0";"";""
"97";"2025-04-30 20:36:29";"Entrenamiento por la tarde noche";"2873";"Triceps Extension (Dumbbell)";"4";"22.6796";"8";"";"";"";"";""
"97";"2025-04-30 20:36:29";"Entrenamiento por la tarde noche";"2873";"Triceps Extension (Dumbbell)";"Rest Timer";"";"";"";"";"110.0";"";""
"97";"2025-04-30 20:36:29";"Entrenamiento por la tarde noche";"2873";"Cycling (Indoor)";"1";"";"";"";"";"25.0";"";""
"97";"2025-04-30 20:36:29";"Entrenamiento por la tarde noche";"2873";"Cycling (Indoor)";"Rest Timer";"";"";"";"";"120.0";"";""
"97";"2025-04-30 20:36:29";"Entrenamiento por la tarde noche";"2873";"Cycling (Indoor)";"2";"";"";"";"";"25.0";"";""
"97";"2025-04-30 20:36:29";"Entrenamiento por la tarde noche";"2873";"Cycling (Indoor)";"Rest Timer";"";"";"";"";"120.0";"";""
"97";"2025-04-30 20:36:29";"Entrenamiento por la tarde noche";"2873";"Cycling (Indoor)";"3";"";"";"";"";"25.0";"";""
"97";"2025-04-30 20:36:29";"Entrenamiento por la tarde noche";"2873";"Cycling (Indoor)";"Rest Timer";"";"";"";"";"120.0";"";""
"97";"2025-04-30 20:36:29";"Entrenamiento por la tarde noche";"2873";"Cycling (Indoor)";"4";"";"";"";"";"25.0";"";""
"97";"2025-04-30 20:36:29";"Entrenamiento por la tarde noche";"2873";"Cycling (Indoor)";"Rest Timer";"";"";"";"";"120.0";"";""
"97";"2025-04-30 20:36:29";"Entrenamiento por la tarde noche";"2873";"Cycling (Indoor)";"5";"";"";"";"";"25.0";"";""
"97";"2025-04-30 20:36:29";"Entrenamiento por la tarde noche";"2873";"Cycling (Indoor)";"Rest Timer";"";"";"";"";"120.0";"";""
"98";"2025-05-01 08:55:39";"Entrenamiento por la mañana";"3453";"Squat (Barbell)";"1";"65.77083999999999";"8";"";"";"";"";""
"98";"2025-05-01 08:55:39";"Entrenamiento por la mañana";"3453";"Squat (Barbell)";"Rest Timer";"";"";"";"";"110.0";"";""
"98";"2025-05-01 08:55:39";"Entrenamiento por la mañana";"3453";"Squat (Barbell)";"2";"65.77083999999999";"8";"";"";"";"";""
"98";"2025-05-01 08:55:39";"Entrenamiento por la mañana";"3453";"Squat (Barbell)";"Rest Timer";"";"";"";"";"110.0";"";""
"98";"2025-05-01 08:55:39";"Entrenamiento por la mañana";"3453";"Squat (Barbell)";"3";"61.23492";"9";"";"";"";"";""
"98";"2025-05-01 08:55:39";"Entrenamiento por la mañana";"3453";"Squat (Barbell)";"Rest Timer";"";"";"";"";"110.0";"";""
"98";"2025-05-01 08:55:39";"Entrenamiento por la mañana";"3453";"Squat (Barbell)";"4";"61.23492";"8";"";"";"";"";""
"98";"2025-05-01 08:55:39";"Entrenamiento por la mañana";"3453";"Squat (Barbell)";"Rest Timer";"";"";"";"";"110.0";"";""
"98";"2025-05-01 08:55:39";"Entrenamiento por la mañana";"3453";"Squat (Barbell)";"5";"61.23492";"7";"";"";"";"";""
"98";"2025-05-01 08:55:39";"Entrenamiento por la mañana";"3453";"Squat (Barbell)";"Rest Timer";"";"";"";"";"110.0";"";""
"98";"2025-05-01 08:55:39";"Entrenamiento por la mañana";"3453";"Standing Calf Raise (Dumbbell)";"1";"18.14368";"15";"";"";"";"";""
"98";"2025-05-01 08:55:39";"Entrenamiento por la mañana";"3453";"Standing Calf Raise (Dumbbell)";"Rest Timer";"";"";"";"";"110.0";"";""
"98";"2025-05-01 08:55:39";"Entrenamiento por la mañana";"3453";"Standing Calf Raise (Dumbbell)";"2";"18.14368";"15";"";"";"";"";""
"98";"2025-05-01 08:55:39";"Entrenamiento por la mañana";"3453";"Standing Calf Raise (Dumbbell)";"Rest Timer";"";"";"";"";"110.0";"";""
"98";"2025-05-01 08:55:39";"Entrenamiento por la mañana";"3453";"Standing Calf Raise (Dumbbell)";"3";"18.14368";"15";"";"";"";"";""
"98";"2025-05-01 08:55:39";"Entrenamiento por la mañana";"3453";"Standing Calf Raise (Dumbbell)";"Rest Timer";"";"";"";"";"110.0";"";""
"98";"2025-05-01 08:55:39";"Entrenamiento por la mañana";"3453";"Standing Calf Raise (Dumbbell)";"4";"18.14368";"12";"";"";"";"";""
"98";"2025-05-01 08:55:39";"Entrenamiento por la mañana";"3453";"Standing Calf Raise (Dumbbell)";"Rest Timer";"";"";"";"";"110.0";"";""
"98";"2025-05-01 08:55:39";"Entrenamiento por la mañana";"3453";"Standing Calf Raise (Dumbbell)";"5";"18.14368";"15";"";"";"";"";""
"98";"2025-05-01 08:55:39";"Entrenamiento por la mañana";"3453";"Standing Calf Raise (Dumbbell)";"Rest Timer";"";"";"";"";"110.0";"";""
"98";"2025-05-01 08:55:39";"Entrenamiento por la mañana";"3453";"Leg Press";"1";"102.0582";"10";"";"";"";"";""
"98";"2025-05-01 08:55:39";"Entrenamiento por la mañana";"3453";"Leg Press";"Rest Timer";"";"";"";"";"110.0";"";""
"98";"2025-05-01 08:55:39";"Entrenamiento por la mañana";"3453";"Leg Press";"2";"102.0582";"10";"";"";"";"";""
"98";"2025-05-01 08:55:39";"Entrenamiento por la mañana";"3453";"Leg Press";"Rest Timer";"";"";"";"";"110.0";"";""
"98";"2025-05-01 08:55:39";"Entrenamiento por la mañana";"3453";"Leg Press";"3";"102.0582";"8";"";"";"";"";""
"98";"2025-05-01 08:55:39";"Entrenamiento por la mañana";"3453";"Leg Press";"Rest Timer";"";"";"";"";"110.0";"";""
"98";"2025-05-01 08:55:39";"Entrenamiento por la mañana";"3453";"Leg Press";"4";"102.0582";"10";"";"";"";"";""
"98";"2025-05-01 08:55:39";"Entrenamiento por la mañana";"3453";"Leg Press";"Rest Timer";"";"";"";"";"110.0";"";""
"98";"2025-05-01 08:55:39";"Entrenamiento por la mañana";"3453";"Leg Press";"5";"102.0582";"8";"";"";"";"";""
"98";"2025-05-01 08:55:39";"Entrenamiento por la mañana";"3453";"Leg Press";"Rest Timer";"";"";"";"";"110.0";"";""
"98";"2025-05-01 08:55:39";"Entrenamiento por la mañana";"3453";"Calf Press on Leg Press";"1";"102.0582";"10";"";"";"";"";""
"98";"2025-05-01 08:55:39";"Entrenamiento por la mañana";"3453";"Calf Press on Leg Press";"Rest Timer";"";"";"";"";"120.0";"";""
"98";"2025-05-01 08:55:39";"Entrenamiento por la mañana";"3453";"Calf Press on Leg Press";"2";"102.0582";"8";"";"";"";"";""
"98";"2025-05-01 08:55:39";"Entrenamiento por la mañana";"3453";"Calf Press on Leg Press";"Rest Timer";"";"";"";"";"110.0";"";""
"98";"2025-05-01 08:55:39";"Entrenamiento por la mañana";"3453";"Calf Press on Leg Press";"3";"102.0582";"8";"";"";"";"";""
"98";"2025-05-01 08:55:39";"Entrenamiento por la mañana";"3453";"Calf Press on Leg Press";"Rest Timer";"";"";"";"";"110.0";"";""
"98";"2025-05-01 08:55:39";"Entrenamiento por la mañana";"3453";"Calf Press on Leg Press";"4";"102.0582";"8";"";"";"";"";""
"98";"2025-05-01 08:55:39";"Entrenamiento por la mañana";"3453";"Calf Press on Leg Press";"Rest Timer";"";"";"";"";"110.0";"";""
"98";"2025-05-01 08:55:39";"Entrenamiento por la mañana";"3453";"Calf Press on Leg Press";"5";"102.0582";"8";"";"";"";"";""
"98";"2025-05-01 08:55:39";"Entrenamiento por la mañana";"3453";"Calf Press on Leg Press";"Rest Timer";"";"";"";"";"110.0";"";""
"99";"2025-05-02 19:04:44";"Entrenamiento por la tarde noche";"2424";"Chin Up";"1";"0.0";"7";"";"";"";"";""
"99";"2025-05-02 19:04:44";"Entrenamiento por la tarde noche";"2424";"Chin Up";"Rest Timer";"";"";"";"";"110.0";"";""
"99";"2025-05-02 19:04:44";"Entrenamiento por la tarde noche";"2424";"Chin Up";"2";"0.0";"5";"";"";"";"";""
"99";"2025-05-02 19:04:44";"Entrenamiento por la tarde noche";"2424";"Chin Up";"Rest Timer";"";"";"";"";"110.0";"";""
"99";"2025-05-02 19:04:44";"Entrenamiento por la tarde noche";"2424";"Chin Up";"3";"0.0";"5";"";"";"";"";""
"99";"2025-05-02 19:04:44";"Entrenamiento por la tarde noche";"2424";"Chin Up";"Rest Timer";"";"";"";"";"110.0";"";""
"99";"2025-05-02 19:04:44";"Entrenamiento por la tarde noche";"2424";"Chin Up";"4";"0.0";"4";"";"";"";"";""
"99";"2025-05-02 19:04:44";"Entrenamiento por la tarde noche";"2424";"Chin Up";"Rest Timer";"";"";"";"";"110.0";"";""
"99";"2025-05-02 19:04:44";"Entrenamiento por la tarde noche";"2424";"Seated Row (Cable)";"1";"54.884631999999996";"9";"";"";"";"";""
"99";"2025-05-02 19:04:44";"Entrenamiento por la tarde noche";"2424";"Seated Row (Cable)";"Rest Timer";"";"";"";"";"110.0";"";""
"99";"2025-05-02 19:04:44";"Entrenamiento por la tarde noche";"2424";"Seated Row (Cable)";"2";"54.884631999999996";"9";"";"";"";"";""
"99";"2025-05-02 19:04:44";"Entrenamiento por la tarde noche";"2424";"Seated Row (Cable)";"Rest Timer";"";"";"";"";"110.0";"";""
"99";"2025-05-02 19:04:44";"Entrenamiento por la tarde noche";"2424";"Seated Row (Cable)";"3";"49.89512";"11";"";"";"";"";""
"99";"2025-05-02 19:04:44";"Entrenamiento por la tarde noche";"2424";"Seated Row (Cable)";"Rest Timer";"";"";"";"";"110.0";"";""
"99";"2025-05-02 19:04:44";"Entrenamiento por la tarde noche";"2424";"Seated Row (Cable)";"4";"49.89512";"10";"";"";"";"";""
"99";"2025-05-02 19:04:44";"Entrenamiento por la tarde noche";"2424";"Seated Row (Cable)";"Rest Timer";"";"";"";"";"110.0";"";""
"99";"2025-05-02 19:04:44";"Entrenamiento por la tarde noche";"2424";"Straight Pulldown ";"1";"19.958047999999998";"18";"";"";"";"";""
"99";"2025-05-02 19:04:44";"Entrenamiento por la tarde noche";"2424";"Straight Pulldown ";"Rest Timer";"";"";"";"";"110.0";"";""
"99";"2025-05-02 19:04:44";"Entrenamiento por la tarde noche";"2424";"Straight Pulldown ";"2";"22.452804";"8";"";"";"";"";""
"99";"2025-05-02 19:04:44";"Entrenamiento por la tarde noche";"2424";"Straight Pulldown ";"Rest Timer";"";"";"";"";"110.0";"";""
"99";"2025-05-02 19:04:44";"Entrenamiento por la tarde noche";"2424";"Straight Pulldown ";"3";"22.452804";"8";"";"";"";"";""
"99";"2025-05-02 19:04:44";"Entrenamiento por la tarde noche";"2424";"Straight Pulldown ";"Rest Timer";"";"";"";"";"110.0";"";""
"99";"2025-05-02 19:04:44";"Entrenamiento por la tarde noche";"2424";"Straight Pulldown ";"4";"19.958047999999998";"10";"";"";"";"";""
"99";"2025-05-02 19:04:44";"Entrenamiento por la tarde noche";"2424";"Straight Pulldown ";"Rest Timer";"";"";"";"";"110.0";"";""
"99";"2025-05-02 19:04:44";"Entrenamiento por la tarde noche";"2424";"Triceps Extension";"1";"22.452804";"8";"";"";"";"";""
"99";"2025-05-02 19:04:44";"Entrenamiento por la tarde noche";"2424";"Triceps Extension";"Rest Timer";"";"";"";"";"110.0";"";""
"99";"2025-05-02 19:04:44";"Entrenamiento por la tarde noche";"2424";"Triceps Extension";"2";"19.958047999999998";"7";"";"";"";"";""
"99";"2025-05-02 19:04:44";"Entrenamiento por la tarde noche";"2424";"Triceps Extension";"Rest Timer";"";"";"";"";"110.0";"";""
"99";"2025-05-02 19:04:44";"Entrenamiento por la tarde noche";"2424";"Triceps Extension";"3";"19.958047999999998";"7";"";"";"";"";""
"99";"2025-05-02 19:04:44";"Entrenamiento por la tarde noche";"2424";"Triceps Extension";"Rest Timer";"";"";"";"";"110.0";"";""
"99";"2025-05-02 19:04:44";"Entrenamiento por la tarde noche";"2424";"Triceps Extension";"4";"19.958047999999998";"6";"";"";"";"";""
"99";"2025-05-02 19:04:44";"Entrenamiento por la tarde noche";"2424";"Triceps Extension";"Rest Timer";"";"";"";"";"110.0";"";""
"100";"2025-05-03 14:11:18";"Entrenamiento por la tarde";"2342";"Overhead Press (Dumbbell)";"1";"15.87572";"15";"";"";"";"";""
"100";"2025-05-03 14:11:18";"Entrenamiento por la tarde";"2342";"Overhead Press (Dumbbell)";"Rest Timer";"";"";"";"";"110.0";"";""
"100";"2025-05-03 14:11:18";"Entrenamiento por la tarde";"2342";"Overhead Press (Dumbbell)";"2";"15.87572";"12";"";"";"";"";""
"100";"2025-05-03 14:11:18";"Entrenamiento por la tarde";"2342";"Overhead Press (Dumbbell)";"Rest Timer";"";"";"";"";"110.0";"";""
"100";"2025-05-03 14:11:18";"Entrenamiento por la tarde";"2342";"Overhead Press (Dumbbell)";"3";"15.87572";"10";"";"";"";"";""
"100";"2025-05-03 14:11:18";"Entrenamiento por la tarde";"2342";"Overhead Press (Dumbbell)";"Rest Timer";"";"";"";"";"110.0";"";""
"100";"2025-05-03 14:11:18";"Entrenamiento por la tarde";"2342";"Overhead Press (Dumbbell)";"4";"15.87572";"12";"";"";"";"";""
"100";"2025-05-03 14:11:18";"Entrenamiento por la tarde";"2342";"Overhead Press (Dumbbell)";"Rest Timer";"";"";"";"";"110.0";"";""
"100";"2025-05-03 14:11:18";"Entrenamiento por la tarde";"2342";"Lateral Raise (Cable)";"1";"7.484268";"6";"";"";"";"";""
"100";"2025-05-03 14:11:18";"Entrenamiento por la tarde";"2342";"Lateral Raise (Cable)";"Rest Timer";"";"";"";"";"110.0";"";""
"100";"2025-05-03 14:11:18";"Entrenamiento por la tarde";"2342";"Lateral Raise (Cable)";"2";"4.9895119999999995";"8";"";"";"";"";""
"100";"2025-05-03 14:11:18";"Entrenamiento por la tarde";"2342";"Lateral Raise (Cable)";"Rest Timer";"";"";"";"";"110.0";"";""
"100";"2025-05-03 14:11:18";"Entrenamiento por la tarde";"2342";"Lateral Raise (Cable)";"3";"4.9895119999999995";"10";"";"";"";"";""
"100";"2025-05-03 14:11:18";"Entrenamiento por la tarde";"2342";"Lateral Raise (Cable)";"Rest Timer";"";"";"";"";"110.0";"";""
"100";"2025-05-03 14:11:18";"Entrenamiento por la tarde";"2342";"Lateral Raise (Cable)";"4";"4.9895119999999995";"10";"";"";"";"";""
"100";"2025-05-03 14:11:18";"Entrenamiento por la tarde";"2342";"Lateral Raise (Cable)";"Rest Timer";"";"";"";"";"110.0";"";""
"100";"2025-05-03 14:11:18";"Entrenamiento por la tarde";"2342";"Hip Adductor (Machine)";"1";"38.55532";"15";"";"";"";"";""
"100";"2025-05-03 14:11:18";"Entrenamiento por la tarde";"2342";"Hip Adductor (Machine)";"Rest Timer";"";"";"";"";"110.0";"";""
"100";"2025-05-03 14:11:18";"Entrenamiento por la tarde";"2342";"Hip Adductor (Machine)";"2";"38.55532";"15";"";"";"";"";""
"100";"2025-05-03 14:11:18";"Entrenamiento por la tarde";"2342";"Hip Adductor (Machine)";"Rest Timer";"";"";"";"";"110.0";"";""
"100";"2025-05-03 14:11:18";"Entrenamiento por la tarde";"2342";"Hip Adductor (Machine)";"3";"38.55532";"20";"";"";"";"";""
"100";"2025-05-03 14:11:18";"Entrenamiento por la tarde";"2342";"Hip Adductor (Machine)";"Rest Timer";"";"";"";"";"110.0";"";""
"100";"2025-05-03 14:11:18";"Entrenamiento por la tarde";"2342";"Hip Adductor (Machine)";"4";"38.55532";"15";"";"";"";"";""
"100";"2025-05-03 14:11:18";"Entrenamiento por la tarde";"2342";"Hip Adductor (Machine)";"Rest Timer";"";"";"";"";"110.0";"";""
"100";"2025-05-03 14:11:18";"Entrenamiento por la tarde";"2342";"Hip Abductor (Machine)";"1";"38.55532";"15";"";"";"";"";""
"100";"2025-05-03 14:11:18";"Entrenamiento por la tarde";"2342";"Hip Abductor (Machine)";"Rest Timer";"";"";"";"";"110.0";"";""
"100";"2025-05-03 14:11:18";"Entrenamiento por la tarde";"2342";"Hip Abductor (Machine)";"2";"38.55532";"15";"";"";"";"";""
"100";"2025-05-03 14:11:18";"Entrenamiento por la tarde";"2342";"Hip Abductor (Machine)";"Rest Timer";"";"";"";"";"110.0";"";""
"100";"2025-05-03 14:11:18";"Entrenamiento por la tarde";"2342";"Hip Abductor (Machine)";"3";"38.55532";"16";"";"";"";"";""
"100";"2025-05-03 14:11:18";"Entrenamiento por la tarde";"2342";"Hip Abductor (Machine)";"Rest Timer";"";"";"";"";"110.0";"";""
"100";"2025-05-03 14:11:18";"Entrenamiento por la tarde";"2342";"Hip Abductor (Machine)";"4";"38.55532";"15";"";"";"";"";""
"100";"2025-05-03 14:11:18";"Entrenamiento por la tarde";"2342";"Hip Abductor (Machine)";"Rest Timer";"";"";"";"";"110.0";"";""
"101";"2025-05-04 20:05:00";"Entrenamiento por la tarde noche";"2144";"Running";"1";"";"";"";"2000.0";"0.0";"";""
"101";"2025-05-04 20:05:00";"Entrenamiento por la tarde noche";"2144";"Running";"Rest Timer";"";"";"";"";"120.0";"";""
"101";"2025-05-04 20:05:00";"Entrenamiento por la tarde noche";"2144";"Pull Up";"1";"0.0";"5";"";"";"";"";""
"101";"2025-05-04 20:05:00";"Entrenamiento por la tarde noche";"2144";"Pull Up";"Rest Timer";"";"";"";"";"110.0";"";""
"101";"2025-05-04 20:05:00";"Entrenamiento por la tarde noche";"2144";"Pull Up";"2";"0.0";"4";"";"";"";"";""
"101";"2025-05-04 20:05:00";"Entrenamiento por la tarde noche";"2144";"Pull Up";"Rest Timer";"";"";"";"";"110.0";"";""
"101";"2025-05-04 20:05:00";"Entrenamiento por la tarde noche";"2144";"Pull Up";"3";"0.0";"3";"";"";"";"";""
"101";"2025-05-04 20:05:00";"Entrenamiento por la tarde noche";"2144";"Pull Up";"Rest Timer";"";"";"";"";"110.0";"";""
"101";"2025-05-04 20:05:00";"Entrenamiento por la tarde noche";"2144";"Lateral Squats";"1";"0.0";"20";"";"";"";"";""
"101";"2025-05-04 20:05:00";"Entrenamiento por la tarde noche";"2144";"Lateral Squats";"Rest Timer";"";"";"";"";"120.0";"";""
"101";"2025-05-04 20:05:00";"Entrenamiento por la tarde noche";"2144";"Lateral Squats";"2";"0.0";"12";"";"";"";"";""
"101";"2025-05-04 20:05:00";"Entrenamiento por la tarde noche";"2144";"Lateral Squats";"Rest Timer";"";"";"";"";"120.0";"";""
"101";"2025-05-04 20:05:00";"Entrenamiento por la tarde noche";"2144";"Lateral Squats";"3";"0.0";"10";"";"";"";"";""
"101";"2025-05-04 20:05:00";"Entrenamiento por la tarde noche";"2144";"Lateral Squats";"Rest Timer";"";"";"";"";"120.0";"";""
"101";"2025-05-04 20:05:00";"Entrenamiento por la tarde noche";"2144";"Stretching";"1";"";"";"";"";"120.0";"";""
"101";"2025-05-04 20:05:00";"Entrenamiento por la tarde noche";"2144";"Stretching";"Rest Timer";"";"";"";"";"120.0";"";""
"101";"2025-05-04 20:05:00";"Entrenamiento por la tarde noche";"2144";"Stretching";"2";"";"";"";"";"120.0";"";""
"101";"2025-05-04 20:05:00";"Entrenamiento por la tarde noche";"2144";"Stretching";"Rest Timer";"";"";"";"";"120.0";"";""
"101";"2025-05-04 20:05:00";"Entrenamiento por la tarde noche";"2144";"Stretching";"3";"";"";"";"";"120.0";"";""
"101";"2025-05-04 20:05:00";"Entrenamiento por la tarde noche";"2144";"Stretching";"Rest Timer";"";"";"";"";"120.0";"";""
"102";"2025-05-05 21:04:49";"Entrenamiento por la tarde noche";"2684";"Incline Bench Press (Barbell)";"1";"61.23492";"10";"";"";"";"";""
"102";"2025-05-05 21:04:49";"Entrenamiento por la tarde noche";"2684";"Incline Bench Press (Barbell)";"Rest Timer";"";"";"";"";"110.0";"";""
"102";"2025-05-05 21:04:49";"Entrenamiento por la tarde noche";"2684";"Incline Bench Press (Barbell)";"2";"61.23492";"9";"";"";"";"";""
"102";"2025-05-05 21:04:49";"Entrenamiento por la tarde noche";"2684";"Incline Bench Press (Barbell)";"Rest Timer";"";"";"";"";"110.0";"";""
"102";"2025-05-05 21:04:49";"Entrenamiento por la tarde noche";"2684";"Incline Bench Press (Barbell)";"3";"61.23492";"6";"";"";"";"";""
"102";"2025-05-05 21:04:49";"Entrenamiento por la tarde noche";"2684";"Incline Bench Press (Barbell)";"Rest Timer";"";"";"";"";"110.0";"";""
"102";"2025-05-05 21:04:49";"Entrenamiento por la tarde noche";"2684";"Incline Bench Press (Barbell)";"4";"61.23492";"7";"";"";"";"";""
"102";"2025-05-05 21:04:49";"Entrenamiento por la tarde noche";"2684";"Incline Bench Press (Barbell)";"Rest Timer";"";"";"";"";"110.0";"";""
"102";"2025-05-05 21:04:49";"Entrenamiento por la tarde noche";"2684";"Bicep Curl (Barbell)";"1";"27.215519999999998";"10";"";"";"";"";""
"102";"2025-05-05 21:04:49";"Entrenamiento por la tarde noche";"2684";"Bicep Curl (Barbell)";"Rest Timer";"";"";"";"";"110.0";"";""
"102";"2025-05-05 21:04:49";"Entrenamiento por la tarde noche";"2684";"Bicep Curl (Barbell)";"2";"27.215519999999998";"9";"";"";"";"";""
"102";"2025-05-05 21:04:49";"Entrenamiento por la tarde noche";"2684";"Bicep Curl (Barbell)";"Rest Timer";"";"";"";"";"110.0";"";""
"102";"2025-05-05 21:04:49";"Entrenamiento por la tarde noche";"2684";"Bicep Curl (Barbell)";"3";"27.215519999999998";"6";"";"";"";"";""
"102";"2025-05-05 21:04:49";"Entrenamiento por la tarde noche";"2684";"Bicep Curl (Barbell)";"Rest Timer";"";"";"";"";"110.0";"";""
"102";"2025-05-05 21:04:49";"Entrenamiento por la tarde noche";"2684";"Bicep Curl (Barbell)";"4";"27.215519999999998";"6";"";"";"";"";""
"102";"2025-05-05 21:04:49";"Entrenamiento por la tarde noche";"2684";"Bicep Curl (Barbell)";"Rest Timer";"";"";"";"";"110.0";"";""
"102";"2025-05-05 21:04:49";"Entrenamiento por la tarde noche";"2684";"Cable Crossover";"1";"14.968536";"10";"";"";"";"";""
"102";"2025-05-05 21:04:49";"Entrenamiento por la tarde noche";"2684";"Cable Crossover";"Rest Timer";"";"";"";"";"110.0";"";""
"102";"2025-05-05 21:04:49";"Entrenamiento por la tarde noche";"2684";"Cable Crossover";"2";"14.968536";"10";"";"";"";"";""
"102";"2025-05-05 21:04:49";"Entrenamiento por la tarde noche";"2684";"Cable Crossover";"Rest Timer";"";"";"";"";"110.0";"";""
"102";"2025-05-05 21:04:49";"Entrenamiento por la tarde noche";"2684";"Cable Crossover";"3";"14.968536";"8";"";"";"";"";""
"102";"2025-05-05 21:04:49";"Entrenamiento por la tarde noche";"2684";"Cable Crossover";"Rest Timer";"";"";"";"";"110.0";"";""
"102";"2025-05-05 21:04:49";"Entrenamiento por la tarde noche";"2684";"Cable Crossover";"4";"14.968536";"7";"";"";"";"";""
"102";"2025-05-05 21:04:49";"Entrenamiento por la tarde noche";"2684";"Cable Crossover";"Rest Timer";"";"";"";"";"110.0";"";""
"102";"2025-05-05 21:04:49";"Entrenamiento por la tarde noche";"2684";"Incline Curl (Cable)";"1";"7.484268";"10";"";"";"";"";""
"102";"2025-05-05 21:04:49";"Entrenamiento por la tarde noche";"2684";"Incline Curl (Cable)";"Rest Timer";"";"";"";"";"110.0";"";""
"102";"2025-05-05 21:04:49";"Entrenamiento por la tarde noche";"2684";"Incline Curl (Cable)";"2";"7.484268";"7";"";"";"";"";""
"102";"2025-05-05 21:04:49";"Entrenamiento por la tarde noche";"2684";"Incline Curl (Cable)";"Rest Timer";"";"";"";"";"110.0";"";""
"102";"2025-05-05 21:04:49";"Entrenamiento por la tarde noche";"2684";"Incline Curl (Cable)";"3";"7.484268";"6";"";"";"";"";""
"102";"2025-05-05 21:04:49";"Entrenamiento por la tarde noche";"2684";"Incline Curl (Cable)";"Rest Timer";"";"";"";"";"110.0";"";""
"102";"2025-05-05 21:04:49";"Entrenamiento por la tarde noche";"2684";"Incline Curl (Cable)";"4";"4.9895119999999995";"8";"";"";"";"";""
"102";"2025-05-05 21:04:49";"Entrenamiento por la tarde noche";"2684";"Incline Curl (Cable)";"Rest Timer";"";"";"";"";"110.0";"";""
"103";"2025-05-06 18:06:47";"Entrenamiento por la tarde noche";"1996";"Toes To Bar";"1";"";"7";"";"";"";"";""
"103";"2025-05-06 18:06:47";"Entrenamiento por la tarde noche";"1996";"Toes To Bar";"Rest Timer";"";"";"";"";"110.0";"";""
"103";"2025-05-06 18:06:47";"Entrenamiento por la tarde noche";"1996";"Toes To Bar";"2";"";"6";"";"";"";"";""
"103";"2025-05-06 18:06:47";"Entrenamiento por la tarde noche";"1996";"Toes To Bar";"Rest Timer";"";"";"";"";"110.0";"";""
"103";"2025-05-06 18:06:47";"Entrenamiento por la tarde noche";"1996";"Toes To Bar";"3";"";"5";"";"";"";"";""
"103";"2025-05-06 18:06:47";"Entrenamiento por la tarde noche";"1996";"Toes To Bar";"Rest Timer";"";"";"";"";"110.0";"";""
"103";"2025-05-06 18:06:47";"Entrenamiento por la tarde noche";"1996";"Toes To Bar";"4";"";"5";"";"";"";"";""
"103";"2025-05-06 18:06:47";"Entrenamiento por la tarde noche";"1996";"Toes To Bar";"Rest Timer";"";"";"";"";"110.0";"";""
"103";"2025-05-06 18:06:47";"Entrenamiento por la tarde noche";"1996";"Cable Crunch";"1";"37.42134";"10";"";"";"";"";""
"103";"2025-05-06 18:06:47";"Entrenamiento por la tarde noche";"1996";"Cable Crunch";"Rest Timer";"";"";"";"";"120.0";"";""
"103";"2025-05-06 18:06:47";"Entrenamiento por la tarde noche";"1996";"Cable Crunch";"2";"37.42134";"10";"";"";"";"";""
"103";"2025-05-06 18:06:47";"Entrenamiento por la tarde noche";"1996";"Cable Crunch";"Rest Timer";"";"";"";"";"120.0";"";""
"103";"2025-05-06 18:06:47";"Entrenamiento por la tarde noche";"1996";"Cable Crunch";"3";"37.42134";"10";"";"";"";"";""
"103";"2025-05-06 18:06:47";"Entrenamiento por la tarde noche";"1996";"Cable Crunch";"Rest Timer";"";"";"";"";"120.0";"";""
"103";"2025-05-06 18:06:47";"Entrenamiento por la tarde noche";"1996";"Cable Crunch";"4";"39.916095999999996";"10";"";"";"";"";""
"103";"2025-05-06 18:06:47";"Entrenamiento por la tarde noche";"1996";"Cable Crunch";"Rest Timer";"";"";"";"";"120.0";"";""
"103";"2025-05-06 18:06:47";"Entrenamiento por la tarde noche";"1996";"Triceps Extension";"1";"22.452804";"10";"";"";"";"";""
"103";"2025-05-06 18:06:47";"Entrenamiento por la tarde noche";"1996";"Triceps Extension";"Rest Timer";"";"";"";"";"110.0";"";""
"103";"2025-05-06 18:06:47";"Entrenamiento por la tarde noche";"1996";"Triceps Extension";"2";"22.452804";"9";"";"";"";"";""
"103";"2025-05-06 18:06:47";"Entrenamiento por la tarde noche";"1996";"Triceps Extension";"Rest Timer";"";"";"";"";"110.0";"";""
"103";"2025-05-06 18:06:47";"Entrenamiento por la tarde noche";"1996";"Triceps Extension";"3";"22.452804";"10";"";"";"";"";""
"103";"2025-05-06 18:06:47";"Entrenamiento por la tarde noche";"1996";"Triceps Extension";"Rest Timer";"";"";"";"";"110.0";"";""
"103";"2025-05-06 18:06:47";"Entrenamiento por la tarde noche";"1996";"Triceps Extension";"4";"22.452804";"8";"";"";"";"";""
"103";"2025-05-06 18:06:47";"Entrenamiento por la tarde noche";"1996";"Triceps Extension";"Rest Timer";"";"";"";"";"110.0";"";""
"103";"2025-05-06 18:06:47";"Entrenamiento por la tarde noche";"1996";"Face Pull (Cable)";"1";"19.958047999999998";"10";"";"";"";"";""
"103";"2025-05-06 18:06:47";"Entrenamiento por la tarde noche";"1996";"Face Pull (Cable)";"Rest Timer";"";"";"";"";"110.0";"";""
"103";"2025-05-06 18:06:47";"Entrenamiento por la tarde noche";"1996";"Face Pull (Cable)";"2";"24.94756";"8";"";"";"";"";""
"103";"2025-05-06 18:06:47";"Entrenamiento por la tarde noche";"1996";"Face Pull (Cable)";"Rest Timer";"";"";"";"";"110.0";"";""
"103";"2025-05-06 18:06:47";"Entrenamiento por la tarde noche";"1996";"Face Pull (Cable)";"3";"24.94756";"6";"";"";"";"";""
"103";"2025-05-06 18:06:47";"Entrenamiento por la tarde noche";"1996";"Face Pull (Cable)";"Rest Timer";"";"";"";"";"110.0";"";""
"103";"2025-05-06 18:06:47";"Entrenamiento por la tarde noche";"1996";"Face Pull (Cable)";"4";"19.958047999999998";"10";"";"";"";"";""
"103";"2025-05-06 18:06:47";"Entrenamiento por la tarde noche";"1996";"Face Pull (Cable)";"Rest Timer";"";"";"";"";"110.0";"";""
"103";"2025-05-06 18:06:47";"Entrenamiento por la tarde noche";"1996";"Straight Pulldown ";"1";"24.94756";"10";"";"";"";"";""
"103";"2025-05-06 18:06:47";"Entrenamiento por la tarde noche";"1996";"Straight Pulldown ";"Rest Timer";"";"";"";"";"110.0";"";""
"103";"2025-05-06 18:06:47";"Entrenamiento por la tarde noche";"1996";"Straight Pulldown ";"2";"24.94756";"8";"";"";"";"";""
"103";"2025-05-06 18:06:47";"Entrenamiento por la tarde noche";"1996";"Straight Pulldown ";"Rest Timer";"";"";"";"";"110.0";"";""
"103";"2025-05-06 18:06:47";"Entrenamiento por la tarde noche";"1996";"Straight Pulldown ";"3";"22.452804";"6";"";"";"";"";""
"103";"2025-05-06 18:06:47";"Entrenamiento por la tarde noche";"1996";"Straight Pulldown ";"Rest Timer";"";"";"";"";"110.0";"";""
"103";"2025-05-06 18:06:47";"Entrenamiento por la tarde noche";"1996";"Straight Pulldown ";"4";"19.958047999999998";"10";"";"";"";"";""
"103";"2025-05-06 18:06:47";"Entrenamiento por la tarde noche";"1996";"Straight Pulldown ";"Rest Timer";"";"";"";"";"110.0";"";""
"104";"2025-05-08 20:34:52";"Entrenamiento por la tarde noche";"3126";"Overhead Press (Dumbbell)";"1";"20.41164";"13";"";"";"";"";""
"104";"2025-05-08 20:34:52";"Entrenamiento por la tarde noche";"3126";"Overhead Press (Dumbbell)";"Rest Timer";"";"";"";"";"110.0";"";""
"104";"2025-05-08 20:34:52";"Entrenamiento por la tarde noche";"3126";"Overhead Press (Dumbbell)";"2";"20.41164";"8";"";"";"";"";""
"104";"2025-05-08 20:34:52";"Entrenamiento por la tarde noche";"3126";"Overhead Press (Dumbbell)";"Rest Timer";"";"";"";"";"110.0";"";""
"104";"2025-05-08 20:34:52";"Entrenamiento por la tarde noche";"3126";"Overhead Press (Dumbbell)";"3";"15.87572";"11";"";"";"";"";""
"104";"2025-05-08 20:34:52";"Entrenamiento por la tarde noche";"3126";"Overhead Press (Dumbbell)";"Rest Timer";"";"";"";"";"110.0";"";""
"104";"2025-05-08 20:34:52";"Entrenamiento por la tarde noche";"3126";"Overhead Press (Dumbbell)";"4";"15.87572";"11";"";"";"";"";""
"104";"2025-05-08 20:34:52";"Entrenamiento por la tarde noche";"3126";"Overhead Press (Dumbbell)";"Rest Timer";"";"";"";"";"110.0";"";""
"104";"2025-05-08 20:34:52";"Entrenamiento por la tarde noche";"3126";"Lateral Raise (Cable)";"1";"4.9895119999999995";"10";"";"";"";"";""
"104";"2025-05-08 20:34:52";"Entrenamiento por la tarde noche";"3126";"Lateral Raise (Cable)";"Rest Timer";"";"";"";"";"110.0";"";""
"104";"2025-05-08 20:34:52";"Entrenamiento por la tarde noche";"3126";"Lateral Raise (Cable)";"2";"4.9895119999999995";"10";"";"";"";"";""
"104";"2025-05-08 20:34:52";"Entrenamiento por la tarde noche";"3126";"Lateral Raise (Cable)";"Rest Timer";"";"";"";"";"110.0";"";""
"104";"2025-05-08 20:34:52";"Entrenamiento por la tarde noche";"3126";"Lateral Raise (Cable)";"3";"4.9895119999999995";"10";"";"";"";"";""
"104";"2025-05-08 20:34:52";"Entrenamiento por la tarde noche";"3126";"Lateral Raise (Cable)";"Rest Timer";"";"";"";"";"110.0";"";""
"104";"2025-05-08 20:34:52";"Entrenamiento por la tarde noche";"3126";"Lateral Raise (Cable)";"4";"4.9895119999999995";"10";"";"";"";"";""
"104";"2025-05-08 20:34:52";"Entrenamiento por la tarde noche";"3126";"Lateral Raise (Cable)";"Rest Timer";"";"";"";"";"110.0";"";""
"104";"2025-05-08 20:34:52";"Entrenamiento por la tarde noche";"3126";"Reverse Fly (Cable)";"1";"4.9895119999999995";"10";"";"";"";"";""
"104";"2025-05-08 20:34:52";"Entrenamiento por la tarde noche";"3126";"Reverse Fly (Cable)";"Rest Timer";"";"";"";"";"110.0";"";""
"104";"2025-05-08 20:34:52";"Entrenamiento por la tarde noche";"3126";"Reverse Fly (Cable)";"2";"4.9895119999999995";"12";"";"";"";"";""
"104";"2025-05-08 20:34:52";"Entrenamiento por la tarde noche";"3126";"Reverse Fly (Cable)";"Rest Timer";"";"";"";"";"110.0";"";""
"104";"2025-05-08 20:34:52";"Entrenamiento por la tarde noche";"3126";"Reverse Fly (Cable)";"3";"4.9895119999999995";"12";"";"";"";"";""
"104";"2025-05-08 20:34:52";"Entrenamiento por la tarde noche";"3126";"Reverse Fly (Cable)";"Rest Timer";"";"";"";"";"110.0";"";""
"104";"2025-05-08 20:34:52";"Entrenamiento por la tarde noche";"3126";"Reverse Fly (Cable)";"4";"4.9895119999999995";"10";"";"";"";"";""
"104";"2025-05-08 20:34:52";"Entrenamiento por la tarde noche";"3126";"Reverse Fly (Cable)";"Rest Timer";"";"";"";"";"110.0";"";""
"104";"2025-05-08 20:34:52";"Entrenamiento por la tarde noche";"3126";"Front Raise (Cable)";"1";"4.9895119999999995";"6";"";"";"";"";""
"104";"2025-05-08 20:34:52";"Entrenamiento por la tarde noche";"3126";"Front Raise (Cable)";"Rest Timer";"";"";"";"";"110.0";"";""
"104";"2025-05-08 20:34:52";"Entrenamiento por la tarde noche";"3126";"Front Raise (Cable)";"2";"4.9895119999999995";"6";"";"";"";"";""
"104";"2025-05-08 20:34:52";"Entrenamiento por la tarde noche";"3126";"Front Raise (Cable)";"Rest Timer";"";"";"";"";"110.0";"";""
"104";"2025-05-08 20:34:52";"Entrenamiento por la tarde noche";"3126";"Front Raise (Cable)";"3";"4.9895119999999995";"6";"";"";"";"";""
"104";"2025-05-08 20:34:52";"Entrenamiento por la tarde noche";"3126";"Front Raise (Cable)";"Rest Timer";"";"";"";"";"110.0";"";""
"104";"2025-05-08 20:34:52";"Entrenamiento por la tarde noche";"3126";"Front Raise (Cable)";"4";"4.9895119999999995";"4";"";"";"";"";""
"104";"2025-05-08 20:34:52";"Entrenamiento por la tarde noche";"3126";"Front Raise (Cable)";"Rest Timer";"";"";"";"";"110.0";"";""
"104";"2025-05-08 20:34:52";"Entrenamiento por la tarde noche";"3126";"Toes To Bar";"1";"";"9";"";"";"";"";""
"104";"2025-05-08 20:34:52";"Entrenamiento por la tarde noche";"3126";"Toes To Bar";"Rest Timer";"";"";"";"";"110.0";"";""
"104";"2025-05-08 20:34:52";"Entrenamiento por la tarde noche";"3126";"Toes To Bar";"2";"";"7";"";"";"";"";""
"104";"2025-05-08 20:34:52";"Entrenamiento por la tarde noche";"3126";"Toes To Bar";"Rest Timer";"";"";"";"";"110.0";"";""
"104";"2025-05-08 20:34:52";"Entrenamiento por la tarde noche";"3126";"Toes To Bar";"3";"";"6";"";"";"";"";""
"104";"2025-05-08 20:34:52";"Entrenamiento por la tarde noche";"3126";"Toes To Bar";"Rest Timer";"";"";"";"";"110.0";"";""
"104";"2025-05-08 20:34:52";"Entrenamiento por la tarde noche";"3126";"Toes To Bar";"4";"";"6";"";"";"";"";""
"104";"2025-05-08 20:34:52";"Entrenamiento por la tarde noche";"3126";"Toes To Bar";"Rest Timer";"";"";"";"";"110.0";"";""
"105";"2025-05-09 19:10:12";"Entrenamiento por la tarde noche";"2090";"Knee Raise (Captain's Chair)";"1";"0.0";"15";"";"";"";"";""
"105";"2025-05-09 19:10:12";"Entrenamiento por la tarde noche";"2090";"Knee Raise (Captain's Chair)";"Rest Timer";"";"";"";"";"110.0";"";""
"105";"2025-05-09 19:10:12";"Entrenamiento por la tarde noche";"2090";"Knee Raise (Captain's Chair)";"2";"0.0";"10";"";"";"";"";""
"105";"2025-05-09 19:10:12";"Entrenamiento por la tarde noche";"2090";"Knee Raise (Captain's Chair)";"Rest Timer";"";"";"";"";"110.0";"";""
"105";"2025-05-09 19:10:12";"Entrenamiento por la tarde noche";"2090";"Knee Raise (Captain's Chair)";"3";"0.0";"8";"";"";"";"";""
"105";"2025-05-09 19:10:12";"Entrenamiento por la tarde noche";"2090";"Knee Raise (Captain's Chair)";"Rest Timer";"";"";"";"";"110.0";"";""
"105";"2025-05-09 19:10:12";"Entrenamiento por la tarde noche";"2090";"Knee Raise (Captain's Chair)";"4";"0.0";"8";"";"";"";"";""
"105";"2025-05-09 19:10:12";"Entrenamiento por la tarde noche";"2090";"Knee Raise (Captain's Chair)";"Rest Timer";"";"";"";"";"110.0";"";""
"105";"2025-05-09 19:10:12";"Entrenamiento por la tarde noche";"2090";"Chest Dip";"1";"0.0";"10";"";"";"";"";""
"105";"2025-05-09 19:10:12";"Entrenamiento por la tarde noche";"2090";"Chest Dip";"Rest Timer";"";"";"";"";"110.0";"";""
"105";"2025-05-09 19:10:12";"Entrenamiento por la tarde noche";"2090";"Chest Dip";"2";"0.0";"8";"";"";"";"";""
"105";"2025-05-09 19:10:12";"Entrenamiento por la tarde noche";"2090";"Chest Dip";"Rest Timer";"";"";"";"";"110.0";"";""
"105";"2025-05-09 19:10:12";"Entrenamiento por la tarde noche";"2090";"Chest Dip";"3";"0.0";"8";"";"";"";"";""
"105";"2025-05-09 19:10:12";"Entrenamiento por la tarde noche";"2090";"Chest Dip";"Rest Timer";"";"";"";"";"110.0";"";""
"105";"2025-05-09 19:10:12";"Entrenamiento por la tarde noche";"2090";"Chest Dip";"4";"0.0";"5";"";"";"";"";""
"105";"2025-05-09 19:10:12";"Entrenamiento por la tarde noche";"2090";"Chest Dip";"Rest Timer";"";"";"";"";"110.0";"";""
"105";"2025-05-09 19:10:12";"Entrenamiento por la tarde noche";"2090";"Mobility Training";"1";"";"";"";"";"300.0";"";""
"105";"2025-05-09 19:10:12";"Entrenamiento por la tarde noche";"2090";"Mobility Training";"Rest Timer";"";"";"";"";"120.0";"";""
"105";"2025-05-09 19:10:12";"Entrenamiento por la tarde noche";"2090";"Mobility Training";"2";"";"";"";"";"300.0";"";""
"105";"2025-05-09 19:10:12";"Entrenamiento por la tarde noche";"2090";"Mobility Training";"Rest Timer";"";"";"";"";"120.0";"";""
"105";"2025-05-09 19:10:12";"Entrenamiento por la tarde noche";"2090";"Mobility Training";"3";"";"";"";"";"300.0";"";""
"105";"2025-05-09 19:10:12";"Entrenamiento por la tarde noche";"2090";"Mobility Training";"Rest Timer";"";"";"";"";"120.0";"";""
"105";"2025-05-09 19:10:12";"Entrenamiento por la tarde noche";"2090";"Mobility Training";"4";"";"";"";"";"300.0";"";""
"105";"2025-05-09 19:10:12";"Entrenamiento por la tarde noche";"2090";"Mobility Training";"Rest Timer";"";"";"";"";"120.0";"";""
"106";"2025-05-10 13:56:30";"Entrenamiento de mediodía";"3614";"Squat (Barbell)";"1";"68.0388";"8";"";"";"";"";""
"106";"2025-05-10 13:56:30";"Entrenamiento de mediodía";"3614";"Squat (Barbell)";"Rest Timer";"";"";"";"";"110.0";"";""
"106";"2025-05-10 13:56:30";"Entrenamiento de mediodía";"3614";"Squat (Barbell)";"2";"68.0388";"7";"";"";"";"";""
"106";"2025-05-10 13:56:30";"Entrenamiento de mediodía";"3614";"Squat (Barbell)";"Rest Timer";"";"";"";"";"110.0";"";""
"106";"2025-05-10 13:56:30";"Entrenamiento de mediodía";"3614";"Squat (Barbell)";"3";"65.77083999999999";"10";"";"";"";"";""
"106";"2025-05-10 13:56:30";"Entrenamiento de mediodía";"3614";"Squat (Barbell)";"Rest Timer";"";"";"";"";"110.0";"";""
"106";"2025-05-10 13:56:30";"Entrenamiento de mediodía";"3614";"Squat (Barbell)";"4";"65.77083999999999";"8";"";"";"";"";""
"106";"2025-05-10 13:56:30";"Entrenamiento de mediodía";"3614";"Squat (Barbell)";"Rest Timer";"";"";"";"";"110.0";"";""
"106";"2025-05-10 13:56:30";"Entrenamiento de mediodía";"3614";"Squat (Barbell)";"5";"65.77083999999999";"7";"";"";"";"";""
"106";"2025-05-10 13:56:30";"Entrenamiento de mediodía";"3614";"Squat (Barbell)";"Rest Timer";"";"";"";"";"110.0";"";""
"106";"2025-05-10 13:56:30";"Entrenamiento de mediodía";"3614";"Leg Press";"1";"122.46984";"10";"";"";"";"";""
"106";"2025-05-10 13:56:30";"Entrenamiento de mediodía";"3614";"Leg Press";"Rest Timer";"";"";"";"";"110.0";"";""
"106";"2025-05-10 13:56:30";"Entrenamiento de mediodía";"3614";"Leg Press";"2";"122.46984";"10";"";"";"";"";""
"106";"2025-05-10 13:56:30";"Entrenamiento de mediodía";"3614";"Leg Press";"Rest Timer";"";"";"";"";"110.0";"";""
"106";"2025-05-10 13:56:30";"Entrenamiento de mediodía";"3614";"Leg Press";"3";"122.46984";"10";"";"";"";"";""
"106";"2025-05-10 13:56:30";"Entrenamiento de mediodía";"3614";"Leg Press";"Rest Timer";"";"";"";"";"110.0";"";""
"106";"2025-05-10 13:56:30";"Entrenamiento de mediodía";"3614";"Leg Press";"4";"122.46984";"10";"";"";"";"";""
"106";"2025-05-10 13:56:30";"Entrenamiento de mediodía";"3614";"Leg Press";"Rest Timer";"";"";"";"";"110.0";"";""
"106";"2025-05-10 13:56:30";"Entrenamiento de mediodía";"3614";"Leg Press";"5";"122.46984";"10";"";"";"";"";""
"106";"2025-05-10 13:56:30";"Entrenamiento de mediodía";"3614";"Leg Press";"Rest Timer";"";"";"";"";"110.0";"";""
"106";"2025-05-10 13:56:30";"Entrenamiento de mediodía";"3614";"Hip Adductor (Machine)";"1";"45.3592";"10";"";"";"";"";""
"106";"2025-05-10 13:56:30";"Entrenamiento de mediodía";"3614";"Hip Adductor (Machine)";"Rest Timer";"";"";"";"";"120.0";"";""
"106";"2025-05-10 13:56:30";"Entrenamiento de mediodía";"3614";"Hip Adductor (Machine)";"2";"45.3592";"10";"";"";"";"";""
"106";"2025-05-10 13:56:30";"Entrenamiento de mediodía";"3614";"Hip Adductor (Machine)";"Rest Timer";"";"";"";"";"120.0";"";""
"106";"2025-05-10 13:56:30";"Entrenamiento de mediodía";"3614";"Hip Adductor (Machine)";"3";"45.3592";"8";"";"";"";"";""
"106";"2025-05-10 13:56:30";"Entrenamiento de mediodía";"3614";"Hip Adductor (Machine)";"Rest Timer";"";"";"";"";"120.0";"";""
"106";"2025-05-10 13:56:30";"Entrenamiento de mediodía";"3614";"Hip Adductor (Machine)";"4";"45.3592";"8";"";"";"";"";""
"106";"2025-05-10 13:56:30";"Entrenamiento de mediodía";"3614";"Hip Adductor (Machine)";"Rest Timer";"";"";"";"";"120.0";"";""
"106";"2025-05-10 13:56:30";"Entrenamiento de mediodía";"3614";"Hip Adductor (Machine)";"5";"38.55532";"10";"";"";"";"";""
"106";"2025-05-10 13:56:30";"Entrenamiento de mediodía";"3614";"Hip Adductor (Machine)";"Rest Timer";"";"";"";"";"120.0";"";""
"106";"2025-05-10 13:56:30";"Entrenamiento de mediodía";"3614";"Hip Abductor (Machine)";"1";"45.3592";"10";"";"";"";"";""
"106";"2025-05-10 13:56:30";"Entrenamiento de mediodía";"3614";"Hip Abductor (Machine)";"Rest Timer";"";"";"";"";"120.0";"";""
"106";"2025-05-10 13:56:30";"Entrenamiento de mediodía";"3614";"Hip Abductor (Machine)";"2";"45.3592";"10";"";"";"";"";""
"106";"2025-05-10 13:56:30";"Entrenamiento de mediodía";"3614";"Hip Abductor (Machine)";"Rest Timer";"";"";"";"";"120.0";"";""
"106";"2025-05-10 13:56:30";"Entrenamiento de mediodía";"3614";"Hip Abductor (Machine)";"3";"45.3592";"8";"";"";"";"";""
"106";"2025-05-10 13:56:30";"Entrenamiento de mediodía";"3614";"Hip Abductor (Machine)";"Rest Timer";"";"";"";"";"120.0";"";""
"106";"2025-05-10 13:56:30";"Entrenamiento de mediodía";"3614";"Hip Abductor (Machine)";"4";"45.3592";"8";"";"";"";"";""
"106";"2025-05-10 13:56:30";"Entrenamiento de mediodía";"3614";"Hip Abductor (Machine)";"Rest Timer";"";"";"";"";"120.0";"";""
"106";"2025-05-10 13:56:30";"Entrenamiento de mediodía";"3614";"Hip Abductor (Machine)";"5";"38.55532";"10";"";"";"";"";""
"106";"2025-05-10 13:56:30";"Entrenamiento de mediodía";"3614";"Hip Abductor (Machine)";"Rest Timer";"";"";"";"";"120.0";"";""
"107";"2025-05-11 13:56:48";"Entrenamiento de mediodía";"2561";"Chin Up";"1";"0.0";"7";"";"";"";"";""
"107";"2025-05-11 13:56:48";"Entrenamiento de mediodía";"2561";"Chin Up";"Rest Timer";"";"";"";"";"110.0";"";""
"107";"2025-05-11 13:56:48";"Entrenamiento de mediodía";"2561";"Chin Up";"2";"0.0";"6";"";"";"";"";""
"107";"2025-05-11 13:56:48";"Entrenamiento de mediodía";"2561";"Chin Up";"Rest Timer";"";"";"";"";"110.0";"";""
"107";"2025-05-11 13:56:48";"Entrenamiento de mediodía";"2561";"Chin Up";"3";"0.0";"6";"";"";"";"";""
"107";"2025-05-11 13:56:48";"Entrenamiento de mediodía";"2561";"Chin Up";"Rest Timer";"";"";"";"";"110.0";"";""
"107";"2025-05-11 13:56:48";"Entrenamiento de mediodía";"2561";"Chin Up";"4";"0.0";"5";"";"";"";"";""
"107";"2025-05-11 13:56:48";"Entrenamiento de mediodía";"2561";"Chin Up";"Rest Timer";"";"";"";"";"110.0";"";""
"107";"2025-05-11 13:56:48";"Entrenamiento de mediodía";"2561";"Cable Twist";"1";"12.47378";"10";"";"";"";"";""
"107";"2025-05-11 13:56:48";"Entrenamiento de mediodía";"2561";"Cable Twist";"Rest Timer";"";"";"";"";"120.0";"";""
"107";"2025-05-11 13:56:48";"Entrenamiento de mediodía";"2561";"Cable Twist";"2";"17.463292";"12";"";"";"";"";""
"107";"2025-05-11 13:56:48";"Entrenamiento de mediodía";"2561";"Cable Twist";"Rest Timer";"";"";"";"";"120.0";"";""
"107";"2025-05-11 13:56:48";"Entrenamiento de mediodía";"2561";"Cable Twist";"3";"17.463292";"8";"";"";"";"";""
"107";"2025-05-11 13:56:48";"Entrenamiento de mediodía";"2561";"Cable Twist";"Rest Timer";"";"";"";"";"120.0";"";""
"107";"2025-05-11 13:56:48";"Entrenamiento de mediodía";"2561";"Cable Twist";"4";"17.463292";"10";"";"";"";"";""
"107";"2025-05-11 13:56:48";"Entrenamiento de mediodía";"2561";"Cable Twist";"Rest Timer";"";"";"";"";"120.0";"";""
"107";"2025-05-11 13:56:48";"Entrenamiento de mediodía";"2561";"Seated Row (Cable)";"1";"57.152592";"10";"";"";"";"";""
"107";"2025-05-11 13:56:48";"Entrenamiento de mediodía";"2561";"Seated Row (Cable)";"Rest Timer";"";"";"";"";"110.0";"";""
"107";"2025-05-11 13:56:48";"Entrenamiento de mediodía";"2561";"Seated Row (Cable)";"2";"57.152592";"8";"";"";"";"";""
"107";"2025-05-11 13:56:48";"Entrenamiento de mediodía";"2561";"Seated Row (Cable)";"Rest Timer";"";"";"";"";"110.0";"";""
"107";"2025-05-11 13:56:48";"Entrenamiento de mediodía";"2561";"Seated Row (Cable)";"3";"57.152592";"8";"";"";"";"";""
"107";"2025-05-11 13:56:48";"Entrenamiento de mediodía";"2561";"Seated Row (Cable)";"Rest Timer";"";"";"";"";"110.0";"";""
"107";"2025-05-11 13:56:48";"Entrenamiento de mediodía";"2561";"Seated Row (Cable)";"4";"57.152592";"8";"";"";"";"";""
"107";"2025-05-11 13:56:48";"Entrenamiento de mediodía";"2561";"Seated Row (Cable)";"Rest Timer";"";"";"";"";"110.0";"";""
"107";"2025-05-11 13:56:48";"Entrenamiento de mediodía";"2561";"Stretching";"1";"";"";"";"";"180.0";"";""
"107";"2025-05-11 13:56:48";"Entrenamiento de mediodía";"2561";"Stretching";"Rest Timer";"";"";"";"";"120.0";"";""
"107";"2025-05-11 13:56:48";"Entrenamiento de mediodía";"2561";"Stretching";"2";"";"";"";"";"180.0";"";""
"107";"2025-05-11 13:56:48";"Entrenamiento de mediodía";"2561";"Stretching";"Rest Timer";"";"";"";"";"120.0";"";""
"107";"2025-05-11 13:56:48";"Entrenamiento de mediodía";"2561";"Stretching";"3";"";"";"";"";"180.0";"";""
"107";"2025-05-11 13:56:48";"Entrenamiento de mediodía";"2561";"Stretching";"Rest Timer";"";"";"";"";"120.0";"";""
"107";"2025-05-11 13:56:48";"Entrenamiento de mediodía";"2561";"Stretching";"4";"";"";"";"";"180.0";"";""
"107";"2025-05-11 13:56:48";"Entrenamiento de mediodía";"2561";"Stretching";"Rest Timer";"";"";"";"";"120.0";"";""
"108";"2025-05-12 21:12:07";"Entrenamiento por la tarde noche";"3133";"Bench Press (Barbell)";"1";"68.0388";"15";"";"";"";"";""
"108";"2025-05-12 21:12:07";"Entrenamiento por la tarde noche";"3133";"Bench Press (Barbell)";"Rest Timer";"";"";"";"";"110.0";"";""
"108";"2025-05-12 21:12:07";"Entrenamiento por la tarde noche";"3133";"Bench Press (Barbell)";"2";"68.0388";"12";"";"";"";"";""
"108";"2025-05-12 21:12:07";"Entrenamiento por la tarde noche";"3133";"Bench Press (Barbell)";"Rest Timer";"";"";"";"";"110.0";"";""
"108";"2025-05-12 21:12:07";"Entrenamiento por la tarde noche";"3133";"Bench Press (Barbell)";"3";"68.0388";"10";"";"";"";"";""
"108";"2025-05-12 21:12:07";"Entrenamiento por la tarde noche";"3133";"Bench Press (Barbell)";"Rest Timer";"";"";"";"";"110.0";"";""
"108";"2025-05-12 21:12:07";"Entrenamiento por la tarde noche";"3133";"Bench Press (Barbell)";"4";"68.0388";"10";"";"";"";"";""
"108";"2025-05-12 21:12:07";"Entrenamiento por la tarde noche";"3133";"Bench Press (Barbell)";"Rest Timer";"";"";"";"";"110.0";"";""
"108";"2025-05-12 21:12:07";"Entrenamiento por la tarde noche";"3133";"Bench Press (Barbell)";"5";"68.0388";"9";"";"";"";"";""
"108";"2025-05-12 21:12:07";"Entrenamiento por la tarde noche";"3133";"Bench Press (Barbell)";"Rest Timer";"";"";"";"";"110.0";"";""
"108";"2025-05-12 21:12:07";"Entrenamiento por la tarde noche";"3133";"Bicep Curl (Barbell)";"1";"31.75144";"8";"";"";"";"";""
"108";"2025-05-12 21:12:07";"Entrenamiento por la tarde noche";"3133";"Bicep Curl (Barbell)";"Rest Timer";"";"";"";"";"110.0";"";""
"108";"2025-05-12 21:12:07";"Entrenamiento por la tarde noche";"3133";"Bicep Curl (Barbell)";"2";"31.75144";"6";"";"";"";"";""
"108";"2025-05-12 21:12:07";"Entrenamiento por la tarde noche";"3133";"Bicep Curl (Barbell)";"Rest Timer";"";"";"";"";"110.0";"";""
"108";"2025-05-12 21:12:07";"Entrenamiento por la tarde noche";"3133";"Bicep Curl (Barbell)";"3";"27.215519999999998";"7";"";"";"";"";""
"108";"2025-05-12 21:12:07";"Entrenamiento por la tarde noche";"3133";"Bicep Curl (Barbell)";"Rest Timer";"";"";"";"";"110.0";"";""
"108";"2025-05-12 21:12:07";"Entrenamiento por la tarde noche";"3133";"Bicep Curl (Barbell)";"4";"27.215519999999998";"7";"";"";"";"";""
"108";"2025-05-12 21:12:07";"Entrenamiento por la tarde noche";"3133";"Bicep Curl (Barbell)";"Rest Timer";"";"";"";"";"110.0";"";""
"108";"2025-05-12 21:12:07";"Entrenamiento por la tarde noche";"3133";"Bicep Curl (Barbell)";"5";"27.215519999999998";"7";"";"";"";"";""
"108";"2025-05-12 21:12:07";"Entrenamiento por la tarde noche";"3133";"Bicep Curl (Barbell)";"Rest Timer";"";"";"";"";"110.0";"";""
"108";"2025-05-12 21:12:07";"Entrenamiento por la tarde noche";"3133";"Straight Pulldown ";"1";"34.699788";"6";"";"";"";"";""
"108";"2025-05-12 21:12:07";"Entrenamiento por la tarde noche";"3133";"Straight Pulldown ";"Rest Timer";"";"";"";"";"110.0";"";""
"108";"2025-05-12 21:12:07";"Entrenamiento por la tarde noche";"3133";"Straight Pulldown ";"2";"27.442315999999998";"12";"";"";"";"";""
"108";"2025-05-12 21:12:07";"Entrenamiento por la tarde noche";"3133";"Straight Pulldown ";"Rest Timer";"";"";"";"";"110.0";"";""
"108";"2025-05-12 21:12:07";"Entrenamiento por la tarde noche";"3133";"Straight Pulldown ";"3";"27.442315999999998";"12";"";"";"";"";""
"108";"2025-05-12 21:12:07";"Entrenamiento por la tarde noche";"3133";"Straight Pulldown ";"Rest Timer";"";"";"";"";"110.0";"";""
"108";"2025-05-12 21:12:07";"Entrenamiento por la tarde noche";"3133";"Bicep Curl (Cable)";"1";"19.958064280000002";"10";"";"";"";"";""
"108";"2025-05-12 21:12:07";"Entrenamiento por la tarde noche";"3133";"Bicep Curl (Cable)";"Rest Timer";"";"";"";"";"110.0";"";""
"108";"2025-05-12 21:12:07";"Entrenamiento por la tarde noche";"3133";"Bicep Curl (Cable)";"2";"19.958047999999998";"8";"";"";"";"";""
"108";"2025-05-12 21:12:07";"Entrenamiento por la tarde noche";"3133";"Bicep Curl (Cable)";"Rest Timer";"";"";"";"";"110.0";"";""
"108";"2025-05-12 21:12:07";"Entrenamiento por la tarde noche";"3133";"Bicep Curl (Cable)";"3";"19.958047999999998";"8";"";"";"";"";""
"108";"2025-05-12 21:12:07";"Entrenamiento por la tarde noche";"3133";"Bicep Curl (Cable)";"Rest Timer";"";"";"";"";"110.0";"";""
"108";"2025-05-12 21:12:07";"Entrenamiento por la tarde noche";"3133";"Triceps Extension (Cable)";"1";"19.958047999999998";"8";"";"";"";"";""
"108";"2025-05-12 21:12:07";"Entrenamiento por la tarde noche";"3133";"Triceps Extension (Cable)";"Rest Timer";"";"";"";"";"110.0";"";""
"108";"2025-05-12 21:12:07";"Entrenamiento por la tarde noche";"3133";"Triceps Extension (Cable)";"2";"17.463292";"10";"";"";"";"";""
"108";"2025-05-12 21:12:07";"Entrenamiento por la tarde noche";"3133";"Triceps Extension (Cable)";"Rest Timer";"";"";"";"";"110.0";"";""
"108";"2025-05-12 21:12:07";"Entrenamiento por la tarde noche";"3133";"Triceps Extension (Cable)";"3";"17.463292";"8";"";"";"";"";""
"108";"2025-05-12 21:12:07";"Entrenamiento por la tarde noche";"3133";"Triceps Extension (Cable)";"Rest Timer";"";"";"";"";"110.0";"";""
"109";"2025-05-13 22:15:02";"Entrenamiento por la tarde noche";"2286";"Leg Throws";"1";"0.0";"15";"";"";"";"";""
"109";"2025-05-13 22:15:02";"Entrenamiento por la tarde noche";"2286";"Leg Throws";"Rest Timer";"";"";"";"";"120.0";"";""
"109";"2025-05-13 22:15:02";"Entrenamiento por la tarde noche";"2286";"Leg Throws";"2";"0.0";"15";"";"";"";"";""
"109";"2025-05-13 22:15:02";"Entrenamiento por la tarde noche";"2286";"Leg Throws";"Rest Timer";"";"";"";"";"120.0";"";""
"109";"2025-05-13 22:15:02";"Entrenamiento por la tarde noche";"2286";"Leg Throws";"3";"0.0";"15";"";"";"";"";""
"109";"2025-05-13 22:15:02";"Entrenamiento por la tarde noche";"2286";"Leg Throws";"Rest Timer";"";"";"";"";"120.0";"";""
"109";"2025-05-13 22:15:02";"Entrenamiento por la tarde noche";"2286";"Leg Throws";"4";"0.0";"15";"";"";"";"";""
"109";"2025-05-13 22:15:02";"Entrenamiento por la tarde noche";"2286";"Leg Throws";"Rest Timer";"";"";"";"";"120.0";"";""
"109";"2025-05-13 22:15:02";"Entrenamiento por la tarde noche";"2286";"Plank";"1";"";"";"";"";"60.0";"";""
"109";"2025-05-13 22:15:02";"Entrenamiento por la tarde noche";"2286";"Plank";"Rest Timer";"";"";"";"";"120.0";"";""
"109";"2025-05-13 22:15:02";"Entrenamiento por la tarde noche";"2286";"Plank";"2";"";"";"";"";"75.0";"";""
"109";"2025-05-13 22:15:02";"Entrenamiento por la tarde noche";"2286";"Plank";"Rest Timer";"";"";"";"";"120.0";"";""
"109";"2025-05-13 22:15:02";"Entrenamiento por la tarde noche";"2286";"Plank";"3";"";"";"";"";"75.0";"";""
"109";"2025-05-13 22:15:02";"Entrenamiento por la tarde noche";"2286";"Plank";"Rest Timer";"";"";"";"";"120.0";"";""
"109";"2025-05-13 22:15:02";"Entrenamiento por la tarde noche";"2286";"Plank";"4";"";"";"";"";"60.0";"";""
"109";"2025-05-13 22:15:02";"Entrenamiento por la tarde noche";"2286";"Plank";"Rest Timer";"";"";"";"";"120.0";"";""
"109";"2025-05-13 22:15:02";"Entrenamiento por la tarde noche";"2286";"Russian Twist";"1";"";"16";"";"";"";"";""
"109";"2025-05-13 22:15:02";"Entrenamiento por la tarde noche";"2286";"Russian Twist";"Rest Timer";"";"";"";"";"120.0";"";""
"109";"2025-05-13 22:15:02";"Entrenamiento por la tarde noche";"2286";"Russian Twist";"2";"";"16";"";"";"";"";""
"109";"2025-05-13 22:15:02";"Entrenamiento por la tarde noche";"2286";"Russian Twist";"Rest Timer";"";"";"";"";"120.0";"";""
"109";"2025-05-13 22:15:02";"Entrenamiento por la tarde noche";"2286";"Russian Twist";"3";"";"16";"";"";"";"";""
"109";"2025-05-13 22:15:02";"Entrenamiento por la tarde noche";"2286";"Russian Twist";"Rest Timer";"";"";"";"";"120.0";"";""
"110";"2025-05-14 21:18:00";"Entrenamiento por la tarde noche";"3152";"Toes To Bar";"1";"";"10";"";"";"";"";""
"110";"2025-05-14 21:18:00";"Entrenamiento por la tarde noche";"3152";"Toes To Bar";"Rest Timer";"";"";"";"";"110.0";"";""
"110";"2025-05-14 21:18:00";"Entrenamiento por la tarde noche";"3152";"Toes To Bar";"2";"";"7";"";"";"";"";""
"110";"2025-05-14 21:18:00";"Entrenamiento por la tarde noche";"3152";"Toes To Bar";"Rest Timer";"";"";"";"";"110.0";"";""
"110";"2025-05-14 21:18:00";"Entrenamiento por la tarde noche";"3152";"Toes To Bar";"3";"";"5";"";"";"";"";""
"110";"2025-05-14 21:18:00";"Entrenamiento por la tarde noche";"3152";"Toes To Bar";"Rest Timer";"";"";"";"";"110.0";"";""
"110";"2025-05-14 21:18:00";"Entrenamiento por la tarde noche";"3152";"Chin Up";"1";"0.0";"7";"";"";"";"";""
"110";"2025-05-14 21:18:00";"Entrenamiento por la tarde noche";"3152";"Chin Up";"Rest Timer";"";"";"";"";"110.0";"";""
"110";"2025-05-14 21:18:00";"Entrenamiento por la tarde noche";"3152";"Chin Up";"2";"0.0";"6";"";"";"";"";""
"110";"2025-05-14 21:18:00";"Entrenamiento por la tarde noche";"3152";"Chin Up";"Rest Timer";"";"";"";"";"110.0";"";""
"110";"2025-05-14 21:18:00";"Entrenamiento por la tarde noche";"3152";"Chin Up";"3";"0.0";"3";"";"";"";"";""
"110";"2025-05-14 21:18:00";"Entrenamiento por la tarde noche";"3152";"Chin Up";"Rest Timer";"";"";"";"";"110.0";"";""
"110";"2025-05-14 21:18:00";"Entrenamiento por la tarde noche";"3152";"Lat Pulldown (Cable)";"1";"54.884631999999996";"8";"";"";"";"";""
"110";"2025-05-14 21:18:00";"Entrenamiento por la tarde noche";"3152";"Lat Pulldown (Cable)";"Rest Timer";"";"";"";"";"110.0";"";""
"110";"2025-05-14 21:18:00";"Entrenamiento por la tarde noche";"3152";"Lat Pulldown (Cable)";"2";"54.884631999999996";"8";"";"";"";"";""
"110";"2025-05-14 21:18:00";"Entrenamiento por la tarde noche";"3152";"Lat Pulldown (Cable)";"Rest Timer";"";"";"";"";"110.0";"";""
"110";"2025-05-14 21:18:00";"Entrenamiento por la tarde noche";"3152";"Lat Pulldown (Cable)";"3";"54.884631999999996";"8";"";"";"";"";""
"110";"2025-05-14 21:18:00";"Entrenamiento por la tarde noche";"3152";"Lat Pulldown (Cable)";"Rest Timer";"";"";"";"";"110.0";"";""
"110";"2025-05-14 21:18:00";"Entrenamiento por la tarde noche";"3152";"HIIT";"1";"";"";"";"";"25.0";"";""
"110";"2025-05-14 21:18:00";"Entrenamiento por la tarde noche";"3152";"HIIT";"Rest Timer";"";"";"";"";"120.0";"";""
"110";"2025-05-14 21:18:00";"Entrenamiento por la tarde noche";"3152";"HIIT";"2";"";"";"";"";"25.0";"";""
"110";"2025-05-14 21:18:00";"Entrenamiento por la tarde noche";"3152";"HIIT";"Rest Timer";"";"";"";"";"120.0";"";""
"110";"2025-05-14 21:18:00";"Entrenamiento por la tarde noche";"3152";"HIIT";"3";"";"";"";"";"25.0";"";""
"110";"2025-05-14 21:18:00";"Entrenamiento por la tarde noche";"3152";"HIIT";"Rest Timer";"";"";"";"";"120.0";"";""
"110";"2025-05-14 21:18:00";"Entrenamiento por la tarde noche";"3152";"HIIT";"4";"";"";"";"";"25.0";"";""
"110";"2025-05-14 21:18:00";"Entrenamiento por la tarde noche";"3152";"HIIT";"Rest Timer";"";"";"";"";"120.0";"";""
"110";"2025-05-14 21:18:00";"Entrenamiento por la tarde noche";"3152";"HIIT";"5";"";"";"";"";"25.0";"";""
"110";"2025-05-14 21:18:00";"Entrenamiento por la tarde noche";"3152";"HIIT";"Rest Timer";"";"";"";"";"120.0";"";""
"110";"2025-05-14 21:18:00";"Entrenamiento por la tarde noche";"3152";"HIIT";"6";"";"";"";"";"25.0";"";""
"110";"2025-05-14 21:18:00";"Entrenamiento por la tarde noche";"3152";"HIIT";"Rest Timer";"";"";"";"";"120.0";"";""
"111";"2025-05-15 20:20:25";"Entrenamiento por la tarde noche";"4525";"Squat (Barbell)";"1";"70.30676";"9";"";"";"";"";""
"111";"2025-05-15 20:20:25";"Entrenamiento por la tarde noche";"4525";"Squat (Barbell)";"Rest Timer";"";"";"";"";"110.0";"";""
"111";"2025-05-15 20:20:25";"Entrenamiento por la tarde noche";"4525";"Squat (Barbell)";"2";"70.30676";"8";"";"";"";"";""
"111";"2025-05-15 20:20:25";"Entrenamiento por la tarde noche";"4525";"Squat (Barbell)";"Rest Timer";"";"";"";"";"110.0";"";""
"111";"2025-05-15 20:20:25";"Entrenamiento por la tarde noche";"4525";"Squat (Barbell)";"3";"70.30676";"6";"";"";"";"";""
"111";"2025-05-15 20:20:25";"Entrenamiento por la tarde noche";"4525";"Squat (Barbell)";"Rest Timer";"";"";"";"";"110.0";"";""
"111";"2025-05-15 20:20:25";"Entrenamiento por la tarde noche";"4525";"Squat (Barbell)";"4";"65.77083999999999";"9";"";"";"";"";""
"111";"2025-05-15 20:20:25";"Entrenamiento por la tarde noche";"4525";"Squat (Barbell)";"Rest Timer";"";"";"";"";"110.0";"";""
"111";"2025-05-15 20:20:25";"Entrenamiento por la tarde noche";"4525";"Squat (Barbell)";"5";"65.77083999999999";"9";"";"";"";"";""
"111";"2025-05-15 20:20:25";"Entrenamiento por la tarde noche";"4525";"Squat (Barbell)";"Rest Timer";"";"";"";"";"110.0";"";""
"111";"2025-05-15 20:20:25";"Entrenamiento por la tarde noche";"4525";"Leg Extension (Machine)";"1";"54.884631999999996";"10";"";"";"";"";""
"111";"2025-05-15 20:20:25";"Entrenamiento por la tarde noche";"4525";"Leg Extension (Machine)";"Rest Timer";"";"";"";"";"120.0";"";""
"111";"2025-05-15 20:20:25";"Entrenamiento por la tarde noche";"4525";"Leg Extension (Machine)";"2";"54.884631999999996";"10";"";"";"";"";""
"111";"2025-05-15 20:20:25";"Entrenamiento por la tarde noche";"4525";"Leg Extension (Machine)";"Rest Timer";"";"";"";"";"110.0";"";""
"111";"2025-05-15 20:20:25";"Entrenamiento por la tarde noche";"4525";"Leg Extension (Machine)";"3";"54.884631999999996";"10";"";"";"";"";""
"111";"2025-05-15 20:20:25";"Entrenamiento por la tarde noche";"4525";"Leg Extension (Machine)";"Rest Timer";"";"";"";"";"110.0";"";""
"111";"2025-05-15 20:20:25";"Entrenamiento por la tarde noche";"4525";"Leg Extension (Machine)";"4";"54.884631999999996";"8";"";"";"";"";""
"111";"2025-05-15 20:20:25";"Entrenamiento por la tarde noche";"4525";"Leg Extension (Machine)";"Rest Timer";"";"";"";"";"120.0";"";""
"111";"2025-05-15 20:20:25";"Entrenamiento por la tarde noche";"4525";"Leg Extension (Machine)";"5";"54.884631999999996";"9";"";"";"";"";""
"111";"2025-05-15 20:20:25";"Entrenamiento por la tarde noche";"4525";"Leg Extension (Machine)";"Rest Timer";"";"";"";"";"120.0";"";""
"111";"2025-05-15 20:20:25";"Entrenamiento por la tarde noche";"4525";"Seated Leg Curl (Machine)";"1";"38.55532";"10";"";"";"";"";""
"111";"2025-05-15 20:20:25";"Entrenamiento por la tarde noche";"4525";"Seated Leg Curl (Machine)";"Rest Timer";"";"";"";"";"120.0";"";""
"111";"2025-05-15 20:20:25";"Entrenamiento por la tarde noche";"4525";"Seated Leg Curl (Machine)";"2";"52.16308";"9";"";"";"";"";""
"111";"2025-05-15 20:20:25";"Entrenamiento por la tarde noche";"4525";"Seated Leg Curl (Machine)";"Rest Timer";"";"";"";"";"120.0";"";""
"111";"2025-05-15 20:20:25";"Entrenamiento por la tarde noche";"4525";"Seated Leg Curl (Machine)";"3";"52.16308";"9";"";"";"";"";""
"111";"2025-05-15 20:20:25";"Entrenamiento por la tarde noche";"4525";"Seated Leg Curl (Machine)";"Rest Timer";"";"";"";"";"120.0";"";""
"111";"2025-05-15 20:20:25";"Entrenamiento por la tarde noche";"4525";"Seated Leg Curl (Machine)";"4";"45.3592";"12";"";"";"";"";""
"111";"2025-05-15 20:20:25";"Entrenamiento por la tarde noche";"4525";"Seated Leg Curl (Machine)";"Rest Timer";"";"";"";"";"120.0";"";""
"111";"2025-05-15 20:20:25";"Entrenamiento por la tarde noche";"4525";"Seated Leg Curl (Machine)";"5";"45.3592";"11";"";"";"";"";""
"111";"2025-05-15 20:20:25";"Entrenamiento por la tarde noche";"4525";"Seated Leg Curl (Machine)";"Rest Timer";"";"";"";"";"120.0";"";""
"111";"2025-05-15 20:20:25";"Entrenamiento por la tarde noche";"4525";"Standing Calf Raise (Dumbbell)";"1";"20.41164";"15";"";"";"";"";""
"111";"2025-05-15 20:20:25";"Entrenamiento por la tarde noche";"4525";"Standing Calf Raise (Dumbbell)";"Rest Timer";"";"";"";"";"120.0";"";""
"111";"2025-05-15 20:20:25";"Entrenamiento por la tarde noche";"4525";"Standing Calf Raise (Dumbbell)";"2";"20.41164";"16";"";"";"";"";""
"111";"2025-05-15 20:20:25";"Entrenamiento por la tarde noche";"4525";"Standing Calf Raise (Dumbbell)";"Rest Timer";"";"";"";"";"120.0";"";""
"111";"2025-05-15 20:20:25";"Entrenamiento por la tarde noche";"4525";"Standing Calf Raise (Dumbbell)";"3";"20.41164";"16";"";"";"";"";""
"111";"2025-05-15 20:20:25";"Entrenamiento por la tarde noche";"4525";"Standing Calf Raise (Dumbbell)";"Rest Timer";"";"";"";"";"120.0";"";""
"111";"2025-05-15 20:20:25";"Entrenamiento por la tarde noche";"4525";"Standing Calf Raise (Dumbbell)";"4";"20.41164";"16";"";"";"";"";""
"111";"2025-05-15 20:20:25";"Entrenamiento por la tarde noche";"4525";"Standing Calf Raise (Dumbbell)";"Rest Timer";"";"";"";"";"120.0";"";""
"111";"2025-05-15 20:20:25";"Entrenamiento por la tarde noche";"4525";"Bicep Curl (Dumbbell)";"1";"13.607759999999999";"10";"";"";"";"";""
"111";"2025-05-15 20:20:25";"Entrenamiento por la tarde noche";"4525";"Bicep Curl (Dumbbell)";"Rest Timer";"";"";"";"";"110.0";"";""
"111";"2025-05-15 20:20:25";"Entrenamiento por la tarde noche";"4525";"Bicep Curl (Dumbbell)";"2";"13.607759999999999";"8";"";"";"";"";""
"111";"2025-05-15 20:20:25";"Entrenamiento por la tarde noche";"4525";"Bicep Curl (Dumbbell)";"Rest Timer";"";"";"";"";"110.0";"";""
"111";"2025-05-15 20:20:25";"Entrenamiento por la tarde noche";"4525";"Bicep Curl (Dumbbell)";"3";"13.607759999999999";"8";"";"";"";"";""
"111";"2025-05-15 20:20:25";"Entrenamiento por la tarde noche";"4525";"Bicep Curl (Dumbbell)";"Rest Timer";"";"";"";"";"110.0";"";""
"111";"2025-05-15 20:20:25";"Entrenamiento por la tarde noche";"4525";"Bicep Curl (Dumbbell)";"4";"13.607759999999999";"7";"";"";"";"";""
"111";"2025-05-15 20:20:25";"Entrenamiento por la tarde noche";"4525";"Bicep Curl (Dumbbell)";"Rest Timer";"";"";"";"";"110.0";"";""
"112";"2025-05-17 13:46:37";"Entrenamiento de mediodía";"3908";"Overhead Press (Dumbbell)";"1";"22.6796";"8";"";"";"";"";""
"112";"2025-05-17 13:46:37";"Entrenamiento de mediodía";"3908";"Overhead Press (Dumbbell)";"Rest Timer";"";"";"";"";"110.0";"";""
"112";"2025-05-17 13:46:37";"Entrenamiento de mediodía";"3908";"Overhead Press (Dumbbell)";"2";"20.41164";"10";"";"";"";"";""
"112";"2025-05-17 13:46:37";"Entrenamiento de mediodía";"3908";"Overhead Press (Dumbbell)";"Rest Timer";"";"";"";"";"110.0";"";""
"112";"2025-05-17 13:46:37";"Entrenamiento de mediodía";"3908";"Overhead Press (Dumbbell)";"3";"20.41164";"9";"";"";"";"";""
"112";"2025-05-17 13:46:37";"Entrenamiento de mediodía";"3908";"Overhead Press (Dumbbell)";"Rest Timer";"";"";"";"";"110.0";"";""
"112";"2025-05-17 13:46:37";"Entrenamiento de mediodía";"3908";"Overhead Press (Dumbbell)";"4";"15.87572";"13";"";"";"";"";""
"112";"2025-05-17 13:46:37";"Entrenamiento de mediodía";"3908";"Overhead Press (Dumbbell)";"Rest Timer";"";"";"";"";"110.0";"";""
"112";"2025-05-17 13:46:37";"Entrenamiento de mediodía";"3908";"Lateral Raise (Cable)";"1";"4.9895119999999995";"12";"";"";"";"";""
"112";"2025-05-17 13:46:37";"Entrenamiento de mediodía";"3908";"Lateral Raise (Cable)";"Rest Timer";"";"";"";"";"110.0";"";""
"112";"2025-05-17 13:46:37";"Entrenamiento de mediodía";"3908";"Lateral Raise (Cable)";"2";"4.9895119999999995";"10";"";"";"";"";""
"112";"2025-05-17 13:46:37";"Entrenamiento de mediodía";"3908";"Lateral Raise (Cable)";"Rest Timer";"";"";"";"";"110.0";"";""
"112";"2025-05-17 13:46:37";"Entrenamiento de mediodía";"3908";"Lateral Raise (Cable)";"3";"4.9895119999999995";"10";"";"";"";"";""
"112";"2025-05-17 13:46:37";"Entrenamiento de mediodía";"3908";"Lateral Raise (Cable)";"Rest Timer";"";"";"";"";"110.0";"";""
"112";"2025-05-17 13:46:37";"Entrenamiento de mediodía";"3908";"Lateral Raise (Cable)";"4";"4.9895119999999995";"10";"";"";"";"";""
"112";"2025-05-17 13:46:37";"Entrenamiento de mediodía";"3908";"Lateral Raise (Cable)";"Rest Timer";"";"";"";"";"110.0";"";""
"112";"2025-05-17 13:46:37";"Entrenamiento de mediodía";"3908";"Reverse Fly (Cable)";"1";"4.9895119999999995";"10";"";"";"";"";""
"112";"2025-05-17 13:46:37";"Entrenamiento de mediodía";"3908";"Reverse Fly (Cable)";"Rest Timer";"";"";"";"";"110.0";"";""
"112";"2025-05-17 13:46:37";"Entrenamiento de mediodía";"3908";"Reverse Fly (Cable)";"2";"4.9895119999999995";"10";"";"";"";"";""
"112";"2025-05-17 13:46:37";"Entrenamiento de mediodía";"3908";"Reverse Fly (Cable)";"Rest Timer";"";"";"";"";"110.0";"";""
"112";"2025-05-17 13:46:37";"Entrenamiento de mediodía";"3908";"Reverse Fly (Cable)";"3";"4.9895119999999995";"11";"";"";"";"";""
"112";"2025-05-17 13:46:37";"Entrenamiento de mediodía";"3908";"Reverse Fly (Cable)";"Rest Timer";"";"";"";"";"110.0";"";""
"112";"2025-05-17 13:46:37";"Entrenamiento de mediodía";"3908";"Reverse Fly (Cable)";"4";"4.9895119999999995";"9";"";"";"";"";""
"112";"2025-05-17 13:46:37";"Entrenamiento de mediodía";"3908";"Reverse Fly (Cable)";"Rest Timer";"";"";"";"";"110.0";"";""
"112";"2025-05-17 13:46:37";"Entrenamiento de mediodía";"3908";"Face Pull (Cable)";"1";"22.452804";"10";"";"";"";"";""
"112";"2025-05-17 13:46:37";"Entrenamiento de mediodía";"3908";"Face Pull (Cable)";"Rest Timer";"";"";"";"";"110.0";"";""
"112";"2025-05-17 13:46:37";"Entrenamiento de mediodía";"3908";"Face Pull (Cable)";"2";"22.452804";"8";"";"";"";"";""
"112";"2025-05-17 13:46:37";"Entrenamiento de mediodía";"3908";"Face Pull (Cable)";"Rest Timer";"";"";"";"";"110.0";"";""
"112";"2025-05-17 13:46:37";"Entrenamiento de mediodía";"3908";"Face Pull (Cable)";"3";"22.452804";"10";"";"";"";"";""
"112";"2025-05-17 13:46:37";"Entrenamiento de mediodía";"3908";"Face Pull (Cable)";"Rest Timer";"";"";"";"";"110.0";"";""
"112";"2025-05-17 13:46:37";"Entrenamiento de mediodía";"3908";"Face Pull (Cable)";"4";"22.452804";"8";"";"";"";"";""
"112";"2025-05-17 13:46:37";"Entrenamiento de mediodía";"3908";"Face Pull (Cable)";"Rest Timer";"";"";"";"";"110.0";"";""
"113";"2025-05-18 14:10:41";"Entrenamiento por la tarde";"2503";"Seated Row (Cable)";"1";"64.863656";"10";"";"";"";"";""
"113";"2025-05-18 14:10:41";"Entrenamiento por la tarde";"2503";"Seated Row (Cable)";"Rest Timer";"";"";"";"";"110.0";"";""
"113";"2025-05-18 14:10:41";"Entrenamiento por la tarde";"2503";"Seated Row (Cable)";"2";"64.863656";"9";"";"";"";"";""
"113";"2025-05-18 14:10:41";"Entrenamiento por la tarde";"2503";"Seated Row (Cable)";"Rest Timer";"";"";"";"";"110.0";"";""
"113";"2025-05-18 14:10:41";"Entrenamiento por la tarde";"2503";"Seated Row (Cable)";"3";"57.152592";"9";"";"";"";"";""
"113";"2025-05-18 14:10:41";"Entrenamiento por la tarde";"2503";"Seated Row (Cable)";"Rest Timer";"";"";"";"";"110.0";"";""
"113";"2025-05-18 14:10:41";"Entrenamiento por la tarde";"2503";"Seated Row (Cable)";"4";"57.152592";"8";"";"";"";"";""
"113";"2025-05-18 14:10:41";"Entrenamiento por la tarde";"2503";"Seated Row (Cable)";"Rest Timer";"";"";"";"";"110.0";"";""
"113";"2025-05-18 14:10:41";"Entrenamiento por la tarde";"2503";"Lat Pulldown (Cable)";"1";"57.152592";"9";"";"";"";"";""
"113";"2025-05-18 14:10:41";"Entrenamiento por la tarde";"2503";"Lat Pulldown (Cable)";"Rest Timer";"";"";"";"";"110.0";"";""
"113";"2025-05-18 14:10:41";"Entrenamiento por la tarde";"2503";"Lat Pulldown (Cable)";"2";"57.152592";"8";"";"";"";"";""
"113";"2025-05-18 14:10:41";"Entrenamiento por la tarde";"2503";"Lat Pulldown (Cable)";"Rest Timer";"";"";"";"";"110.0";"";""
"113";"2025-05-18 14:10:41";"Entrenamiento por la tarde";"2503";"Lat Pulldown (Cable)";"3";"57.152592";"8";"";"";"";"";""
"113";"2025-05-18 14:10:41";"Entrenamiento por la tarde";"2503";"Lat Pulldown (Cable)";"Rest Timer";"";"";"";"";"110.0";"";""
"113";"2025-05-18 14:10:41";"Entrenamiento por la tarde";"2503";"Lat Pulldown (Cable)";"4";"54.884631999999996";"8";"";"";"";"";""
"113";"2025-05-18 14:10:41";"Entrenamiento por la tarde";"2503";"Lat Pulldown (Cable)";"Rest Timer";"";"";"";"";"110.0";"";""
"113";"2025-05-18 14:10:41";"Entrenamiento por la tarde";"2503";"Straight Pulldown ";"1";"29.937072";"8";"";"";"";"";""
"113";"2025-05-18 14:10:41";"Entrenamiento por la tarde";"2503";"Straight Pulldown ";"Rest Timer";"";"";"";"";"110.0";"";""
"113";"2025-05-18 14:10:41";"Entrenamiento por la tarde";"2503";"Straight Pulldown ";"2";"29.937072";"11";"";"";"";"";""
"113";"2025-05-18 14:10:41";"Entrenamiento por la tarde";"2503";"Straight Pulldown ";"Rest Timer";"";"";"";"";"110.0";"";""
"113";"2025-05-18 14:10:41";"Entrenamiento por la tarde";"2503";"Straight Pulldown ";"3";"29.937072";"10";"";"";"";"";""
"113";"2025-05-18 14:10:41";"Entrenamiento por la tarde";"2503";"Straight Pulldown ";"Rest Timer";"";"";"";"";"110.0";"";""
"113";"2025-05-18 14:10:41";"Entrenamiento por la tarde";"2503";"Straight Pulldown ";"4";"27.442315999999998";"10";"";"";"";"";""
"113";"2025-05-18 14:10:41";"Entrenamiento por la tarde";"2503";"Straight Pulldown ";"Rest Timer";"";"";"";"";"110.0";"";""
"113";"2025-05-18 14:10:41";"Entrenamiento por la tarde";"2503";"Triceps Extension";"1";"22.452804";"9";"";"";"";"";""
"113";"2025-05-18 14:10:41";"Entrenamiento por la tarde";"2503";"Triceps Extension";"Rest Timer";"";"";"";"";"110.0";"";""
"113";"2025-05-18 14:10:41";"Entrenamiento por la tarde";"2503";"Triceps Extension";"2";"22.452804";"10";"";"";"";"";""
"113";"2025-05-18 14:10:41";"Entrenamiento por la tarde";"2503";"Triceps Extension";"Rest Timer";"";"";"";"";"110.0";"";""
"113";"2025-05-18 14:10:41";"Entrenamiento por la tarde";"2503";"Triceps Extension";"3";"22.452804";"8";"";"";"";"";""
"113";"2025-05-18 14:10:41";"Entrenamiento por la tarde";"2503";"Triceps Extension";"Rest Timer";"";"";"";"";"110.0";"";""
"113";"2025-05-18 14:10:41";"Entrenamiento por la tarde";"2503";"Triceps Extension";"4";"19.958047999999998";"7";"";"";"";"";""
"113";"2025-05-18 14:10:41";"Entrenamiento por la tarde";"2503";"Triceps Extension";"Rest Timer";"";"";"";"";"110.0";"";""
"114";"2025-05-19 21:11:02";"Entrenamiento por la tarde noche";"3773";"Incline Bench Press (Barbell)";"1";"65.77083999999999";"9";"";"";"";"";""
"114";"2025-05-19 21:11:02";"Entrenamiento por la tarde noche";"3773";"Incline Bench Press (Barbell)";"Rest Timer";"";"";"";"";"110.0";"";""
"114";"2025-05-19 21:11:02";"Entrenamiento por la tarde noche";"3773";"Incline Bench Press (Barbell)";"2";"65.77083999999999";"6";"";"";"";"";""
"114";"2025-05-19 21:11:02";"Entrenamiento por la tarde noche";"3773";"Incline Bench Press (Barbell)";"Rest Timer";"";"";"";"";"110.0";"";""
"114";"2025-05-19 21:11:02";"Entrenamiento por la tarde noche";"3773";"Incline Bench Press (Barbell)";"3";"61.23492";"9";"";"";"";"";""
"114";"2025-05-19 21:11:02";"Entrenamiento por la tarde noche";"3773";"Incline Bench Press (Barbell)";"Rest Timer";"";"";"";"";"110.0";"";""
"114";"2025-05-19 21:11:02";"Entrenamiento por la tarde noche";"3773";"Incline Bench Press (Barbell)";"4";"61.23492";"8";"";"";"";"";""
"114";"2025-05-19 21:11:02";"Entrenamiento por la tarde noche";"3773";"Incline Bench Press (Barbell)";"Rest Timer";"";"";"";"";"110.0";"";""
"114";"2025-05-19 21:11:02";"Entrenamiento por la tarde noche";"3773";"Incline Bench Press (Barbell)";"5";"61.23492";"7";"";"";"";"";""
"114";"2025-05-19 21:11:02";"Entrenamiento por la tarde noche";"3773";"Incline Bench Press (Barbell)";"Rest Timer";"";"";"";"";"110.0";"";""
"114";"2025-05-19 21:11:02";"Entrenamiento por la tarde noche";"3773";"Bicep Curl (Barbell)";"1";"31.75144";"9";"";"";"";"";""
"114";"2025-05-19 21:11:02";"Entrenamiento por la tarde noche";"3773";"Bicep Curl (Barbell)";"Rest Timer";"";"";"";"";"110.0";"";""
"114";"2025-05-19 21:11:02";"Entrenamiento por la tarde noche";"3773";"Bicep Curl (Barbell)";"2";"31.75144";"7";"";"";"";"";""
"114";"2025-05-19 21:11:02";"Entrenamiento por la tarde noche";"3773";"Bicep Curl (Barbell)";"Rest Timer";"";"";"";"";"110.0";"";""
"114";"2025-05-19 21:11:02";"Entrenamiento por la tarde noche";"3773";"Bicep Curl (Barbell)";"3";"27.215519999999998";"8";"";"";"";"";""
"114";"2025-05-19 21:11:02";"Entrenamiento por la tarde noche";"3773";"Bicep Curl (Barbell)";"Rest Timer";"";"";"";"";"110.0";"";""
"114";"2025-05-19 21:11:02";"Entrenamiento por la tarde noche";"3773";"Bicep Curl (Barbell)";"4";"27.215519999999998";"8";"";"";"";"";""
"114";"2025-05-19 21:11:02";"Entrenamiento por la tarde noche";"3773";"Bicep Curl (Barbell)";"Rest Timer";"";"";"";"";"110.0";"";""
"114";"2025-05-19 21:11:02";"Entrenamiento por la tarde noche";"3773";"Bicep Curl (Barbell)";"5";"27.215519999999998";"8";"";"";"";"";""
"114";"2025-05-19 21:11:02";"Entrenamiento por la tarde noche";"3773";"Bicep Curl (Barbell)";"Rest Timer";"";"";"";"";"110.0";"";""
"114";"2025-05-19 21:11:02";"Entrenamiento por la tarde noche";"3773";"Chest Dip";"1";"0.0";"12";"";"";"";"";""
"114";"2025-05-19 21:11:02";"Entrenamiento por la tarde noche";"3773";"Chest Dip";"Rest Timer";"";"";"";"";"110.0";"";""
"114";"2025-05-19 21:11:02";"Entrenamiento por la tarde noche";"3773";"Chest Dip";"2";"0.0";"10";"";"";"";"";""
"114";"2025-05-19 21:11:02";"Entrenamiento por la tarde noche";"3773";"Chest Dip";"Rest Timer";"";"";"";"";"110.0";"";""
"114";"2025-05-19 21:11:02";"Entrenamiento por la tarde noche";"3773";"Chest Dip";"3";"0.0";"10";"";"";"";"";""
"114";"2025-05-19 21:11:02";"Entrenamiento por la tarde noche";"3773";"Chest Dip";"Rest Timer";"";"";"";"";"110.0";"";""
"114";"2025-05-19 21:11:02";"Entrenamiento por la tarde noche";"3773";"Chest Dip";"4";"0.0";"10";"";"";"";"";""
"114";"2025-05-19 21:11:02";"Entrenamiento por la tarde noche";"3773";"Chest Dip";"Rest Timer";"";"";"";"";"110.0";"";""
"114";"2025-05-19 21:11:02";"Entrenamiento por la tarde noche";"3773";"Knee Raise (Captain's Chair)";"1";"0.0";"10";"";"";"";"";""
"114";"2025-05-19 21:11:02";"Entrenamiento por la tarde noche";"3773";"Knee Raise (Captain's Chair)";"Rest Timer";"";"";"";"";"110.0";"";""
"114";"2025-05-19 21:11:02";"Entrenamiento por la tarde noche";"3773";"Knee Raise (Captain's Chair)";"2";"0.0";"10";"";"";"";"";""
"114";"2025-05-19 21:11:02";"Entrenamiento por la tarde noche";"3773";"Knee Raise (Captain's Chair)";"Rest Timer";"";"";"";"";"110.0";"";""
"114";"2025-05-19 21:11:02";"Entrenamiento por la tarde noche";"3773";"Knee Raise (Captain's Chair)";"3";"0.0";"10";"";"";"";"";""
"114";"2025-05-19 21:11:02";"Entrenamiento por la tarde noche";"3773";"Knee Raise (Captain's Chair)";"Rest Timer";"";"";"";"";"110.0";"";""
"114";"2025-05-19 21:11:02";"Entrenamiento por la tarde noche";"3773";"Knee Raise (Captain's Chair)";"4";"0.0";"12";"";"";"";"";""
"114";"2025-05-19 21:11:02";"Entrenamiento por la tarde noche";"3773";"Knee Raise (Captain's Chair)";"Rest Timer";"";"";"";"";"110.0";"";""
"114";"2025-05-19 21:11:02";"Entrenamiento por la tarde noche";"3773";"Cable Crossover";"1";"14.968536";"11";"";"";"";"";""
"114";"2025-05-19 21:11:02";"Entrenamiento por la tarde noche";"3773";"Cable Crossover";"Rest Timer";"";"";"";"";"110.0";"";""
"114";"2025-05-19 21:11:02";"Entrenamiento por la tarde noche";"3773";"Cable Crossover";"2";"14.968536";"8";"";"";"";"";""
"114";"2025-05-19 21:11:02";"Entrenamiento por la tarde noche";"3773";"Cable Crossover";"Rest Timer";"";"";"";"";"110.0";"";""
"114";"2025-05-19 21:11:02";"Entrenamiento por la tarde noche";"3773";"Cable Crossover";"3";"12.47378";"10";"";"";"";"";""
"114";"2025-05-19 21:11:02";"Entrenamiento por la tarde noche";"3773";"Cable Crossover";"Rest Timer";"";"";"";"";"110.0";"";""
"114";"2025-05-19 21:11:02";"Entrenamiento por la tarde noche";"3773";"Cable Crossover";"4";"12.47378";"10";"";"";"";"";""
"114";"2025-05-19 21:11:02";"Entrenamiento por la tarde noche";"3773";"Cable Crossover";"Rest Timer";"";"";"";"";"110.0";"";""
"114";"2025-05-19 21:11:02";"Entrenamiento por la tarde noche";"3773";"Incline Curl (Cable)";"1";"7.484268";"10";"";"";"";"";""
"114";"2025-05-19 21:11:02";"Entrenamiento por la tarde noche";"3773";"Incline Curl (Cable)";"Rest Timer";"";"";"";"";"120.0";"";""
"114";"2025-05-19 21:11:02";"Entrenamiento por la tarde noche";"3773";"Incline Curl (Cable)";"2";"7.484268";"7";"";"";"";"";""
"114";"2025-05-19 21:11:02";"Entrenamiento por la tarde noche";"3773";"Incline Curl (Cable)";"Rest Timer";"";"";"";"";"120.0";"";""
"114";"2025-05-19 21:11:02";"Entrenamiento por la tarde noche";"3773";"Incline Curl (Cable)";"3";"4.9895119999999995";"10";"";"";"";"";""
"114";"2025-05-19 21:11:02";"Entrenamiento por la tarde noche";"3773";"Incline Curl (Cable)";"Rest Timer";"";"";"";"";"120.0";"";""
"114";"2025-05-19 21:11:02";"Entrenamiento por la tarde noche";"3773";"Incline Curl (Cable)";"4";"4.9895119999999995";"11";"";"";"";"";""
"114";"2025-05-19 21:11:02";"Entrenamiento por la tarde noche";"3773";"Incline Curl (Cable)";"Rest Timer";"";"";"";"";"120.0";"";""
"115";"2025-05-20 21:16:50";"Entrenamiento por la tarde noche";"3123";"Toes To Bar";"1";"";"11";"";"";"";"";""
"115";"2025-05-20 21:16:50";"Entrenamiento por la tarde noche";"3123";"Toes To Bar";"Rest Timer";"";"";"";"";"110.0";"";""
"115";"2025-05-20 21:16:50";"Entrenamiento por la tarde noche";"3123";"Toes To Bar";"2";"";"8";"";"";"";"";""
"115";"2025-05-20 21:16:50";"Entrenamiento por la tarde noche";"3123";"Toes To Bar";"Rest Timer";"";"";"";"";"110.0";"";""
"115";"2025-05-20 21:16:50";"Entrenamiento por la tarde noche";"3123";"Toes To Bar";"3";"";"8";"";"";"";"";""
"115";"2025-05-20 21:16:50";"Entrenamiento por la tarde noche";"3123";"Toes To Bar";"Rest Timer";"";"";"";"";"110.0";"";""
"115";"2025-05-20 21:16:50";"Entrenamiento por la tarde noche";"3123";"Toes To Bar";"4";"";"8";"";"";"";"";""
"115";"2025-05-20 21:16:50";"Entrenamiento por la tarde noche";"3123";"Toes To Bar";"Rest Timer";"";"";"";"";"110.0";"";""
"115";"2025-05-20 21:16:50";"Entrenamiento por la tarde noche";"3123";"Stretching";"1";"";"";"";"";"240.0";"";""
"115";"2025-05-20 21:16:50";"Entrenamiento por la tarde noche";"3123";"Stretching";"Rest Timer";"";"";"";"";"120.0";"";""
"115";"2025-05-20 21:16:50";"Entrenamiento por la tarde noche";"3123";"Stretching";"2";"";"";"";"";"240.0";"";""
"115";"2025-05-20 21:16:50";"Entrenamiento por la tarde noche";"3123";"Stretching";"Rest Timer";"";"";"";"";"120.0";"";""
"115";"2025-05-20 21:16:50";"Entrenamiento por la tarde noche";"3123";"Stretching";"3";"";"";"";"";"240.0";"";""
"115";"2025-05-20 21:16:50";"Entrenamiento por la tarde noche";"3123";"Stretching";"Rest Timer";"";"";"";"";"120.0";"";""
"115";"2025-05-20 21:16:50";"Entrenamiento por la tarde noche";"3123";"Stretching";"4";"";"";"";"";"240.0";"";""
"115";"2025-05-20 21:16:50";"Entrenamiento por la tarde noche";"3123";"Stretching";"Rest Timer";"";"";"";"";"120.0";"";""
"115";"2025-05-20 21:16:50";"Entrenamiento por la tarde noche";"3123";"Plank";"1";"";"";"";"";"100.0";"";""
"115";"2025-05-20 21:16:50";"Entrenamiento por la tarde noche";"3123";"Plank";"Rest Timer";"";"";"";"";"120.0";"";""
"115";"2025-05-20 21:16:50";"Entrenamiento por la tarde noche";"3123";"Plank";"2";"";"";"";"";"105.0";"";""
"115";"2025-05-20 21:16:50";"Entrenamiento por la tarde noche";"3123";"Plank";"Rest Timer";"";"";"";"";"120.0";"";""
"115";"2025-05-20 21:16:50";"Entrenamiento por la tarde noche";"3123";"Plank";"3";"";"";"";"";"105.0";"";""
"115";"2025-05-20 21:16:50";"Entrenamiento por la tarde noche";"3123";"Plank";"Rest Timer";"";"";"";"";"120.0";"";""
"115";"2025-05-20 21:16:50";"Entrenamiento por la tarde noche";"3123";"Plank";"4";"";"";"";"";"65.0";"";""
"115";"2025-05-20 21:16:50";"Entrenamiento por la tarde noche";"3123";"Plank";"Rest Timer";"";"";"";"";"120.0";"";""
"115";"2025-05-20 21:16:50";"Entrenamiento por la tarde noche";"3123";"Hypopressives";"1";"";"8";"";"";"";"";""
"115";"2025-05-20 21:16:50";"Entrenamiento por la tarde noche";"3123";"Hypopressives";"Rest Timer";"";"";"";"";"120.0";"";""
"115";"2025-05-20 21:16:50";"Entrenamiento por la tarde noche";"3123";"Hypopressives";"2";"";"8";"";"";"";"";""
"115";"2025-05-20 21:16:50";"Entrenamiento por la tarde noche";"3123";"Hypopressives";"Rest Timer";"";"";"";"";"120.0";"";""
"115";"2025-05-20 21:16:50";"Entrenamiento por la tarde noche";"3123";"Hypopressives";"3";"";"8";"";"";"";"";""
"115";"2025-05-20 21:16:50";"Entrenamiento por la tarde noche";"3123";"Hypopressives";"Rest Timer";"";"";"";"";"120.0";"";""
"115";"2025-05-20 21:16:50";"Entrenamiento por la tarde noche";"3123";"Hypopressives";"4";"";"8";"";"";"";"";""
"115";"2025-05-20 21:16:50";"Entrenamiento por la tarde noche";"3123";"Hypopressives";"Rest Timer";"";"";"";"";"120.0";"";""
"116";"2025-05-22 21:14:03";"Entrenamiento por la tarde noche";"2084";"Chin Up";"1";"0.0";"8";"";"";"";"";""
"116";"2025-05-22 21:14:03";"Entrenamiento por la tarde noche";"2084";"Chin Up";"Rest Timer";"";"";"";"";"110.0";"";""
"116";"2025-05-22 21:14:03";"Entrenamiento por la tarde noche";"2084";"Chin Up";"2";"0.0";"6";"";"";"";"";""
"116";"2025-05-22 21:14:03";"Entrenamiento por la tarde noche";"2084";"Chin Up";"Rest Timer";"";"";"";"";"110.0";"";""
"116";"2025-05-22 21:14:03";"Entrenamiento por la tarde noche";"2084";"Chin Up";"3";"0.0";"6";"";"";"";"";""
"116";"2025-05-22 21:14:03";"Entrenamiento por la tarde noche";"2084";"Chin Up";"Rest Timer";"";"";"";"";"110.0";"";""
"116";"2025-05-22 21:14:03";"Entrenamiento por la tarde noche";"2084";"Chin Up";"4";"0.0";"5";"";"";"";"";""
"116";"2025-05-22 21:14:03";"Entrenamiento por la tarde noche";"2084";"Chin Up";"Rest Timer";"";"";"";"";"110.0";"";""
"116";"2025-05-22 21:14:03";"Entrenamiento por la tarde noche";"2084";"Seated Row (Cable)";"1";"67.131616";"5";"";"";"";"";""
"116";"2025-05-22 21:14:03";"Entrenamiento por la tarde noche";"2084";"Seated Row (Cable)";"Rest Timer";"";"";"";"";"110.0";"";""
"116";"2025-05-22 21:14:03";"Entrenamiento por la tarde noche";"2084";"Seated Row (Cable)";"2";"64.863656";"6";"";"";"";"";""
"116";"2025-05-22 21:14:03";"Entrenamiento por la tarde noche";"2084";"Seated Row (Cable)";"Rest Timer";"";"";"";"";"110.0";"";""
"116";"2025-05-22 21:14:03";"Entrenamiento por la tarde noche";"2084";"Seated Row (Cable)";"3";"54.884631999999996";"12";"";"";"";"";""
"116";"2025-05-22 21:14:03";"Entrenamiento por la tarde noche";"2084";"Seated Row (Cable)";"Rest Timer";"";"";"";"";"110.0";"";""
"116";"2025-05-22 21:14:03";"Entrenamiento por la tarde noche";"2084";"Seated Row (Cable)";"4";"54.884631999999996";"10";"";"";"";"";""
"116";"2025-05-22 21:14:03";"Entrenamiento por la tarde noche";"2084";"Seated Row (Cable)";"Rest Timer";"";"";"";"";"110.0";"";""
"116";"2025-05-22 21:14:03";"Entrenamiento por la tarde noche";"2084";"Lat Pulldown (Cable)";"1";"64.863656";"5";"";"";"";"";""
"116";"2025-05-22 21:14:03";"Entrenamiento por la tarde noche";"2084";"Lat Pulldown (Cable)";"Rest Timer";"";"";"";"";"110.0";"";""
"116";"2025-05-22 21:14:03";"Entrenamiento por la tarde noche";"2084";"Lat Pulldown (Cable)";"2";"54.884631999999996";"10";"";"";"";"";""
"116";"2025-05-22 21:14:03";"Entrenamiento por la tarde noche";"2084";"Lat Pulldown (Cable)";"Rest Timer";"";"";"";"";"110.0";"";""
"116";"2025-05-22 21:14:03";"Entrenamiento por la tarde noche";"2084";"Lat Pulldown (Cable)";"3";"54.884631999999996";"8";"";"";"";"";""
"116";"2025-05-22 21:14:03";"Entrenamiento por la tarde noche";"2084";"Lat Pulldown (Cable)";"Rest Timer";"";"";"";"";"110.0";"";""
"116";"2025-05-22 21:14:03";"Entrenamiento por la tarde noche";"2084";"Lat Pulldown (Cable)";"4";"54.884631999999996";"8";"";"";"";"";""
"116";"2025-05-22 21:14:03";"Entrenamiento por la tarde noche";"2084";"Lat Pulldown (Cable)";"Rest Timer";"";"";"";"";"110.0";"";""
"117";"2025-05-24 12:20:49";"Entrenamiento de mediodía";"2481";"Bench Press (Barbell)";"1";"70.30676";"12";"";"";"";"";""
"117";"2025-05-24 12:20:49";"Entrenamiento de mediodía";"2481";"Bench Press (Barbell)";"Rest Timer";"";"";"";"";"110.0";"";""
"117";"2025-05-24 12:20:49";"Entrenamiento de mediodía";"2481";"Bench Press (Barbell)";"2";"70.30676";"11";"";"";"";"";""
"117";"2025-05-24 12:20:49";"Entrenamiento de mediodía";"2481";"Bench Press (Barbell)";"Rest Timer";"";"";"";"";"110.0";"";""
"117";"2025-05-24 12:20:49";"Entrenamiento de mediodía";"2481";"Bench Press (Barbell)";"3";"70.30676";"9";"";"";"";"";""
"117";"2025-05-24 12:20:49";"Entrenamiento de mediodía";"2481";"Bench Press (Barbell)";"Rest Timer";"";"";"";"";"110.0";"";""
"117";"2025-05-24 12:20:49";"Entrenamiento de mediodía";"2481";"Bench Press (Barbell)";"4";"70.30676";"8";"";"";"";"";""
"117";"2025-05-24 12:20:49";"Entrenamiento de mediodía";"2481";"Bench Press (Barbell)";"Rest Timer";"";"";"";"";"110.0";"";""
"117";"2025-05-24 12:20:49";"Entrenamiento de mediodía";"2481";"Chest Dip";"1";"0.0";"11";"";"";"";"";""
"117";"2025-05-24 12:20:49";"Entrenamiento de mediodía";"2481";"Chest Dip";"Rest Timer";"";"";"";"";"110.0";"";""
"117";"2025-05-24 12:20:49";"Entrenamiento de mediodía";"2481";"Chest Dip";"2";"0.0";"8";"";"";"";"";""
"117";"2025-05-24 12:20:49";"Entrenamiento de mediodía";"2481";"Chest Dip";"Rest Timer";"";"";"";"";"110.0";"";""
"117";"2025-05-24 12:20:49";"Entrenamiento de mediodía";"2481";"Chest Dip";"3";"0.0";"8";"";"";"";"";""
"117";"2025-05-24 12:20:49";"Entrenamiento de mediodía";"2481";"Chest Dip";"Rest Timer";"";"";"";"";"110.0";"";""
"117";"2025-05-24 12:20:49";"Entrenamiento de mediodía";"2481";"Knee Raise (Captain's Chair)";"1";"0.0";"10";"";"";"";"";""
"117";"2025-05-24 12:20:49";"Entrenamiento de mediodía";"2481";"Knee Raise (Captain's Chair)";"Rest Timer";"";"";"";"";"110.0";"";""
"117";"2025-05-24 12:20:49";"Entrenamiento de mediodía";"2481";"Knee Raise (Captain's Chair)";"2";"0.0";"10";"";"";"";"";""
"117";"2025-05-24 12:20:49";"Entrenamiento de mediodía";"2481";"Knee Raise (Captain's Chair)";"Rest Timer";"";"";"";"";"110.0";"";""
"117";"2025-05-24 12:20:49";"Entrenamiento de mediodía";"2481";"Knee Raise (Captain's Chair)";"3";"0.0";"8";"";"";"";"";""
"117";"2025-05-24 12:20:49";"Entrenamiento de mediodía";"2481";"Knee Raise (Captain's Chair)";"Rest Timer";"";"";"";"";"110.0";"";""
"117";"2025-05-24 12:20:49";"Entrenamiento de mediodía";"2481";"Bicep Curl (Dumbbell)";"1";"13.607759999999999";"8";"";"";"";"";""
"117";"2025-05-24 12:20:49";"Entrenamiento de mediodía";"2481";"Bicep Curl (Dumbbell)";"Rest Timer";"";"";"";"";"110.0";"";""
"117";"2025-05-24 12:20:49";"Entrenamiento de mediodía";"2481";"Bicep Curl (Dumbbell)";"2";"13.607759999999999";"7";"";"";"";"";""
"117";"2025-05-24 12:20:49";"Entrenamiento de mediodía";"2481";"Bicep Curl (Dumbbell)";"Rest Timer";"";"";"";"";"110.0";"";""
"117";"2025-05-24 12:20:49";"Entrenamiento de mediodía";"2481";"Bicep Curl (Dumbbell)";"3";"13.607759999999999";"8";"";"";"";"";""
"117";"2025-05-24 12:20:49";"Entrenamiento de mediodía";"2481";"Bicep Curl (Dumbbell)";"Rest Timer";"";"";"";"";"110.0";"";""
"118";"2025-05-26 20:19:29";"Entrenamiento por la tarde noche";"2862";"Overhead Press (Dumbbell)";"1";"22.6796";"10";"";"";"";"";""
"118";"2025-05-26 20:19:29";"Entrenamiento por la tarde noche";"2862";"Overhead Press (Dumbbell)";"Rest Timer";"";"";"";"";"110.0";"";""
"118";"2025-05-26 20:19:29";"Entrenamiento por la tarde noche";"2862";"Overhead Press (Dumbbell)";"2";"22.6796";"8";"";"";"";"";""
"118";"2025-05-26 20:19:29";"Entrenamiento por la tarde noche";"2862";"Overhead Press (Dumbbell)";"Rest Timer";"";"";"";"";"110.0";"";""
"118";"2025-05-26 20:19:29";"Entrenamiento por la tarde noche";"2862";"Overhead Press (Dumbbell)";"3";"20.41164";"10";"";"";"";"";""
"118";"2025-05-26 20:19:29";"Entrenamiento por la tarde noche";"2862";"Overhead Press (Dumbbell)";"Rest Timer";"";"";"";"";"110.0";"";""
"118";"2025-05-26 20:19:29";"Entrenamiento por la tarde noche";"2862";"Overhead Press (Dumbbell)";"4";"20.41164";"9";"";"";"";"";""
"118";"2025-05-26 20:19:29";"Entrenamiento por la tarde noche";"2862";"Overhead Press (Dumbbell)";"Rest Timer";"";"";"";"";"110.0";"";""
"118";"2025-05-26 20:19:29";"Entrenamiento por la tarde noche";"2862";"Bicep Curl (Dumbbell)";"1";"15.87572";"9";"";"";"";"";""
"118";"2025-05-26 20:19:29";"Entrenamiento por la tarde noche";"2862";"Bicep Curl (Dumbbell)";"Rest Timer";"";"";"";"";"110.0";"";""
"118";"2025-05-26 20:19:29";"Entrenamiento por la tarde noche";"2862";"Bicep Curl (Dumbbell)";"2";"15.87572";"7";"";"";"";"";""
"118";"2025-05-26 20:19:29";"Entrenamiento por la tarde noche";"2862";"Bicep Curl (Dumbbell)";"Rest Timer";"";"";"";"";"110.0";"";""
"118";"2025-05-26 20:19:29";"Entrenamiento por la tarde noche";"2862";"Bicep Curl (Dumbbell)";"3";"13.607759999999999";"9";"";"";"";"";""
"118";"2025-05-26 20:19:29";"Entrenamiento por la tarde noche";"2862";"Bicep Curl (Dumbbell)";"Rest Timer";"";"";"";"";"110.0";"";""
"118";"2025-05-26 20:19:29";"Entrenamiento por la tarde noche";"2862";"Bicep Curl (Dumbbell)";"4";"13.607759999999999";"8";"";"";"";"";""
"118";"2025-05-26 20:19:29";"Entrenamiento por la tarde noche";"2862";"Bicep Curl (Dumbbell)";"Rest Timer";"";"";"";"";"110.0";"";""
"118";"2025-05-26 20:19:29";"Entrenamiento por la tarde noche";"2862";"Front Raise (Dumbbell)";"1";"6.8038799999999995";"8";"";"";"";"";""
"118";"2025-05-26 20:19:29";"Entrenamiento por la tarde noche";"2862";"Front Raise (Dumbbell)";"Rest Timer";"";"";"";"";"110.0";"";""
"118";"2025-05-26 20:19:29";"Entrenamiento por la tarde noche";"2862";"Front Raise (Dumbbell)";"2";"6.8038799999999995";"10";"";"";"";"";""
"118";"2025-05-26 20:19:29";"Entrenamiento por la tarde noche";"2862";"Front Raise (Dumbbell)";"Rest Timer";"";"";"";"";"110.0";"";""
"118";"2025-05-26 20:19:29";"Entrenamiento por la tarde noche";"2862";"Front Raise (Dumbbell)";"3";"6.8038799999999995";"10";"";"";"";"";""
"118";"2025-05-26 20:19:29";"Entrenamiento por la tarde noche";"2862";"Front Raise (Dumbbell)";"Rest Timer";"";"";"";"";"110.0";"";""
"118";"2025-05-26 20:19:29";"Entrenamiento por la tarde noche";"2862";"Front Raise (Dumbbell)";"4";"6.8038799999999995";"10";"";"";"";"";""
"118";"2025-05-26 20:19:29";"Entrenamiento por la tarde noche";"2862";"Front Raise (Dumbbell)";"Rest Timer";"";"";"";"";"110.0";"";""
"118";"2025-05-26 20:19:29";"Entrenamiento por la tarde noche";"2862";"Lateral Raise (Dumbbell)";"1";"6.8038799999999995";"12";"";"";"";"";""
"118";"2025-05-26 20:19:29";"Entrenamiento por la tarde noche";"2862";"Lateral Raise (Dumbbell)";"Rest Timer";"";"";"";"";"110.0";"";""
"118";"2025-05-26 20:19:29";"Entrenamiento por la tarde noche";"2862";"Lateral Raise (Dumbbell)";"2";"6.8038799999999995";"12";"";"";"";"";""
"118";"2025-05-26 20:19:29";"Entrenamiento por la tarde noche";"2862";"Lateral Raise (Dumbbell)";"Rest Timer";"";"";"";"";"110.0";"";""
"118";"2025-05-26 20:19:29";"Entrenamiento por la tarde noche";"2862";"Lateral Raise (Dumbbell)";"3";"6.8038799999999995";"12";"";"";"";"";""
"118";"2025-05-26 20:19:29";"Entrenamiento por la tarde noche";"2862";"Lateral Raise (Dumbbell)";"Rest Timer";"";"";"";"";"110.0";"";""
"118";"2025-05-26 20:19:29";"Entrenamiento por la tarde noche";"2862";"Lateral Raise (Dumbbell)";"4";"6.8038799999999995";"12";"";"";"";"";""
"118";"2025-05-26 20:19:29";"Entrenamiento por la tarde noche";"2862";"Lateral Raise (Dumbbell)";"Rest Timer";"";"";"";"";"110.0";"";""
"118";"2025-05-26 20:19:29";"Entrenamiento por la tarde noche";"2862";"Reverse Fly (Dumbbell)";"1";"6.8038799999999995";"12";"";"";"";"";""
"118";"2025-05-26 20:19:29";"Entrenamiento por la tarde noche";"2862";"Reverse Fly (Dumbbell)";"Rest Timer";"";"";"";"";"110.0";"";""
"118";"2025-05-26 20:19:29";"Entrenamiento por la tarde noche";"2862";"Reverse Fly (Dumbbell)";"2";"6.8038799999999995";"12";"";"";"";"";""
"118";"2025-05-26 20:19:29";"Entrenamiento por la tarde noche";"2862";"Reverse Fly (Dumbbell)";"Rest Timer";"";"";"";"";"110.0";"";""
"118";"2025-05-26 20:19:29";"Entrenamiento por la tarde noche";"2862";"Reverse Fly (Dumbbell)";"3";"6.8038799999999995";"12";"";"";"";"";""
"118";"2025-05-26 20:19:29";"Entrenamiento por la tarde noche";"2862";"Reverse Fly (Dumbbell)";"Rest Timer";"";"";"";"";"110.0";"";""
"118";"2025-05-26 20:19:29";"Entrenamiento por la tarde noche";"2862";"Reverse Fly (Dumbbell)";"4";"6.8038799999999995";"12";"";"";"";"";""
"118";"2025-05-26 20:19:29";"Entrenamiento por la tarde noche";"2862";"Reverse Fly (Dumbbell)";"Rest Timer";"";"";"";"";"110.0";"";""
"119";"2025-05-27 21:20:15";"Entrenamiento por la tarde noche";"3281";"Squat (Barbell)";"1";"72.57472";"9";"";"";"";"";""
"119";"2025-05-27 21:20:15";"Entrenamiento por la tarde noche";"3281";"Squat (Barbell)";"Rest Timer";"";"";"";"";"110.0";"";""
"119";"2025-05-27 21:20:15";"Entrenamiento por la tarde noche";"3281";"Squat (Barbell)";"2";"72.57472";"6";"";"";"";"";""
"119";"2025-05-27 21:20:15";"Entrenamiento por la tarde noche";"3281";"Squat (Barbell)";"Rest Timer";"";"";"";"";"110.0";"";""
"119";"2025-05-27 21:20:15";"Entrenamiento por la tarde noche";"3281";"Squat (Barbell)";"3";"70.30676";"7";"";"";"";"";""
"119";"2025-05-27 21:20:15";"Entrenamiento por la tarde noche";"3281";"Squat (Barbell)";"Rest Timer";"";"";"";"";"110.0";"";""
"119";"2025-05-27 21:20:15";"Entrenamiento por la tarde noche";"3281";"Squat (Barbell)";"4";"70.30676";"5";"";"";"";"";""
"119";"2025-05-27 21:20:15";"Entrenamiento por la tarde noche";"3281";"Squat (Barbell)";"Rest Timer";"";"";"";"";"110.0";"";""
"119";"2025-05-27 21:20:15";"Entrenamiento por la tarde noche";"3281";"Lunge (Dumbbell)";"1";"13.6077711";"6";"";"";"";"";""
"119";"2025-05-27 21:20:15";"Entrenamiento por la tarde noche";"3281";"Lunge (Dumbbell)";"Rest Timer";"";"";"";"";"110.0";"";""
"119";"2025-05-27 21:20:15";"Entrenamiento por la tarde noche";"3281";"Lunge (Dumbbell)";"2";"13.6077711";"6";"";"";"";"";""
"119";"2025-05-27 21:20:15";"Entrenamiento por la tarde noche";"3281";"Lunge (Dumbbell)";"Rest Timer";"";"";"";"";"110.0";"";""
"119";"2025-05-27 21:20:15";"Entrenamiento por la tarde noche";"3281";"Lunge (Dumbbell)";"3";"13.6077711";"6";"";"";"";"";""
"119";"2025-05-27 21:20:15";"Entrenamiento por la tarde noche";"3281";"Lunge (Dumbbell)";"Rest Timer";"";"";"";"";"110.0";"";""
"119";"2025-05-27 21:20:15";"Entrenamiento por la tarde noche";"3281";"Lunge (Dumbbell)";"4";"13.6077711";"6";"";"";"";"";""
"119";"2025-05-27 21:20:15";"Entrenamiento por la tarde noche";"3281";"Lunge (Dumbbell)";"Rest Timer";"";"";"";"";"110.0";"";""
"119";"2025-05-27 21:20:15";"Entrenamiento por la tarde noche";"3281";"Leg Extension (Machine)";"1";"54.884631999999996";"10";"";"";"";"";""
"119";"2025-05-27 21:20:15";"Entrenamiento por la tarde noche";"3281";"Leg Extension (Machine)";"Rest Timer";"";"";"";"";"120.0";"";""
"119";"2025-05-27 21:20:15";"Entrenamiento por la tarde noche";"3281";"Leg Extension (Machine)";"2";"54.884631999999996";"11";"";"";"";"";""
"119";"2025-05-27 21:20:15";"Entrenamiento por la tarde noche";"3281";"Leg Extension (Machine)";"Rest Timer";"";"";"";"";"120.0";"";""
"119";"2025-05-27 21:20:15";"Entrenamiento por la tarde noche";"3281";"Leg Extension (Machine)";"3";"54.884631999999996";"10";"";"";"";"";""
"119";"2025-05-27 21:20:15";"Entrenamiento por la tarde noche";"3281";"Leg Extension (Machine)";"Rest Timer";"";"";"";"";"120.0";"";""
"119";"2025-05-27 21:20:15";"Entrenamiento por la tarde noche";"3281";"Leg Extension (Machine)";"4";"54.884631999999996";"10";"";"";"";"";""
"119";"2025-05-27 21:20:15";"Entrenamiento por la tarde noche";"3281";"Leg Extension (Machine)";"Rest Timer";"";"";"";"";"120.0";"";""
"119";"2025-05-27 21:20:15";"Entrenamiento por la tarde noche";"3281";"Seated Leg Curl (Machine)";"1";"45.3592";"12";"";"";"";"";""
"119";"2025-05-27 21:20:15";"Entrenamiento por la tarde noche";"3281";"Seated Leg Curl (Machine)";"Rest Timer";"";"";"";"";"120.0";"";""
"119";"2025-05-27 21:20:15";"Entrenamiento por la tarde noche";"3281";"Seated Leg Curl (Machine)";"2";"52.16308";"9";"";"";"";"";""
"119";"2025-05-27 21:20:15";"Entrenamiento por la tarde noche";"3281";"Seated Leg Curl (Machine)";"Rest Timer";"";"";"";"";"120.0";"";""
"119";"2025-05-27 21:20:15";"Entrenamiento por la tarde noche";"3281";"Seated Leg Curl (Machine)";"3";"52.16308";"10";"";"";"";"";""
"119";"2025-05-27 21:20:15";"Entrenamiento por la tarde noche";"3281";"Seated Leg Curl (Machine)";"Rest Timer";"";"";"";"";"120.0";"";""
"119";"2025-05-27 21:20:15";"Entrenamiento por la tarde noche";"3281";"Seated Leg Curl (Machine)";"4";"52.16308";"10";"";"";"";"";""
"119";"2025-05-27 21:20:15";"Entrenamiento por la tarde noche";"3281";"Seated Leg Curl (Machine)";"Rest Timer";"";"";"";"";"120.0";"";""
"120";"2025-05-29 20:37:40";"Entrenamiento por la tarde noche";"3383";"Pull Up";"1";"0.0";"9";"";"";"";"";""
"120";"2025-05-29 20:37:40";"Entrenamiento por la tarde noche";"3383";"Pull Up";"Rest Timer";"";"";"";"";"110.0";"";""
"120";"2025-05-29 20:37:40";"Entrenamiento por la tarde noche";"3383";"Pull Up";"2";"0.0";"7";"";"";"";"";""
"120";"2025-05-29 20:37:40";"Entrenamiento por la tarde noche";"3383";"Pull Up";"Rest Timer";"";"";"";"";"110.0";"";""
"120";"2025-05-29 20:37:40";"Entrenamiento por la tarde noche";"3383";"Pull Up";"3";"0.0";"6";"";"";"";"";""
"120";"2025-05-29 20:37:40";"Entrenamiento por la tarde noche";"3383";"Pull Up";"Rest Timer";"";"";"";"";"110.0";"";""
"120";"2025-05-29 20:37:40";"Entrenamiento por la tarde noche";"3383";"Pull Up";"4";"0.0";"4";"";"";"";"";""
"120";"2025-05-29 20:37:40";"Entrenamiento por la tarde noche";"3383";"Pull Up";"Rest Timer";"";"";"";"";"110.0";"";""
"120";"2025-05-29 20:37:40";"Entrenamiento por la tarde noche";"3383";"Toes To Bar";"1";"";"9";"";"";"";"";""
"120";"2025-05-29 20:37:40";"Entrenamiento por la tarde noche";"3383";"Toes To Bar";"Rest Timer";"";"";"";"";"110.0";"";""
"120";"2025-05-29 20:37:40";"Entrenamiento por la tarde noche";"3383";"Toes To Bar";"2";"";"9";"";"";"";"";""
"120";"2025-05-29 20:37:40";"Entrenamiento por la tarde noche";"3383";"Toes To Bar";"Rest Timer";"";"";"";"";"110.0";"";""
"120";"2025-05-29 20:37:40";"Entrenamiento por la tarde noche";"3383";"Toes To Bar";"3";"";"9";"";"";"";"";""
"120";"2025-05-29 20:37:40";"Entrenamiento por la tarde noche";"3383";"Toes To Bar";"Rest Timer";"";"";"";"";"110.0";"";""
"120";"2025-05-29 20:37:40";"Entrenamiento por la tarde noche";"3383";"Toes To Bar";"4";"";"5";"";"";"";"";""
"120";"2025-05-29 20:37:40";"Entrenamiento por la tarde noche";"3383";"Toes To Bar";"Rest Timer";"";"";"";"";"110.0";"";""
"120";"2025-05-29 20:37:40";"Entrenamiento por la tarde noche";"3383";"Triceps Extension (Cable)";"1";"19.958047999999998";"12";"";"";"";"";""
"120";"2025-05-29 20:37:40";"Entrenamiento por la tarde noche";"3383";"Triceps Extension (Cable)";"Rest Timer";"";"";"";"";"110.0";"";""
"120";"2025-05-29 20:37:40";"Entrenamiento por la tarde noche";"3383";"Triceps Extension (Cable)";"2";"19.958047999999998";"12";"";"";"";"";""
"120";"2025-05-29 20:37:40";"Entrenamiento por la tarde noche";"3383";"Triceps Extension (Cable)";"Rest Timer";"";"";"";"";"110.0";"";""
"120";"2025-05-29 20:37:40";"Entrenamiento por la tarde noche";"3383";"Triceps Extension (Cable)";"3";"19.958047999999998";"12";"";"";"";"";""
"120";"2025-05-29 20:37:40";"Entrenamiento por la tarde noche";"3383";"Triceps Extension (Cable)";"Rest Timer";"";"";"";"";"110.0";"";""
"120";"2025-05-29 20:37:40";"Entrenamiento por la tarde noche";"3383";"Triceps Extension (Cable)";"4";"19.958047999999998";"12";"";"";"";"";""
"120";"2025-05-29 20:37:40";"Entrenamiento por la tarde noche";"3383";"Triceps Extension (Cable)";"Rest Timer";"";"";"";"";"110.0";"";""
"120";"2025-05-29 20:37:40";"Entrenamiento por la tarde noche";"3383";"Seated Row (Cable)";"1";"64.863656";"6";"";"";"";"";""
"120";"2025-05-29 20:37:40";"Entrenamiento por la tarde noche";"3383";"Seated Row (Cable)";"Rest Timer";"";"";"";"";"110.0";"";""
"120";"2025-05-29 20:37:40";"Entrenamiento por la tarde noche";"3383";"Seated Row (Cable)";"2";"54.884631999999996";"10";"";"";"";"";""
"120";"2025-05-29 20:37:40";"Entrenamiento por la tarde noche";"3383";"Seated Row (Cable)";"Rest Timer";"";"";"";"";"110.0";"";""
"120";"2025-05-29 20:37:40";"Entrenamiento por la tarde noche";"3383";"Seated Row (Cable)";"3";"54.884631999999996";"10";"";"";"";"";""
"120";"2025-05-29 20:37:40";"Entrenamiento por la tarde noche";"3383";"Seated Row (Cable)";"Rest Timer";"";"";"";"";"110.0";"";""
"120";"2025-05-29 20:37:40";"Entrenamiento por la tarde noche";"3383";"Seated Row (Cable)";"4";"54.884631999999996";"10";"";"";"";"";""
"120";"2025-05-29 20:37:40";"Entrenamiento por la tarde noche";"3383";"Seated Row (Cable)";"Rest Timer";"";"";"";"";"110.0";"";""
"121";"2025-05-30 19:19:13";"Entrenamiento por la tarde noche";"2053";"Chest Dip";"1";"0.0";"15";"";"";"";"";""
"121";"2025-05-30 19:19:13";"Entrenamiento por la tarde noche";"2053";"Chest Dip";"Rest Timer";"";"";"";"";"110.0";"";""
"121";"2025-05-30 19:19:13";"Entrenamiento por la tarde noche";"2053";"Chest Dip";"2";"0.0";"13";"";"";"";"";""
"121";"2025-05-30 19:19:13";"Entrenamiento por la tarde noche";"2053";"Chest Dip";"Rest Timer";"";"";"";"";"110.0";"";""
"121";"2025-05-30 19:19:13";"Entrenamiento por la tarde noche";"2053";"Chest Dip";"3";"0.0";"12";"";"";"";"";""
"121";"2025-05-30 19:19:13";"Entrenamiento por la tarde noche";"2053";"Chest Dip";"Rest Timer";"";"";"";"";"110.0";"";""
"121";"2025-05-30 19:19:13";"Entrenamiento por la tarde noche";"2053";"Chest Dip";"4";"0.0";"11";"";"";"";"";""
"121";"2025-05-30 19:19:13";"Entrenamiento por la tarde noche";"2053";"Chest Dip";"Rest Timer";"";"";"";"";"110.0";"";""
"121";"2025-05-30 19:19:13";"Entrenamiento por la tarde noche";"2053";"Bicep Curl (Barbell)";"1";"31.75144";"8";"";"";"";"";""
"121";"2025-05-30 19:19:13";"Entrenamiento por la tarde noche";"2053";"Bicep Curl (Barbell)";"Rest Timer";"";"";"";"";"110.0";"";""
"121";"2025-05-30 19:19:13";"Entrenamiento por la tarde noche";"2053";"Bicep Curl (Barbell)";"2";"31.75144";"7";"";"";"";"";""
"121";"2025-05-30 19:19:13";"Entrenamiento por la tarde noche";"2053";"Bicep Curl (Barbell)";"Rest Timer";"";"";"";"";"110.0";"";""
"121";"2025-05-30 19:19:13";"Entrenamiento por la tarde noche";"2053";"Bicep Curl (Barbell)";"3";"31.75144";"7";"";"";"";"";""
"121";"2025-05-30 19:19:13";"Entrenamiento por la tarde noche";"2053";"Bicep Curl (Barbell)";"Rest Timer";"";"";"";"";"110.0";"";""
"121";"2025-05-30 19:19:13";"Entrenamiento por la tarde noche";"2053";"Bicep Curl (Barbell)";"4";"27.215519999999998";"8";"";"";"";"";""
"121";"2025-05-30 19:19:13";"Entrenamiento por la tarde noche";"2053";"Bicep Curl (Barbell)";"Rest Timer";"";"";"";"";"110.0";"";""
"121";"2025-05-30 19:19:13";"Entrenamiento por la tarde noche";"2053";"Steering Wheel";"1";"11.3398";"18";"";"";"";"";""
"121";"2025-05-30 19:19:13";"Entrenamiento por la tarde noche";"2053";"Steering Wheel";"Rest Timer";"";"";"";"";"120.0";"";""
"121";"2025-05-30 19:19:13";"Entrenamiento por la tarde noche";"2053";"Steering Wheel";"2";"11.3398";"18";"";"";"";"";""
"121";"2025-05-30 19:19:13";"Entrenamiento por la tarde noche";"2053";"Steering Wheel";"Rest Timer";"";"";"";"";"120.0";"";""
"121";"2025-05-30 19:19:13";"Entrenamiento por la tarde noche";"2053";"Steering Wheel";"3";"11.3398";"18";"";"";"";"";""
"121";"2025-05-30 19:19:13";"Entrenamiento por la tarde noche";"2053";"Steering Wheel";"Rest Timer";"";"";"";"";"120.0";"";""
"121";"2025-05-30 19:19:13";"Entrenamiento por la tarde noche";"2053";"Steering Wheel";"4";"11.3398";"18";"";"";"";"";""
"121";"2025-05-30 19:19:13";"Entrenamiento por la tarde noche";"2053";"Steering Wheel";"Rest Timer";"";"";"";"";"120.0";"";""
"121";"2025-05-30 19:19:13";"Entrenamiento por la tarde noche";"2053";"Shrug (Dumbbell)";"1";"22.6796";"10";"";"";"";"";""
"121";"2025-05-30 19:19:13";"Entrenamiento por la tarde noche";"2053";"Shrug (Dumbbell)";"Rest Timer";"";"";"";"";"120.0";"";""
"121";"2025-05-30 19:19:13";"Entrenamiento por la tarde noche";"2053";"Shrug (Dumbbell)";"2";"22.6796";"12";"";"";"";"";""
"121";"2025-05-30 19:19:13";"Entrenamiento por la tarde noche";"2053";"Shrug (Dumbbell)";"Rest Timer";"";"";"";"";"120.0";"";""
"121";"2025-05-30 19:19:13";"Entrenamiento por la tarde noche";"2053";"Shrug (Dumbbell)";"3";"22.6796";"14";"";"";"";"";""
"121";"2025-05-30 19:19:13";"Entrenamiento por la tarde noche";"2053";"Shrug (Dumbbell)";"Rest Timer";"";"";"";"";"120.0";"";""
"121";"2025-05-30 19:19:13";"Entrenamiento por la tarde noche";"2053";"Shrug (Dumbbell)";"4";"22.6796";"12";"";"";"";"";""
"121";"2025-05-30 19:19:13";"Entrenamiento por la tarde noche";"2053";"Shrug (Dumbbell)";"Rest Timer";"";"";"";"";"120.0";"";""
"122";"2025-05-31 13:56:24";"Entrenamiento de mediodía";"3423";"Face Pull (Cable)";"1";"22.452804";"12";"";"";"";"";""
"122";"2025-05-31 13:56:24";"Entrenamiento de mediodía";"3423";"Face Pull (Cable)";"Rest Timer";"";"";"";"";"110.0";"";""
"122";"2025-05-31 13:56:24";"Entrenamiento de mediodía";"3423";"Face Pull (Cable)";"2";"22.452804";"12";"";"";"";"";""
"122";"2025-05-31 13:56:24";"Entrenamiento de mediodía";"3423";"Face Pull (Cable)";"Rest Timer";"";"";"";"";"110.0";"";""
"122";"2025-05-31 13:56:24";"Entrenamiento de mediodía";"3423";"Face Pull (Cable)";"3";"22.452804";"12";"";"";"";"";""
"122";"2025-05-31 13:56:24";"Entrenamiento de mediodía";"3423";"Face Pull (Cable)";"Rest Timer";"";"";"";"";"110.0";"";""
"122";"2025-05-31 13:56:24";"Entrenamiento de mediodía";"3423";"Face Pull (Cable)";"4";"22.452804";"12";"";"";"";"";""
"122";"2025-05-31 13:56:24";"Entrenamiento de mediodía";"3423";"Face Pull (Cable)";"Rest Timer";"";"";"";"";"110.0";"";""
"122";"2025-05-31 13:56:24";"Entrenamiento de mediodía";"3423";"Triceps Extension";"1";"22.452804";"12";"";"";"";"";""
"122";"2025-05-31 13:56:24";"Entrenamiento de mediodía";"3423";"Triceps Extension";"Rest Timer";"";"";"";"";"110.0";"";""
"122";"2025-05-31 13:56:24";"Entrenamiento de mediodía";"3423";"Triceps Extension";"2";"22.452804";"12";"";"";"";"";""
"122";"2025-05-31 13:56:24";"Entrenamiento de mediodía";"3423";"Triceps Extension";"Rest Timer";"";"";"";"";"110.0";"";""
"122";"2025-05-31 13:56:24";"Entrenamiento de mediodía";"3423";"Triceps Extension";"3";"22.452804";"12";"";"";"";"";""
"122";"2025-05-31 13:56:24";"Entrenamiento de mediodía";"3423";"Triceps Extension";"Rest Timer";"";"";"";"";"110.0";"";""
"122";"2025-05-31 13:56:24";"Entrenamiento de mediodía";"3423";"Triceps Extension";"4";"19.958047999999998";"12";"";"";"";"";""
"122";"2025-05-31 13:56:24";"Entrenamiento de mediodía";"3423";"Triceps Extension";"Rest Timer";"";"";"";"";"110.0";"";""
"122";"2025-05-31 13:56:24";"Entrenamiento de mediodía";"3423";"Straight Pulldown ";"1";"29.937072";"12";"";"";"";"";""
"122";"2025-05-31 13:56:24";"Entrenamiento de mediodía";"3423";"Straight Pulldown ";"Rest Timer";"";"";"";"";"110.0";"";""
"122";"2025-05-31 13:56:24";"Entrenamiento de mediodía";"3423";"Straight Pulldown ";"2";"29.937072";"12";"";"";"";"";""
"122";"2025-05-31 13:56:24";"Entrenamiento de mediodía";"3423";"Straight Pulldown ";"Rest Timer";"";"";"";"";"110.0";"";""
"122";"2025-05-31 13:56:24";"Entrenamiento de mediodía";"3423";"Straight Pulldown ";"3";"29.937072";"10";"";"";"";"";""
"122";"2025-05-31 13:56:24";"Entrenamiento de mediodía";"3423";"Straight Pulldown ";"Rest Timer";"";"";"";"";"110.0";"";""
"122";"2025-05-31 13:56:24";"Entrenamiento de mediodía";"3423";"Straight Pulldown ";"4";"29.937072";"10";"";"";"";"";""
"122";"2025-05-31 13:56:24";"Entrenamiento de mediodía";"3423";"Straight Pulldown ";"Rest Timer";"";"";"";"";"110.0";"";""
"122";"2025-05-31 13:56:24";"Entrenamiento de mediodía";"3423";"Cable Twist";"1";"19.958047999999998";"10";"";"";"";"";""
"122";"2025-05-31 13:56:24";"Entrenamiento de mediodía";"3423";"Cable Twist";"Rest Timer";"";"";"";"";"120.0";"";""
"122";"2025-05-31 13:56:24";"Entrenamiento de mediodía";"3423";"Cable Twist";"2";"19.958047999999998";"12";"";"";"";"";""
"122";"2025-05-31 13:56:24";"Entrenamiento de mediodía";"3423";"Cable Twist";"Rest Timer";"";"";"";"";"120.0";"";""
"122";"2025-05-31 13:56:24";"Entrenamiento de mediodía";"3423";"Cable Twist";"3";"19.958047999999998";"10";"";"";"";"";""
"122";"2025-05-31 13:56:24";"Entrenamiento de mediodía";"3423";"Cable Twist";"Rest Timer";"";"";"";"";"120.0";"";""
"122";"2025-05-31 13:56:24";"Entrenamiento de mediodía";"3423";"Cable Twist";"4";"19.958047999999998";"10";"";"";"";"";""
"122";"2025-05-31 13:56:24";"Entrenamiento de mediodía";"3423";"Cable Twist";"Rest Timer";"";"";"";"";"120.0";"";""
"122";"2025-05-31 13:56:24";"Entrenamiento de mediodía";"3423";"Cable Crunch";"1";"37.42134";"14";"";"";"";"";""
"122";"2025-05-31 13:56:24";"Entrenamiento de mediodía";"3423";"Cable Crunch";"Rest Timer";"";"";"";"";"120.0";"";""
"122";"2025-05-31 13:56:24";"Entrenamiento de mediodía";"3423";"Cable Crunch";"2";"37.42134";"8";"";"";"";"";""
"122";"2025-05-31 13:56:24";"Entrenamiento de mediodía";"3423";"Cable Crunch";"Rest Timer";"";"";"";"";"120.0";"";""
"122";"2025-05-31 13:56:24";"Entrenamiento de mediodía";"3423";"Toes To Bar";"1";"";"8";"";"";"";"";""
"122";"2025-05-31 13:56:24";"Entrenamiento de mediodía";"3423";"Toes To Bar";"Rest Timer";"";"";"";"";"110.0";"";""
"122";"2025-05-31 13:56:24";"Entrenamiento de mediodía";"3423";"Toes To Bar";"2";"";"6";"";"";"";"";""
"122";"2025-05-31 13:56:24";"Entrenamiento de mediodía";"3423";"Toes To Bar";"Rest Timer";"";"";"";"";"110.0";"";""
"123";"2025-06-01 16:06:36";"Entrenamiento por la tarde noche";"1928";"Stretching";"1";"";"";"";"";"240.0";"";""
"123";"2025-06-01 16:06:36";"Entrenamiento por la tarde noche";"1928";"Stretching";"Rest Timer";"";"";"";"";"120.0";"";""
"123";"2025-06-01 16:06:36";"Entrenamiento por la tarde noche";"1928";"Stretching";"2";"";"";"";"";"240.0";"";""
"123";"2025-06-01 16:06:36";"Entrenamiento por la tarde noche";"1928";"Stretching";"Rest Timer";"";"";"";"";"120.0";"";""
"123";"2025-06-01 16:06:36";"Entrenamiento por la tarde noche";"1928";"Stretching";"3";"";"";"";"";"240.0";"";""
"123";"2025-06-01 16:06:36";"Entrenamiento por la tarde noche";"1928";"Stretching";"Rest Timer";"";"";"";"";"120.0";"";""
"123";"2025-06-01 16:06:36";"Entrenamiento por la tarde noche";"1928";"Stretching";"4";"";"";"";"";"240.0";"";""
"123";"2025-06-01 16:06:36";"Entrenamiento por la tarde noche";"1928";"Stretching";"Rest Timer";"";"";"";"";"120.0";"";""
"123";"2025-06-01 16:06:36";"Entrenamiento por la tarde noche";"1928";"Mobility Training";"1";"";"";"";"";"240.0";"";""
"123";"2025-06-01 16:06:36";"Entrenamiento por la tarde noche";"1928";"Mobility Training";"Rest Timer";"";"";"";"";"120.0";"";""
"123";"2025-06-01 16:06:36";"Entrenamiento por la tarde noche";"1928";"Mobility Training";"2";"";"";"";"";"240.0";"";""
"123";"2025-06-01 16:06:36";"Entrenamiento por la tarde noche";"1928";"Mobility Training";"Rest Timer";"";"";"";"";"120.0";"";""
"123";"2025-06-01 16:06:36";"Entrenamiento por la tarde noche";"1928";"Mobility Training";"3";"";"";"";"";"240.0";"";""
"123";"2025-06-01 16:06:36";"Entrenamiento por la tarde noche";"1928";"Mobility Training";"Rest Timer";"";"";"";"";"120.0";"";""
"123";"2025-06-01 16:06:36";"Entrenamiento por la tarde noche";"1928";"Mobility Training";"4";"";"";"";"";"240.0";"";""
"123";"2025-06-01 16:06:36";"Entrenamiento por la tarde noche";"1928";"Mobility Training";"Rest Timer";"";"";"";"";"120.0";"";""
"124";"2025-06-02 22:35:20";"Entrenamiento por la tarde noche";"1868";"Mobility Training";"1";"";"";"";"";"300.0";"";""
"124";"2025-06-02 22:35:20";"Entrenamiento por la tarde noche";"1868";"Mobility Training";"Rest Timer";"";"";"";"";"120.0";"";""
"124";"2025-06-02 22:35:20";"Entrenamiento por la tarde noche";"1868";"Mobility Training";"2";"";"";"";"";"300.0";"";""
"124";"2025-06-02 22:35:20";"Entrenamiento por la tarde noche";"1868";"Mobility Training";"Rest Timer";"";"";"";"";"120.0";"";""
"124";"2025-06-02 22:35:20";"Entrenamiento por la tarde noche";"1868";"Mobility Training";"3";"";"";"";"";"300.0";"";""
"124";"2025-06-02 22:35:20";"Entrenamiento por la tarde noche";"1868";"Mobility Training";"Rest Timer";"";"";"";"";"120.0";"";""
"124";"2025-06-02 22:35:20";"Entrenamiento por la tarde noche";"1868";"Stretching";"1";"";"";"";"";"300.0";"";""
"124";"2025-06-02 22:35:20";"Entrenamiento por la tarde noche";"1868";"Stretching";"Rest Timer";"";"";"";"";"120.0";"";""
"124";"2025-06-02 22:35:20";"Entrenamiento por la tarde noche";"1868";"Stretching";"2";"";"";"";"";"300.0";"";""
"124";"2025-06-02 22:35:20";"Entrenamiento por la tarde noche";"1868";"Stretching";"Rest Timer";"";"";"";"";"120.0";"";""
"124";"2025-06-02 22:35:20";"Entrenamiento por la tarde noche";"1868";"Stretching";"3";"";"";"";"";"300.0";"";""
"124";"2025-06-02 22:35:20";"Entrenamiento por la tarde noche";"1868";"Stretching";"Rest Timer";"";"";"";"";"120.0";"";""
"125";"2025-06-03 20:19:59";"Entrenamiento por la tarde noche";"2464";"Bench Press (Barbell)";"1";"74.84268";"12";"";"";"";"";""
"125";"2025-06-03 20:19:59";"Entrenamiento por la tarde noche";"2464";"Bench Press (Barbell)";"Rest Timer";"";"";"";"";"110.0";"";""
"125";"2025-06-03 20:19:59";"Entrenamiento por la tarde noche";"2464";"Bench Press (Barbell)";"2";"74.84268";"10";"";"";"";"";""
"125";"2025-06-03 20:19:59";"Entrenamiento por la tarde noche";"2464";"Bench Press (Barbell)";"Rest Timer";"";"";"";"";"110.0";"";""
"125";"2025-06-03 20:19:59";"Entrenamiento por la tarde noche";"2464";"Bench Press (Barbell)";"3";"74.84268";"9";"";"";"";"";""
"125";"2025-06-03 20:19:59";"Entrenamiento por la tarde noche";"2464";"Bench Press (Barbell)";"Rest Timer";"";"";"";"";"110.0";"";""
"125";"2025-06-03 20:19:59";"Entrenamiento por la tarde noche";"2464";"Bench Press (Barbell)";"4";"74.84268";"8";"";"";"";"";""
"125";"2025-06-03 20:19:59";"Entrenamiento por la tarde noche";"2464";"Bench Press (Barbell)";"Rest Timer";"";"";"";"";"110.0";"";""
"125";"2025-06-03 20:19:59";"Entrenamiento por la tarde noche";"2464";"Bicep Curl (Barbell)";"1";"27.215519999999998";"13";"";"";"";"";""
"125";"2025-06-03 20:19:59";"Entrenamiento por la tarde noche";"2464";"Bicep Curl (Barbell)";"Rest Timer";"";"";"";"";"110.0";"";""
"125";"2025-06-03 20:19:59";"Entrenamiento por la tarde noche";"2464";"Bicep Curl (Barbell)";"2";"27.215519999999998";"10";"";"";"";"";""
"125";"2025-06-03 20:19:59";"Entrenamiento por la tarde noche";"2464";"Bicep Curl (Barbell)";"Rest Timer";"";"";"";"";"110.0";"";""
"125";"2025-06-03 20:19:59";"Entrenamiento por la tarde noche";"2464";"Bicep Curl (Barbell)";"3";"27.215519999999998";"10";"";"";"";"";""
"125";"2025-06-03 20:19:59";"Entrenamiento por la tarde noche";"2464";"Bicep Curl (Barbell)";"Rest Timer";"";"";"";"";"110.0";"";""
"125";"2025-06-03 20:19:59";"Entrenamiento por la tarde noche";"2464";"Bicep Curl (Barbell)";"4";"27.215519999999998";"8";"";"";"";"";""
"125";"2025-06-03 20:19:59";"Entrenamiento por la tarde noche";"2464";"Bicep Curl (Barbell)";"Rest Timer";"";"";"";"";"110.0";"";""
"125";"2025-06-03 20:19:59";"Entrenamiento por la tarde noche";"2464";"Triceps Extension (Dumbbell)";"1";"22.6796";"12";"";"";"";"";""
"125";"2025-06-03 20:19:59";"Entrenamiento por la tarde noche";"2464";"Triceps Extension (Dumbbell)";"Rest Timer";"";"";"";"";"110.0";"";""
"125";"2025-06-03 20:19:59";"Entrenamiento por la tarde noche";"2464";"Triceps Extension (Dumbbell)";"2";"22.6796";"15";"";"";"";"";""
"125";"2025-06-03 20:19:59";"Entrenamiento por la tarde noche";"2464";"Triceps Extension (Dumbbell)";"Rest Timer";"";"";"";"";"110.0";"";""
"125";"2025-06-03 20:19:59";"Entrenamiento por la tarde noche";"2464";"Triceps Extension (Dumbbell)";"3";"22.6796";"12";"";"";"";"";""
"125";"2025-06-03 20:19:59";"Entrenamiento por la tarde noche";"2464";"Triceps Extension (Dumbbell)";"Rest Timer";"";"";"";"";"110.0";"";""
"125";"2025-06-03 20:19:59";"Entrenamiento por la tarde noche";"2464";"Triceps Extension (Dumbbell)";"4";"22.6796";"10";"";"";"";"";""
"125";"2025-06-03 20:19:59";"Entrenamiento por la tarde noche";"2464";"Triceps Extension (Dumbbell)";"Rest Timer";"";"";"";"";"110.0";"";""
"126";"2025-06-09 16:50:57";"Entrenamiento por la tarde";"3181";"Bench Press (Barbell)";"1";"79.3786";"10";"";"";"";"";""
"126";"2025-06-09 16:50:57";"Entrenamiento por la tarde";"3181";"Bench Press (Barbell)";"Rest Timer";"";"";"";"";"110.0";"";""
"126";"2025-06-09 16:50:57";"Entrenamiento por la tarde";"3181";"Bench Press (Barbell)";"2";"79.3786";"9";"";"";"";"";""
"126";"2025-06-09 16:50:57";"Entrenamiento por la tarde";"3181";"Bench Press (Barbell)";"Rest Timer";"";"";"";"";"110.0";"";""
"126";"2025-06-09 16:50:57";"Entrenamiento por la tarde";"3181";"Bench Press (Barbell)";"3";"79.3786";"8";"";"";"";"";""
"126";"2025-06-09 16:50:57";"Entrenamiento por la tarde";"3181";"Bench Press (Barbell)";"Rest Timer";"";"";"";"";"110.0";"";""
"126";"2025-06-09 16:50:57";"Entrenamiento por la tarde";"3181";"Bench Press (Barbell)";"4";"79.3786";"7";"";"";"";"";""
"126";"2025-06-09 16:50:57";"Entrenamiento por la tarde";"3181";"Bench Press (Barbell)";"Rest Timer";"";"";"";"";"110.0";"";""
"126";"2025-06-09 16:50:57";"Entrenamiento por la tarde";"3181";"Bicep Curl (Barbell)";"1";"31.75144";"7";"";"";"";"";""
"126";"2025-06-09 16:50:57";"Entrenamiento por la tarde";"3181";"Bicep Curl (Barbell)";"Rest Timer";"";"";"";"";"110.0";"";""
"126";"2025-06-09 16:50:57";"Entrenamiento por la tarde";"3181";"Bicep Curl (Barbell)";"2";"31.75144";"7";"";"";"";"";""
"126";"2025-06-09 16:50:57";"Entrenamiento por la tarde";"3181";"Bicep Curl (Barbell)";"Rest Timer";"";"";"";"";"110.0";"";""
"126";"2025-06-09 16:50:57";"Entrenamiento por la tarde";"3181";"Bicep Curl (Barbell)";"3";"31.75144";"7";"";"";"";"";""
"126";"2025-06-09 16:50:57";"Entrenamiento por la tarde";"3181";"Bicep Curl (Barbell)";"Rest Timer";"";"";"";"";"110.0";"";""
"126";"2025-06-09 16:50:57";"Entrenamiento por la tarde";"3181";"Bicep Curl (Barbell)";"4";"31.75144";"6";"";"";"";"";""
"126";"2025-06-09 16:50:57";"Entrenamiento por la tarde";"3181";"Bicep Curl (Barbell)";"Rest Timer";"";"";"";"";"110.0";"";""
"126";"2025-06-09 16:50:57";"Entrenamiento por la tarde";"3181";"Cable Crossover";"1";"14.968536";"12";"";"";"";"";""
"126";"2025-06-09 16:50:57";"Entrenamiento por la tarde";"3181";"Cable Crossover";"Rest Timer";"";"";"";"";"110.0";"";""
"126";"2025-06-09 16:50:57";"Entrenamiento por la tarde";"3181";"Cable Crossover";"2";"14.968536";"10";"";"";"";"";""
"126";"2025-06-09 16:50:57";"Entrenamiento por la tarde";"3181";"Cable Crossover";"Rest Timer";"";"";"";"";"110.0";"";""
"126";"2025-06-09 16:50:57";"Entrenamiento por la tarde";"3181";"Cable Crossover";"3";"14.968536";"7";"";"";"";"";""
"126";"2025-06-09 16:50:57";"Entrenamiento por la tarde";"3181";"Cable Crossover";"Rest Timer";"";"";"";"";"110.0";"";""
"126";"2025-06-09 16:50:57";"Entrenamiento por la tarde";"3181";"Cable Crossover";"4";"12.47378";"10";"";"";"";"";""
"126";"2025-06-09 16:50:57";"Entrenamiento por la tarde";"3181";"Cable Crossover";"Rest Timer";"";"";"";"";"110.0";"";""
"126";"2025-06-09 16:50:57";"Entrenamiento por la tarde";"3181";"Incline Curl (Cable)";"1";"7.484268";"12";"";"";"";"";""
"126";"2025-06-09 16:50:57";"Entrenamiento por la tarde";"3181";"Incline Curl (Cable)";"Rest Timer";"";"";"";"";"120.0";"";""
"126";"2025-06-09 16:50:57";"Entrenamiento por la tarde";"3181";"Incline Curl (Cable)";"2";"7.484268";"12";"";"";"";"";""
"126";"2025-06-09 16:50:57";"Entrenamiento por la tarde";"3181";"Incline Curl (Cable)";"Rest Timer";"";"";"";"";"120.0";"";""
"126";"2025-06-09 16:50:57";"Entrenamiento por la tarde";"3181";"Incline Curl (Cable)";"3";"7.484268";"9";"";"";"";"";""
"126";"2025-06-09 16:50:57";"Entrenamiento por la tarde";"3181";"Incline Curl (Cable)";"Rest Timer";"";"";"";"";"120.0";"";""
"126";"2025-06-09 16:50:57";"Entrenamiento por la tarde";"3181";"Incline Curl (Cable)";"4";"7.484268";"9";"";"";"";"";""
"126";"2025-06-09 16:50:57";"Entrenamiento por la tarde";"3181";"Incline Curl (Cable)";"Rest Timer";"";"";"";"";"120.0";"";""
"127";"2025-06-10 22:16:04";"Entrenamiento de medianoche";"1905";"Stretching";"1";"";"";"";"";"480.0";"";""
"127";"2025-06-10 22:16:04";"Entrenamiento de medianoche";"1905";"Stretching";"Rest Timer";"";"";"";"";"120.0";"";""
"127";"2025-06-10 22:16:04";"Entrenamiento de medianoche";"1905";"Stretching";"2";"";"";"";"";"480.0";"";""
"127";"2025-06-10 22:16:04";"Entrenamiento de medianoche";"1905";"Stretching";"Rest Timer";"";"";"";"";"120.0";"";""
"127";"2025-06-10 22:16:04";"Entrenamiento de medianoche";"1905";"Stretching";"3";"";"";"";"";"480.0";"";""
"127";"2025-06-10 22:16:04";"Entrenamiento de medianoche";"1905";"Stretching";"Rest Timer";"";"";"";"";"120.0";"";""
"127";"2025-06-10 22:16:04";"Entrenamiento de medianoche";"1905";"Stretching";"4";"";"";"";"";"480.0";"";""
"127";"2025-06-10 22:16:04";"Entrenamiento de medianoche";"1905";"Stretching";"Rest Timer";"";"";"";"";"120.0";"";""
"128";"2025-06-11 21:06:36";"Entrenamiento por la tarde noche";"3017";"Overhead Press (Barbell)";"1";"43.09127515";"9";"";"";"";"";""
"128";"2025-06-11 21:06:36";"Entrenamiento por la tarde noche";"3017";"Overhead Press (Barbell)";"Rest Timer";"";"";"";"";"110.0";"";""
"128";"2025-06-11 21:06:36";"Entrenamiento por la tarde noche";"3017";"Overhead Press (Barbell)";"2";"43.09127515";"8";"";"";"";"";""
"128";"2025-06-11 21:06:36";"Entrenamiento por la tarde noche";"3017";"Overhead Press (Barbell)";"Rest Timer";"";"";"";"";"110.0";"";""
"128";"2025-06-11 21:06:36";"Entrenamiento por la tarde noche";"3017";"Overhead Press (Barbell)";"3";"43.09127515";"8";"";"";"";"";""
"128";"2025-06-11 21:06:36";"Entrenamiento por la tarde noche";"3017";"Overhead Press (Barbell)";"Rest Timer";"";"";"";"";"110.0";"";""
"128";"2025-06-11 21:06:36";"Entrenamiento por la tarde noche";"3017";"Overhead Press (Barbell)";"4";"43.09127515";"8";"";"";"";"";""
"128";"2025-06-11 21:06:36";"Entrenamiento por la tarde noche";"3017";"Overhead Press (Barbell)";"Rest Timer";"";"";"";"";"110.0";"";""
"128";"2025-06-11 21:06:36";"Entrenamiento por la tarde noche";"3017";"Lateral Raise (Cable)";"1";"4.9895119999999995";"10";"";"";"";"";""
"128";"2025-06-11 21:06:36";"Entrenamiento por la tarde noche";"3017";"Lateral Raise (Cable)";"Rest Timer";"";"";"";"";"110.0";"";""
"128";"2025-06-11 21:06:36";"Entrenamiento por la tarde noche";"3017";"Lateral Raise (Cable)";"2";"4.9895119999999995";"10";"";"";"";"";""
"128";"2025-06-11 21:06:36";"Entrenamiento por la tarde noche";"3017";"Lateral Raise (Cable)";"Rest Timer";"";"";"";"";"110.0";"";""
"128";"2025-06-11 21:06:36";"Entrenamiento por la tarde noche";"3017";"Lateral Raise (Cable)";"3";"4.9895119999999995";"9";"";"";"";"";""
"128";"2025-06-11 21:06:36";"Entrenamiento por la tarde noche";"3017";"Lateral Raise (Cable)";"Rest Timer";"";"";"";"";"110.0";"";""
"128";"2025-06-11 21:06:36";"Entrenamiento por la tarde noche";"3017";"Lateral Raise (Cable)";"4";"4.9895119999999995";"8";"";"";"";"";""
"128";"2025-06-11 21:06:36";"Entrenamiento por la tarde noche";"3017";"Lateral Raise (Cable)";"Rest Timer";"";"";"";"";"110.0";"";""
"128";"2025-06-11 21:06:36";"Entrenamiento por la tarde noche";"3017";"Front Raise (Cable)";"1";"4.9895119999999995";"8";"";"";"";"";""
"128";"2025-06-11 21:06:36";"Entrenamiento por la tarde noche";"3017";"Front Raise (Cable)";"Rest Timer";"";"";"";"";"110.0";"";""
"128";"2025-06-11 21:06:36";"Entrenamiento por la tarde noche";"3017";"Front Raise (Cable)";"2";"4.9895119999999995";"8";"";"";"";"";""
"128";"2025-06-11 21:06:36";"Entrenamiento por la tarde noche";"3017";"Front Raise (Cable)";"Rest Timer";"";"";"";"";"110.0";"";""
"128";"2025-06-11 21:06:36";"Entrenamiento por la tarde noche";"3017";"Front Raise (Cable)";"3";"4.9895119999999995";"6";"";"";"";"";""
"128";"2025-06-11 21:06:36";"Entrenamiento por la tarde noche";"3017";"Front Raise (Cable)";"Rest Timer";"";"";"";"";"110.0";"";""
"128";"2025-06-11 21:06:36";"Entrenamiento por la tarde noche";"3017";"Front Raise (Cable)";"4";"4.9895119999999995";"6";"";"";"";"";""
"128";"2025-06-11 21:06:36";"Entrenamiento por la tarde noche";"3017";"Front Raise (Cable)";"Rest Timer";"";"";"";"";"110.0";"";""
"129";"2025-06-12 22:33:06";"Entrenamiento por la tarde noche";"1696";"Stretching";"1";"";"";"";"";"480.0";"";""
"129";"2025-06-12 22:33:06";"Entrenamiento por la tarde noche";"1696";"Stretching";"Rest Timer";"";"";"";"";"120.0";"";""
"129";"2025-06-12 22:33:06";"Entrenamiento por la tarde noche";"1696";"Stretching";"2";"";"";"";"";"480.0";"";""
"129";"2025-06-12 22:33:06";"Entrenamiento por la tarde noche";"1696";"Stretching";"Rest Timer";"";"";"";"";"120.0";"";""
"129";"2025-06-12 22:33:06";"Entrenamiento por la tarde noche";"1696";"Stretching";"3";"";"";"";"";"480.0";"";""
"129";"2025-06-12 22:33:06";"Entrenamiento por la tarde noche";"1696";"Stretching";"Rest Timer";"";"";"";"";"120.0";"";""
"129";"2025-06-12 22:33:06";"Entrenamiento por la tarde noche";"1696";"Stretching";"4";"";"";"";"";"480.0";"";""
"129";"2025-06-12 22:33:06";"Entrenamiento por la tarde noche";"1696";"Stretching";"Rest Timer";"";"";"";"";"120.0";"";""
"130";"2025-06-13 18:46:30";"Entrenamiento por la tarde noche";"3241";"Standing Calf Raise (Dumbbell)";"1";"22.6796";"15";"";"";"";"";""
"130";"2025-06-13 18:46:30";"Entrenamiento por la tarde noche";"3241";"Standing Calf Raise (Dumbbell)";"Rest Timer";"";"";"";"";"120.0";"";""
"130";"2025-06-13 18:46:30";"Entrenamiento por la tarde noche";"3241";"Standing Calf Raise (Dumbbell)";"2";"24.94756";"16";"";"";"";"";""
"130";"2025-06-13 18:46:30";"Entrenamiento por la tarde noche";"3241";"Standing Calf Raise (Dumbbell)";"Rest Timer";"";"";"";"";"120.0";"";""
"130";"2025-06-13 18:46:30";"Entrenamiento por la tarde noche";"3241";"Standing Calf Raise (Dumbbell)";"3";"29.48348";"14";"";"";"";"";""
"130";"2025-06-13 18:46:30";"Entrenamiento por la tarde noche";"3241";"Standing Calf Raise (Dumbbell)";"Rest Timer";"";"";"";"";"120.0";"";""
"130";"2025-06-13 18:46:30";"Entrenamiento por la tarde noche";"3241";"Squat (Barbell)";"1";"74.84268";"10";"";"";"";"";""
"130";"2025-06-13 18:46:30";"Entrenamiento por la tarde noche";"3241";"Squat (Barbell)";"Rest Timer";"";"";"";"";"110.0";"";""
"130";"2025-06-13 18:46:30";"Entrenamiento por la tarde noche";"3241";"Squat (Barbell)";"2";"74.84268";"7";"";"";"";"";""
"130";"2025-06-13 18:46:30";"Entrenamiento por la tarde noche";"3241";"Squat (Barbell)";"Rest Timer";"";"";"";"";"110.0";"";""
"130";"2025-06-13 18:46:30";"Entrenamiento por la tarde noche";"3241";"Squat (Barbell)";"3";"72.57472";"6";"";"";"";"";""
"130";"2025-06-13 18:46:30";"Entrenamiento por la tarde noche";"3241";"Squat (Barbell)";"Rest Timer";"";"";"";"";"110.0";"";""
"130";"2025-06-13 18:46:30";"Entrenamiento por la tarde noche";"3241";"Squat (Barbell)";"4";"72.57472";"6";"";"";"";"";""
"130";"2025-06-13 18:46:30";"Entrenamiento por la tarde noche";"3241";"Squat (Barbell)";"Rest Timer";"";"";"";"";"110.0";"";""
"130";"2025-06-13 18:46:30";"Entrenamiento por la tarde noche";"3241";"Standing Calf Raise (Barbell)";"1";"74.84268";"11";"";"";"";"";""
"130";"2025-06-13 18:46:30";"Entrenamiento por la tarde noche";"3241";"Standing Calf Raise (Barbell)";"Rest Timer";"";"";"";"";"120.0";"";""
"130";"2025-06-13 18:46:30";"Entrenamiento por la tarde noche";"3241";"Standing Calf Raise (Barbell)";"2";"72.57472";"11";"";"";"";"";""
"130";"2025-06-13 18:46:30";"Entrenamiento por la tarde noche";"3241";"Standing Calf Raise (Barbell)";"Rest Timer";"";"";"";"";"120.0";"";""
"130";"2025-06-13 18:46:30";"Entrenamiento por la tarde noche";"3241";"Hip Thrust (Machine)";"1";"15.87572";"7";"";"";"";"";""
"130";"2025-06-13 18:46:30";"Entrenamiento por la tarde noche";"3241";"Hip Thrust (Machine)";"Rest Timer";"";"";"";"";"120.0";"";""
"130";"2025-06-13 18:46:30";"Entrenamiento por la tarde noche";"3241";"Hip Thrust (Machine)";"2";"20.41164";"8";"";"";"";"";""
"130";"2025-06-13 18:46:30";"Entrenamiento por la tarde noche";"3241";"Hip Thrust (Machine)";"Rest Timer";"";"";"";"";"110.0";"";""
"130";"2025-06-13 18:46:30";"Entrenamiento por la tarde noche";"3241";"Hip Thrust (Machine)";"3";"20.41164";"8";"";"";"";"";""
"130";"2025-06-13 18:46:30";"Entrenamiento por la tarde noche";"3241";"Hip Thrust (Machine)";"Rest Timer";"";"";"";"";"110.0";"";""
"130";"2025-06-13 18:46:30";"Entrenamiento por la tarde noche";"3241";"Hip Thrust (Machine)";"4";"20.41164";"7";"";"";"";"";""
"130";"2025-06-13 18:46:30";"Entrenamiento por la tarde noche";"3241";"Hip Thrust (Machine)";"Rest Timer";"";"";"";"";"110.0";"";""
"131";"2025-06-14 14:04:58";"Entrenamiento por la tarde";"2232";"Pull Up";"1";"0.0";"13";"";"";"";"";""
"131";"2025-06-14 14:04:58";"Entrenamiento por la tarde";"2232";"Pull Up";"Rest Timer";"";"";"";"";"110.0";"";""
"131";"2025-06-14 14:04:58";"Entrenamiento por la tarde";"2232";"Pull Up";"2";"0.0";"8";"";"";"";"";""
"131";"2025-06-14 14:04:58";"Entrenamiento por la tarde";"2232";"Pull Up";"Rest Timer";"";"";"";"";"110.0";"";""
"131";"2025-06-14 14:04:58";"Entrenamiento por la tarde";"2232";"Pull Up";"3";"0.0";"6";"";"";"";"";""
"131";"2025-06-14 14:04:58";"Entrenamiento por la tarde";"2232";"Pull Up";"Rest Timer";"";"";"";"";"110.0";"";""
"131";"2025-06-14 14:04:58";"Entrenamiento por la tarde";"2232";"Pull Up";"4";"0.0";"5";"";"";"";"";""
"131";"2025-06-14 14:04:58";"Entrenamiento por la tarde";"2232";"Pull Up";"Rest Timer";"";"";"";"";"110.0";"";""
"131";"2025-06-14 14:04:58";"Entrenamiento por la tarde";"2232";"Bench Press (Barbell)";"1";"83.91452";"10";"";"";"";"";""
"131";"2025-06-14 14:04:58";"Entrenamiento por la tarde";"2232";"Bench Press (Barbell)";"Rest Timer";"";"";"";"";"110.0";"";""
"131";"2025-06-14 14:04:58";"Entrenamiento por la tarde";"2232";"Bench Press (Barbell)";"2";"83.91452";"6";"";"";"";"";""
"131";"2025-06-14 14:04:58";"Entrenamiento por la tarde";"2232";"Bench Press (Barbell)";"Rest Timer";"";"";"";"";"110.0";"";""
"131";"2025-06-14 14:04:58";"Entrenamiento por la tarde";"2232";"Triceps Extension (Cable)";"1";"19.958047999999998";"13";"";"";"";"";""
"131";"2025-06-14 14:04:58";"Entrenamiento por la tarde";"2232";"Triceps Extension (Cable)";"Rest Timer";"";"";"";"";"110.0";"";""
"131";"2025-06-14 14:04:58";"Entrenamiento por la tarde";"2232";"Triceps Extension (Cable)";"2";"19.958047999999998";"10";"";"";"";"";""
"131";"2025-06-14 14:04:58";"Entrenamiento por la tarde";"2232";"Triceps Extension (Cable)";"Rest Timer";"";"";"";"";"110.0";"";""
"131";"2025-06-14 14:04:58";"Entrenamiento por la tarde";"2232";"Triceps Extension (Cable)";"3";"19.958047999999998";"8";"";"";"";"";""
"131";"2025-06-14 14:04:58";"Entrenamiento por la tarde";"2232";"Triceps Extension (Cable)";"Rest Timer";"";"";"";"";"110.0";"";""
"131";"2025-06-14 14:04:58";"Entrenamiento por la tarde";"2232";"Triceps Extension (Cable)";"4";"19.958047999999998";"10";"";"";"";"";""
"131";"2025-06-14 14:04:58";"Entrenamiento por la tarde";"2232";"Triceps Extension (Cable)";"Rest Timer";"";"";"";"";"110.0";"";""
"131";"2025-06-14 14:04:58";"Entrenamiento por la tarde";"2232";"Toes To Bar";"1";"";"8";"";"";"";"";""
"131";"2025-06-14 14:04:58";"Entrenamiento por la tarde";"2232";"Toes To Bar";"Rest Timer";"";"";"";"";"110.0";"";""
"131";"2025-06-14 14:04:58";"Entrenamiento por la tarde";"2232";"Toes To Bar";"2";"";"6";"";"";"";"";""
"131";"2025-06-14 14:04:58";"Entrenamiento por la tarde";"2232";"Toes To Bar";"Rest Timer";"";"";"";"";"110.0";"";""
"132";"2025-06-17 21:29:28";"Entrenamiento por la tarde noche";"2208";"Overhead Press (Dumbbell)";"F";"22.6796";"10";"";"";"";"";""
"132";"2025-06-17 21:29:28";"Entrenamiento por la tarde noche";"2208";"Overhead Press (Dumbbell)";"Rest Timer";"";"";"";"";"110.0";"";""
"132";"2025-06-17 21:29:28";"Entrenamiento por la tarde noche";"2208";"Overhead Press (Dumbbell)";"F";"22.6796";"8";"";"";"";"";""
"132";"2025-06-17 21:29:28";"Entrenamiento por la tarde noche";"2208";"Overhead Press (Dumbbell)";"Rest Timer";"";"";"";"";"110.0";"";""
"132";"2025-06-17 21:29:28";"Entrenamiento por la tarde noche";"2208";"Overhead Press (Dumbbell)";"F";"20.41164";"12";"";"";"";"";""
"132";"2025-06-17 21:29:28";"Entrenamiento por la tarde noche";"2208";"Overhead Press (Dumbbell)";"Rest Timer";"";"";"";"";"110.0";"";""
"132";"2025-06-17 21:29:28";"Entrenamiento por la tarde noche";"2208";"Overhead Press (Dumbbell)";"4";"20.41164";"9";"";"";"";"";""
"132";"2025-06-17 21:29:28";"Entrenamiento por la tarde noche";"2208";"Overhead Press (Dumbbell)";"Rest Timer";"";"";"";"";"110.0";"";""
"132";"2025-06-17 21:29:28";"Entrenamiento por la tarde noche";"2208";"Front Raise (Dumbbell)";"F";"6.8038799999999995";"15";"";"";"";"";""
"132";"2025-06-17 21:29:28";"Entrenamiento por la tarde noche";"2208";"Front Raise (Dumbbell)";"Rest Timer";"";"";"";"";"110.0";"";""
"132";"2025-06-17 21:29:28";"Entrenamiento por la tarde noche";"2208";"Front Raise (Dumbbell)";"F";"6.8038799999999995";"12";"";"";"";"";""
"132";"2025-06-17 21:29:28";"Entrenamiento por la tarde noche";"2208";"Front Raise (Dumbbell)";"Rest Timer";"";"";"";"";"110.0";"";""
"132";"2025-06-17 21:29:28";"Entrenamiento por la tarde noche";"2208";"Front Raise (Dumbbell)";"F";"6.8038799999999995";"12";"";"";"";"";""
"132";"2025-06-17 21:29:28";"Entrenamiento por la tarde noche";"2208";"Front Raise (Dumbbell)";"Rest Timer";"";"";"";"";"110.0";"";""
"132";"2025-06-17 21:29:28";"Entrenamiento por la tarde noche";"2208";"Front Raise (Dumbbell)";"4";"6.8038799999999995";"8";"";"";"";"";""
"132";"2025-06-17 21:29:28";"Entrenamiento por la tarde noche";"2208";"Front Raise (Dumbbell)";"Rest Timer";"";"";"";"";"110.0";"";""
"132";"2025-06-17 21:29:28";"Entrenamiento por la tarde noche";"2208";"Lateral Raise (Dumbbell)";"F";"6.8038799999999995";"12";"";"";"";"";""
"132";"2025-06-17 21:29:28";"Entrenamiento por la tarde noche";"2208";"Lateral Raise (Dumbbell)";"Rest Timer";"";"";"";"";"110.0";"";""
"132";"2025-06-17 21:29:28";"Entrenamiento por la tarde noche";"2208";"Lateral Raise (Dumbbell)";"F";"6.8038799999999995";"15";"";"";"";"";""
"132";"2025-06-17 21:29:28";"Entrenamiento por la tarde noche";"2208";"Lateral Raise (Dumbbell)";"Rest Timer";"";"";"";"";"110.0";"";""
"132";"2025-06-17 21:29:28";"Entrenamiento por la tarde noche";"2208";"Lateral Raise (Dumbbell)";"3";"6.8038799999999995";"12";"";"";"";"";""
"132";"2025-06-17 21:29:28";"Entrenamiento por la tarde noche";"2208";"Lateral Raise (Dumbbell)";"Rest Timer";"";"";"";"";"110.0";"";""
"132";"2025-06-17 21:29:28";"Entrenamiento por la tarde noche";"2208";"Lateral Raise (Dumbbell)";"4";"6.8038799999999995";"8";"";"";"";"";""
"132";"2025-06-17 21:29:28";"Entrenamiento por la tarde noche";"2208";"Lateral Raise (Dumbbell)";"Rest Timer";"";"";"";"";"110.0";"";""
"132";"2025-06-17 21:29:28";"Entrenamiento por la tarde noche";"2208";"Reverse Fly (Dumbbell)";"F";"6.8038799999999995";"12";"";"";"";"";""
"132";"2025-06-17 21:29:28";"Entrenamiento por la tarde noche";"2208";"Reverse Fly (Dumbbell)";"Rest Timer";"";"";"";"";"110.0";"";""
"132";"2025-06-17 21:29:28";"Entrenamiento por la tarde noche";"2208";"Reverse Fly (Dumbbell)";"F";"6.8038799999999995";"15";"";"";"";"";""
"132";"2025-06-17 21:29:28";"Entrenamiento por la tarde noche";"2208";"Reverse Fly (Dumbbell)";"Rest Timer";"";"";"";"";"110.0";"";""
"132";"2025-06-17 21:29:28";"Entrenamiento por la tarde noche";"2208";"Reverse Fly (Dumbbell)";"3";"6.8038799999999995";"12";"";"";"";"";""
"132";"2025-06-17 21:29:28";"Entrenamiento por la tarde noche";"2208";"Reverse Fly (Dumbbell)";"Rest Timer";"";"";"";"";"110.0";"";""
"132";"2025-06-17 21:29:28";"Entrenamiento por la tarde noche";"2208";"Reverse Fly (Dumbbell)";"4";"6.8038799999999995";"15";"";"";"";"";""
"132";"2025-06-17 21:29:28";"Entrenamiento por la tarde noche";"2208";"Reverse Fly (Dumbbell)";"Rest Timer";"";"";"";"";"110.0";"";""
"133";"2025-06-19 21:09:59";"Entrenamiento por la tarde noche";"3278";"Squat (Barbell)";"F";"77.11064";"11";"";"";"";"";""
"133";"2025-06-19 21:09:59";"Entrenamiento por la tarde noche";"3278";"Squat (Barbell)";"Rest Timer";"";"";"";"";"110.0";"";""
"133";"2025-06-19 21:09:59";"Entrenamiento por la tarde noche";"3278";"Squat (Barbell)";"F";"77.11064";"8";"";"";"";"";""
"133";"2025-06-19 21:09:59";"Entrenamiento por la tarde noche";"3278";"Squat (Barbell)";"Rest Timer";"";"";"";"";"110.0";"";""
"133";"2025-06-19 21:09:59";"Entrenamiento por la tarde noche";"3278";"Squat (Barbell)";"F";"77.11064";"6";"";"";"";"";""
"133";"2025-06-19 21:09:59";"Entrenamiento por la tarde noche";"3278";"Squat (Barbell)";"Rest Timer";"";"";"";"";"110.0";"";""
"133";"2025-06-19 21:09:59";"Entrenamiento por la tarde noche";"3278";"Squat (Barbell)";"F";"74.84268";"6";"";"";"";"";""
"133";"2025-06-19 21:09:59";"Entrenamiento por la tarde noche";"3278";"Squat (Barbell)";"Rest Timer";"";"";"";"";"110.0";"";""
"133";"2025-06-19 21:09:59";"Entrenamiento por la tarde noche";"3278";"Lying Leg Curl (Machine)";"F";"34.0194";"15";"";"";"";"";""
"133";"2025-06-19 21:09:59";"Entrenamiento por la tarde noche";"3278";"Lying Leg Curl (Machine)";"Rest Timer";"";"";"";"";"120.0";"";""
"133";"2025-06-19 21:09:59";"Entrenamiento por la tarde noche";"3278";"Lying Leg Curl (Machine)";"F";"39.916095999999996";"10";"";"";"";"";""
"133";"2025-06-19 21:09:59";"Entrenamiento por la tarde noche";"3278";"Lying Leg Curl (Machine)";"Rest Timer";"";"";"";"";"120.0";"";""
"133";"2025-06-19 21:09:59";"Entrenamiento por la tarde noche";"3278";"Lying Leg Curl (Machine)";"3";"39.916095999999996";"8";"";"";"";"";""
"133";"2025-06-19 21:09:59";"Entrenamiento por la tarde noche";"3278";"Lying Leg Curl (Machine)";"Rest Timer";"";"";"";"";"120.0";"";""
"133";"2025-06-19 21:09:59";"Entrenamiento por la tarde noche";"3278";"Lying Leg Curl (Machine)";"4";"39.916095999999996";"8";"";"";"";"";""
"133";"2025-06-19 21:09:59";"Entrenamiento por la tarde noche";"3278";"Lying Leg Curl (Machine)";"Rest Timer";"";"";"";"";"120.0";"";""
"133";"2025-06-19 21:09:59";"Entrenamiento por la tarde noche";"3278";"Seated Leg Curl (Machine)";"1";"45.3592";"10";"";"";"";"";""
"133";"2025-06-19 21:09:59";"Entrenamiento por la tarde noche";"3278";"Seated Leg Curl (Machine)";"Rest Timer";"";"";"";"";"120.0";"";""
"133";"2025-06-19 21:09:59";"Entrenamiento por la tarde noche";"3278";"Seated Leg Curl (Machine)";"2";"45.3592";"14";"";"";"";"";""
"133";"2025-06-19 21:09:59";"Entrenamiento por la tarde noche";"3278";"Seated Leg Curl (Machine)";"Rest Timer";"";"";"";"";"110.0";"";""
"133";"2025-06-19 21:09:59";"Entrenamiento por la tarde noche";"3278";"Seated Leg Curl (Machine)";"3";"45.3592";"10";"";"";"";"";""
"133";"2025-06-19 21:09:59";"Entrenamiento por la tarde noche";"3278";"Seated Leg Curl (Machine)";"Rest Timer";"";"";"";"";"120.0";"";""
"133";"2025-06-19 21:09:59";"Entrenamiento por la tarde noche";"3278";"Seated Leg Curl (Machine)";"4";"45.3592";"8";"";"";"";"";""
"133";"2025-06-19 21:09:59";"Entrenamiento por la tarde noche";"3278";"Seated Leg Curl (Machine)";"Rest Timer";"";"";"";"";"120.0";"";""
"133";"2025-06-19 21:09:59";"Entrenamiento por la tarde noche";"3278";"Leg Extension (Machine)";"1";"59.874144";"10";"";"";"";"";""
"133";"2025-06-19 21:09:59";"Entrenamiento por la tarde noche";"3278";"Leg Extension (Machine)";"Rest Timer";"";"";"";"";"120.0";"";""
"133";"2025-06-19 21:09:59";"Entrenamiento por la tarde noche";"3278";"Leg Extension (Machine)";"2";"59.874144";"10";"";"";"";"";""
"133";"2025-06-19 21:09:59";"Entrenamiento por la tarde noche";"3278";"Leg Extension (Machine)";"Rest Timer";"";"";"";"";"110.0";"";""
"133";"2025-06-19 21:09:59";"Entrenamiento por la tarde noche";"3278";"Leg Extension (Machine)";"F";"64.863656";"10";"";"";"";"";""
"133";"2025-06-19 21:09:59";"Entrenamiento por la tarde noche";"3278";"Leg Extension (Machine)";"Rest Timer";"";"";"";"";"120.0";"";""
"133";"2025-06-19 21:09:59";"Entrenamiento por la tarde noche";"3278";"Leg Extension (Machine)";"4";"64.863656";"10";"";"";"";"";""
"133";"2025-06-19 21:09:59";"Entrenamiento por la tarde noche";"3278";"Leg Extension (Machine)";"Rest Timer";"";"";"";"";"120.0";"";""
"134";"2025-06-20 19:12:44";"Entrenamiento por la tarde noche";"2495";"Incline Bench Press (Barbell)";"1";"70.30676";"8";"";"";"";"";""
"134";"2025-06-20 19:12:44";"Entrenamiento por la tarde noche";"2495";"Incline Bench Press (Barbell)";"Rest Timer";"";"";"";"";"110.0";"";""
"134";"2025-06-20 19:12:44";"Entrenamiento por la tarde noche";"2495";"Incline Bench Press (Barbell)";"2";"70.30676";"8";"";"";"";"";""
"134";"2025-06-20 19:12:44";"Entrenamiento por la tarde noche";"2495";"Incline Bench Press (Barbell)";"Rest Timer";"";"";"";"";"110.0";"";""
"134";"2025-06-20 19:12:44";"Entrenamiento por la tarde noche";"2495";"Incline Bench Press (Barbell)";"3";"68.0388";"8";"";"";"";"";""
"134";"2025-06-20 19:12:44";"Entrenamiento por la tarde noche";"2495";"Incline Bench Press (Barbell)";"Rest Timer";"";"";"";"";"110.0";"";""
"134";"2025-06-20 19:12:44";"Entrenamiento por la tarde noche";"2495";"Incline Bench Press (Barbell)";"4";"65.77083999999999";"8";"";"";"";"";""
"134";"2025-06-20 19:12:44";"Entrenamiento por la tarde noche";"2495";"Incline Bench Press (Barbell)";"Rest Timer";"";"";"";"";"110.0";"";""
"134";"2025-06-20 19:12:44";"Entrenamiento por la tarde noche";"2495";"Incline Curl (Dumbbell)";"1";"13.607759999999999";"6";"";"";"";"";""
"134";"2025-06-20 19:12:44";"Entrenamiento por la tarde noche";"2495";"Incline Curl (Dumbbell)";"Rest Timer";"";"";"";"";"110.0";"";""
"134";"2025-06-20 19:12:44";"Entrenamiento por la tarde noche";"2495";"Incline Curl (Dumbbell)";"2";"9.07184";"12";"";"";"";"";""
"134";"2025-06-20 19:12:44";"Entrenamiento por la tarde noche";"2495";"Incline Curl (Dumbbell)";"Rest Timer";"";"";"";"";"110.0";"";""
"134";"2025-06-20 19:12:44";"Entrenamiento por la tarde noche";"2495";"Incline Curl (Dumbbell)";"3";"9.07184";"12";"";"";"";"";""
"134";"2025-06-20 19:12:44";"Entrenamiento por la tarde noche";"2495";"Incline Curl (Dumbbell)";"Rest Timer";"";"";"";"";"110.0";"";""
"134";"2025-06-20 19:12:44";"Entrenamiento por la tarde noche";"2495";"Incline Curl (Dumbbell)";"4";"9.07184";"8";"";"";"";"";""
"134";"2025-06-20 19:12:44";"Entrenamiento por la tarde noche";"2495";"Incline Curl (Dumbbell)";"Rest Timer";"";"";"";"";"110.0";"";""
"134";"2025-06-20 19:12:44";"Entrenamiento por la tarde noche";"2495";"Triceps Extension (Cable)";"1";"17.463292";"15";"";"";"";"";""
"134";"2025-06-20 19:12:44";"Entrenamiento por la tarde noche";"2495";"Triceps Extension (Cable)";"Rest Timer";"";"";"";"";"110.0";"";""
"134";"2025-06-20 19:12:44";"Entrenamiento por la tarde noche";"2495";"Triceps Extension (Cable)";"2";"17.463292";"15";"";"";"";"";""
"134";"2025-06-20 19:12:44";"Entrenamiento por la tarde noche";"2495";"Triceps Extension (Cable)";"Rest Timer";"";"";"";"";"110.0";"";""
"134";"2025-06-20 19:12:44";"Entrenamiento por la tarde noche";"2495";"Triceps Extension (Cable)";"3";"17.463292";"10";"";"";"";"";""
"134";"2025-06-20 19:12:44";"Entrenamiento por la tarde noche";"2495";"Triceps Extension (Cable)";"Rest Timer";"";"";"";"";"110.0";"";""
"134";"2025-06-20 19:12:44";"Entrenamiento por la tarde noche";"2495";"Bicep Curl (Cable)";"1";"17.463292";"10";"";"";"";"";""
"134";"2025-06-20 19:12:44";"Entrenamiento por la tarde noche";"2495";"Bicep Curl (Cable)";"Rest Timer";"";"";"";"";"110.0";"";""
"134";"2025-06-20 19:12:44";"Entrenamiento por la tarde noche";"2495";"Bicep Curl (Cable)";"2";"17.463292";"10";"";"";"";"";""
"134";"2025-06-20 19:12:44";"Entrenamiento por la tarde noche";"2495";"Bicep Curl (Cable)";"Rest Timer";"";"";"";"";"110.0";"";""
"134";"2025-06-20 19:12:44";"Entrenamiento por la tarde noche";"2495";"Bicep Curl (Cable)";"3";"17.463292";"9";"";"";"";"";""
"134";"2025-06-20 19:12:44";"Entrenamiento por la tarde noche";"2495";"Bicep Curl (Cable)";"Rest Timer";"";"";"";"";"110.0";"";""
"135";"2025-06-28 14:13:01";"Entrenamiento por la tarde";"1849";"Squat (Barbell)";"F";"61.23492";"8";"";"";"";"";""
"135";"2025-06-28 14:13:01";"Entrenamiento por la tarde";"1849";"Squat (Barbell)";"Rest Timer";"";"";"";"";"110.0";"";""
"135";"2025-06-28 14:13:01";"Entrenamiento por la tarde";"1849";"Squat (Barbell)";"F";"61.23492";"6";"";"";"";"";""
"135";"2025-06-28 14:13:01";"Entrenamiento por la tarde";"1849";"Squat (Barbell)";"Rest Timer";"";"";"";"";"110.0";"";""
"135";"2025-06-28 14:13:01";"Entrenamiento por la tarde";"1849";"Squat (Barbell)";"F";"61.23492";"6";"";"";"";"";""
"135";"2025-06-28 14:13:01";"Entrenamiento por la tarde";"1849";"Squat (Barbell)";"Rest Timer";"";"";"";"";"110.0";"";""
"135";"2025-06-28 14:13:01";"Entrenamiento por la tarde";"1849";"Bench Press (Barbell)";"1";"61.23492";"8";"";"";"";"";""
"135";"2025-06-28 14:13:01";"Entrenamiento por la tarde";"1849";"Bench Press (Barbell)";"Rest Timer";"";"";"";"";"110.0";"";""
"135";"2025-06-28 14:13:01";"Entrenamiento por la tarde";"1849";"Bench Press (Barbell)";"2";"83.91452";"8";"";"";"";"";""
"135";"2025-06-28 14:13:01";"Entrenamiento por la tarde";"1849";"Bench Press (Barbell)";"Rest Timer";"";"";"";"";"110.0";"";""
"135";"2025-06-28 14:13:01";"Entrenamiento por la tarde";"1849";"Bench Press (Barbell)";"3";"83.91452";"6";"";"";"";"";""
"135";"2025-06-28 14:13:01";"Entrenamiento por la tarde";"1849";"Bench Press (Barbell)";"Rest Timer";"";"";"";"";"110.0";"";""
"135";"2025-06-28 14:13:01";"Entrenamiento por la tarde";"1849";"Incline Curl (Dumbbell)";"1";"13.607759999999999";"9";"";"";"";"";""
"135";"2025-06-28 14:13:01";"Entrenamiento por la tarde";"1849";"Incline Curl (Dumbbell)";"Rest Timer";"";"";"";"";"110.0";"";""
"135";"2025-06-28 14:13:01";"Entrenamiento por la tarde";"1849";"Incline Curl (Dumbbell)";"2";"13.607759999999999";"7";"";"";"";"";""
"135";"2025-06-28 14:13:01";"Entrenamiento por la tarde";"1849";"Incline Curl (Dumbbell)";"Rest Timer";"";"";"";"";"110.0";"";""
"135";"2025-06-28 14:13:01";"Entrenamiento por la tarde";"1849";"Incline Curl (Dumbbell)";"3";"11.3398";"7";"";"";"";"";""
"135";"2025-06-28 14:13:01";"Entrenamiento por la tarde";"1849";"Incline Curl (Dumbbell)";"Rest Timer";"";"";"";"";"110.0";"";""
"136";"2025-08-03 08:14:29";"Entrenamiento por la mañana";"3266";"Bench Press (Barbell)";"1";"70.30676";"15";"";"";"";"";""
"136";"2025-08-03 08:14:29";"Entrenamiento por la mañana";"3266";"Bench Press (Barbell)";"Rest Timer";"";"";"";"";"110.0";"";""
"136";"2025-08-03 08:14:29";"Entrenamiento por la mañana";"3266";"Bench Press (Barbell)";"2";"74.84268";"10";"";"";"";"";""
"136";"2025-08-03 08:14:29";"Entrenamiento por la mañana";"3266";"Bench Press (Barbell)";"Rest Timer";"";"";"";"";"110.0";"";""
"136";"2025-08-03 08:14:29";"Entrenamiento por la mañana";"3266";"Bench Press (Barbell)";"3";"74.84268";"10";"";"";"";"";""
"136";"2025-08-03 08:14:29";"Entrenamiento por la mañana";"3266";"Bench Press (Barbell)";"Rest Timer";"";"";"";"";"110.0";"";""
"136";"2025-08-03 08:14:29";"Entrenamiento por la mañana";"3266";"Bench Press (Barbell)";"4";"77.11064";"10";"";"";"";"";""
"136";"2025-08-03 08:14:29";"Entrenamiento por la mañana";"3266";"Bench Press (Barbell)";"Rest Timer";"";"";"";"";"110.0";"";""
"136";"2025-08-03 08:14:29";"Entrenamiento por la mañana";"3266";"Seated Row (Cable)";"1";"64.863656";"11";"";"";"";"";""
"136";"2025-08-03 08:14:29";"Entrenamiento por la mañana";"3266";"Seated Row (Cable)";"Rest Timer";"";"";"";"";"110.0";"";""
"136";"2025-08-03 08:14:29";"Entrenamiento por la mañana";"3266";"Seated Row (Cable)";"2";"64.863656";"11";"";"";"";"";""
"136";"2025-08-03 08:14:29";"Entrenamiento por la mañana";"3266";"Seated Row (Cable)";"Rest Timer";"";"";"";"";"110.0";"";""
"136";"2025-08-03 08:14:29";"Entrenamiento por la mañana";"3266";"Seated Row (Cable)";"3";"64.863656";"9";"";"";"";"";""
"136";"2025-08-03 08:14:29";"Entrenamiento por la mañana";"3266";"Seated Row (Cable)";"Rest Timer";"";"";"";"";"110.0";"";""
"136";"2025-08-03 08:14:29";"Entrenamiento por la mañana";"3266";"Seated Row (Cable)";"F";"64.863656";"8";"";"";"";"";""
"136";"2025-08-03 08:14:29";"Entrenamiento por la mañana";"3266";"Seated Row (Cable)";"Rest Timer";"";"";"";"";"110.0";"";""
"136";"2025-08-03 08:14:29";"Entrenamiento por la mañana";"3266";"Lateral Raise (Dumbbell)";"F";"6.8038799999999995";"10";"";"";"";"";""
"136";"2025-08-03 08:14:29";"Entrenamiento por la mañana";"3266";"Lateral Raise (Dumbbell)";"Rest Timer";"";"";"";"";"110.0";"";""
"136";"2025-08-03 08:14:29";"Entrenamiento por la mañana";"3266";"Lateral Raise (Dumbbell)";"F";"6.8038799999999995";"12";"";"";"";"";""
"136";"2025-08-03 08:14:29";"Entrenamiento por la mañana";"3266";"Lateral Raise (Dumbbell)";"Rest Timer";"";"";"";"";"110.0";"";""
"136";"2025-08-03 08:14:29";"Entrenamiento por la mañana";"3266";"Lateral Raise (Dumbbell)";"3";"6.8038799999999995";"12";"";"";"";"";""
"136";"2025-08-03 08:14:29";"Entrenamiento por la mañana";"3266";"Lateral Raise (Dumbbell)";"Rest Timer";"";"";"";"";"110.0";"";""
"136";"2025-08-03 08:14:29";"Entrenamiento por la mañana";"3266";"Triceps Extension (Cable)";"1";"19.958047999999998";"16";"";"";"";"";""
"136";"2025-08-03 08:14:29";"Entrenamiento por la mañana";"3266";"Triceps Extension (Cable)";"Rest Timer";"";"";"";"";"110.0";"";""
"136";"2025-08-03 08:14:29";"Entrenamiento por la mañana";"3266";"Triceps Extension (Cable)";"2";"22.452804";"10";"";"";"";"";""
"136";"2025-08-03 08:14:29";"Entrenamiento por la mañana";"3266";"Triceps Extension (Cable)";"Rest Timer";"";"";"";"";"110.0";"";""
"136";"2025-08-03 08:14:29";"Entrenamiento por la mañana";"3266";"Triceps Extension (Cable)";"3";"22.452804";"8";"";"";"";"";""
"136";"2025-08-03 08:14:29";"Entrenamiento por la mañana";"3266";"Triceps Extension (Cable)";"Rest Timer";"";"";"";"";"110.0";"";""
"136";"2025-08-03 08:14:29";"Entrenamiento por la mañana";"3266";"Toes To Bar";"1";"";"8";"";"";"";"";""
"136";"2025-08-03 08:14:29";"Entrenamiento por la mañana";"3266";"Toes To Bar";"Rest Timer";"";"";"";"";"110.0";"";""
"136";"2025-08-03 08:14:29";"Entrenamiento por la mañana";"3266";"Toes To Bar";"2";"";"3";"";"";"";"";""
"136";"2025-08-03 08:14:29";"Entrenamiento por la mañana";"3266";"Toes To Bar";"Rest Timer";"";"";"";"";"110.0";"";""
"136";"2025-08-03 08:14:29";"Entrenamiento por la mañana";"3266";"Cable Crossover";"1";"14.968536";"10";"";"";"";"";""
"136";"2025-08-03 08:14:29";"Entrenamiento por la mañana";"3266";"Cable Crossover";"Rest Timer";"";"";"";"";"110.0";"";""
"136";"2025-08-03 08:14:29";"Entrenamiento por la mañana";"3266";"Cable Crossover";"2";"14.968536";"10";"";"";"";"";""
"136";"2025-08-03 08:14:29";"Entrenamiento por la mañana";"3266";"Cable Crossover";"Rest Timer";"";"";"";"";"110.0";"";""
"136";"2025-08-03 08:14:29";"Entrenamiento por la mañana";"3266";"Cable Crossover";"3";"14.968536";"10";"";"";"";"";""
"136";"2025-08-03 08:14:29";"Entrenamiento por la mañana";"3266";"Cable Crossover";"Rest Timer";"";"";"";"";"110.0";"";""
"137";"2025-08-16 14:04:58";"Entrenamiento por la mañana";"2167";"Bench Press (Barbell)";"1";"70.30676";"12";"";"";"";"";""
"137";"2025-08-16 14:04:58";"Entrenamiento por la mañana";"2167";"Bench Press (Barbell)";"Rest Timer";"";"";"";"";"110.0";"";""
"137";"2025-08-16 14:04:58";"Entrenamiento por la mañana";"2167";"Bench Press (Barbell)";"2";"70.30676";"10";"";"";"";"";""
"137";"2025-08-16 14:04:58";"Entrenamiento por la mañana";"2167";"Bench Press (Barbell)";"Rest Timer";"";"";"";"";"110.0";"";""
"137";"2025-08-16 14:04:58";"Entrenamiento por la mañana";"2167";"Bench Press (Barbell)";"3";"72.57472";"8";"";"";"";"";""
"137";"2025-08-16 14:04:58";"Entrenamiento por la mañana";"2167";"Bench Press (Barbell)";"Rest Timer";"";"";"";"";"110.0";"";""
"137";"2025-08-16 14:04:58";"Entrenamiento por la mañana";"2167";"Bench Press (Barbell)";"4";"72.57472";"10";"";"";"";"";""
"137";"2025-08-16 14:04:58";"Entrenamiento por la mañana";"2167";"Bench Press (Barbell)";"Rest Timer";"";"";"";"";"110.0";"";""
"137";"2025-08-16 14:04:58";"Entrenamiento por la mañana";"2167";"Seated Row (Cable)";"1";"54.884631999999996";"12";"";"";"";"";""
"137";"2025-08-16 14:04:58";"Entrenamiento por la mañana";"2167";"Seated Row (Cable)";"Rest Timer";"";"";"";"";"110.0";"";""
"137";"2025-08-16 14:04:58";"Entrenamiento por la mañana";"2167";"Seated Row (Cable)";"2";"64.863656";"10";"";"";"";"";""
"137";"2025-08-16 14:04:58";"Entrenamiento por la mañana";"2167";"Seated Row (Cable)";"Rest Timer";"";"";"";"";"110.0";"";""
"137";"2025-08-16 14:04:58";"Entrenamiento por la mañana";"2167";"Seated Row (Cable)";"3";"64.863656";"9";"";"";"";"";""
"137";"2025-08-16 14:04:58";"Entrenamiento por la mañana";"2167";"Seated Row (Cable)";"Rest Timer";"";"";"";"";"110.0";"";""
"137";"2025-08-16 14:04:58";"Entrenamiento por la mañana";"2167";"Seated Row (Cable)";"F";"64.863656";"8";"";"";"";"";""
"137";"2025-08-16 14:04:58";"Entrenamiento por la mañana";"2167";"Seated Row (Cable)";"Rest Timer";"";"";"";"";"110.0";"";""
"138";"2025-08-22 18:59:22";"Entrenamiento por la mañana";"2987";"Bench Press (Barbell)";"1";"74.84268";"10";"";"";"";"";""
"138";"2025-08-22 18:59:22";"Entrenamiento por la mañana";"2987";"Bench Press (Barbell)";"Rest Timer";"";"";"";"";"110.0";"";""
"138";"2025-08-22 18:59:22";"Entrenamiento por la mañana";"2987";"Bench Press (Barbell)";"2";"79.3786";"10";"";"";"";"";""
"138";"2025-08-22 18:59:22";"Entrenamiento por la mañana";"2987";"Bench Press (Barbell)";"Rest Timer";"";"";"";"";"110.0";"";""
"138";"2025-08-22 18:59:22";"Entrenamiento por la mañana";"2987";"Bench Press (Barbell)";"3";"79.3786";"8";"";"";"";"";""
"138";"2025-08-22 18:59:22";"Entrenamiento por la mañana";"2987";"Bench Press (Barbell)";"Rest Timer";"";"";"";"";"110.0";"";""
"138";"2025-08-22 18:59:22";"Entrenamiento por la mañana";"2987";"Bench Press (Barbell)";"4";"79.3786";"8";"";"";"";"";""
"138";"2025-08-22 18:59:22";"Entrenamiento por la mañana";"2987";"Bench Press (Barbell)";"Rest Timer";"";"";"";"";"110.0";"";""
"138";"2025-08-22 18:59:22";"Entrenamiento por la mañana";"2987";"Seated Row (Cable)";"F";"74.84268";"8";"";"";"";"";""
"138";"2025-08-22 18:59:22";"Entrenamiento por la mañana";"2987";"Seated Row (Cable)";"Rest Timer";"";"";"";"";"110.0";"";""
"138";"2025-08-22 18:59:22";"Entrenamiento por la mañana";"2987";"Seated Row (Cable)";"F";"74.84268";"6";"";"";"";"";""
"138";"2025-08-22 18:59:22";"Entrenamiento por la mañana";"2987";"Seated Row (Cable)";"Rest Timer";"";"";"";"";"110.0";"";""
"138";"2025-08-22 18:59:22";"Entrenamiento por la mañana";"2987";"Seated Row (Cable)";"F";"67.131616";"8";"";"";"";"";""
"138";"2025-08-22 18:59:22";"Entrenamiento por la mañana";"2987";"Seated Row (Cable)";"Rest Timer";"";"";"";"";"110.0";"";""
"138";"2025-08-22 18:59:22";"Entrenamiento por la mañana";"2987";"Seated Row (Cable)";"F";"67.131616";"8";"";"";"";"";""
"138";"2025-08-22 18:59:22";"Entrenamiento por la mañana";"2987";"Seated Row (Cable)";"Rest Timer";"";"";"";"";"110.0";"";""
"138";"2025-08-22 18:59:22";"Entrenamiento por la mañana";"2987";"Triceps Extension (Cable)";"1";"22.452804";"12";"";"";"";"";""
"138";"2025-08-22 18:59:22";"Entrenamiento por la mañana";"2987";"Triceps Extension (Cable)";"Rest Timer";"";"";"";"";"110.0";"";""
"138";"2025-08-22 18:59:22";"Entrenamiento por la mañana";"2987";"Triceps Extension (Cable)";"2";"22.452804";"8";"";"";"";"";""
"138";"2025-08-22 18:59:22";"Entrenamiento por la mañana";"2987";"Triceps Extension (Cable)";"Rest Timer";"";"";"";"";"110.0";"";""
"138";"2025-08-22 18:59:22";"Entrenamiento por la mañana";"2987";"Toes To Bar";"1";"";"8";"";"";"";"";""
"138";"2025-08-22 18:59:22";"Entrenamiento por la mañana";"2987";"Toes To Bar";"Rest Timer";"";"";"";"";"110.0";"";""
"138";"2025-08-22 18:59:22";"Entrenamiento por la mañana";"2987";"Toes To Bar";"2";"";"8";"";"";"";"";""
"138";"2025-08-22 18:59:22";"Entrenamiento por la mañana";"2987";"Toes To Bar";"Rest Timer";"";"";"";"";"110.0";"";""
"139";"2025-09-03 16:09:51";"Tuesdays training";"4543";"Bench Press (Barbell)";"1";"83.91452";"9";"";"";"";"";""
"139";"2025-09-03 16:09:51";"Tuesdays training";"4543";"Bench Press (Barbell)";"Rest Timer";"";"";"";"";"110.0";"";""
"139";"2025-09-03 16:09:51";"Tuesdays training";"4543";"Bench Press (Barbell)";"2";"83.91452";"6";"";"";"";"";""
"139";"2025-09-03 16:09:51";"Tuesdays training";"4543";"Bench Press (Barbell)";"Rest Timer";"";"";"";"";"110.0";"";""
"139";"2025-09-03 16:09:51";"Tuesdays training";"4543";"Bench Press (Barbell)";"3";"79.3786";"7";"";"";"";"";""
"139";"2025-09-03 16:09:51";"Tuesdays training";"4543";"Bench Press (Barbell)";"Rest Timer";"";"";"";"";"110.0";"";""
"139";"2025-09-03 16:09:51";"Tuesdays training";"4543";"Bench Press (Barbell)";"4";"79.3786";"5";"";"";"";"";""
"139";"2025-09-03 16:09:51";"Tuesdays training";"4543";"Bench Press (Barbell)";"Rest Timer";"";"";"";"";"110.0";"";""
"139";"2025-09-03 16:09:51";"Tuesdays training";"4543";"Lat Pulldown (Cable)";"1";"64.863656";"9";"";"";"";"";""
"139";"2025-09-03 16:09:51";"Tuesdays training";"4543";"Lat Pulldown (Cable)";"Rest Timer";"";"";"";"";"110.0";"";""
"139";"2025-09-03 16:09:51";"Tuesdays training";"4543";"Lat Pulldown (Cable)";"2";"64.863656";"8";"";"";"";"";""
"139";"2025-09-03 16:09:51";"Tuesdays training";"4543";"Lat Pulldown (Cable)";"Rest Timer";"";"";"";"";"110.0";"";""
"139";"2025-09-03 16:09:51";"Tuesdays training";"4543";"Lat Pulldown (Cable)";"3";"64.863656";"7";"";"";"";"";""
"139";"2025-09-03 16:09:51";"Tuesdays training";"4543";"Lat Pulldown (Cable)";"Rest Timer";"";"";"";"";"110.0";"";""
"139";"2025-09-03 16:09:51";"Tuesdays training";"4543";"Lat Pulldown (Cable)";"4";"54.884631999999996";"8";"";"";"";"";""
"139";"2025-09-03 16:09:51";"Tuesdays training";"4543";"Lat Pulldown (Cable)";"Rest Timer";"";"";"";"";"110.0";"";""
"139";"2025-09-03 16:09:51";"Tuesdays training";"4543";"Cable Crunch";"1";"37.42134";"10";"";"";"";"";""
"139";"2025-09-03 16:09:51";"Tuesdays training";"4543";"Cable Crunch";"Rest Timer";"";"";"";"";"120.0";"";""
"139";"2025-09-03 16:09:51";"Tuesdays training";"4543";"Cable Crunch";"2";"39.916095999999996";"10";"";"";"";"";""
"139";"2025-09-03 16:09:51";"Tuesdays training";"4543";"Cable Crunch";"Rest Timer";"";"";"";"";"120.0";"";""
"139";"2025-09-03 16:09:51";"Tuesdays training";"4543";"Cable Crunch";"3";"39.916095999999996";"11";"";"";"";"";""
"139";"2025-09-03 16:09:51";"Tuesdays training";"4543";"Cable Crunch";"Rest Timer";"";"";"";"";"120.0";"";""
"139";"2025-09-03 16:09:51";"Tuesdays training";"4543";"Cable Crunch";"4";"39.916095999999996";"10";"";"";"";"";""
"139";"2025-09-03 16:09:51";"Tuesdays training";"4543";"Cable Crunch";"Rest Timer";"";"";"";"";"120.0";"";""
"139";"2025-09-03 16:09:51";"Tuesdays training";"4543";"Triceps Extension";"1";"22.452804";"12";"";"";"";"";""
"139";"2025-09-03 16:09:51";"Tuesdays training";"4543";"Triceps Extension";"Rest Timer";"";"";"";"";"110.0";"";""
"139";"2025-09-03 16:09:51";"Tuesdays training";"4543";"Triceps Extension";"2";"22.452804";"10";"";"";"";"";""
"139";"2025-09-03 16:09:51";"Tuesdays training";"4543";"Triceps Extension";"Rest Timer";"";"";"";"";"110.0";"";""
"139";"2025-09-03 16:09:51";"Tuesdays training";"4543";"Triceps Extension";"3";"19.958047999999998";"10";"";"";"";"";""
"139";"2025-09-03 16:09:51";"Tuesdays training";"4543";"Triceps Extension";"Rest Timer";"";"";"";"";"110.0";"";""
"139";"2025-09-03 16:09:51";"Tuesdays training";"4543";"Triceps Extension";"4";"19.958047999999998";"9";"";"";"";"";""
"139";"2025-09-03 16:09:51";"Tuesdays training";"4543";"Triceps Extension";"Rest Timer";"";"";"";"";"110.0";"";""
"139";"2025-09-03 16:09:51";"Tuesdays training";"4543";"Leg Extension (Machine)";"1";"64.863656";"11";"";"";"";"";""
"139";"2025-09-03 16:09:51";"Tuesdays training";"4543";"Leg Extension (Machine)";"Rest Timer";"";"";"";"";"120.0";"";""
"139";"2025-09-03 16:09:51";"Tuesdays training";"4543";"Leg Extension (Machine)";"2";"64.863656";"12";"";"";"";"";""
"139";"2025-09-03 16:09:51";"Tuesdays training";"4543";"Leg Extension (Machine)";"Rest Timer";"";"";"";"";"120.0";"";""
"139";"2025-09-03 16:09:51";"Tuesdays training";"4543";"Leg Extension (Machine)";"F";"64.863656";"12";"";"";"";"";""
"139";"2025-09-03 16:09:51";"Tuesdays training";"4543";"Leg Extension (Machine)";"Rest Timer";"";"";"";"";"120.0";"";""
"140";"2025-09-15 17:35:28";"Entrenamiento por la tarde";"4297";"Bench Press (Barbell)";"1";"86.18248";"8";"";"";"";"";""
"140";"2025-09-15 17:35:28";"Entrenamiento por la tarde";"4297";"Bench Press (Barbell)";"Rest Timer";"";"";"";"";"110.0";"";""
"140";"2025-09-15 17:35:28";"Entrenamiento por la tarde";"4297";"Bench Press (Barbell)";"2";"86.18248";"5";"";"";"";"";""
"140";"2025-09-15 17:35:28";"Entrenamiento por la tarde";"4297";"Bench Press (Barbell)";"Rest Timer";"";"";"";"";"110.0";"";""
"140";"2025-09-15 17:35:28";"Entrenamiento por la tarde";"4297";"Bench Press (Barbell)";"3";"86.18248";"5";"";"";"";"";""
"140";"2025-09-15 17:35:28";"Entrenamiento por la tarde";"4297";"Bench Press (Barbell)";"Rest Timer";"";"";"";"";"110.0";"";""
"140";"2025-09-15 17:35:28";"Entrenamiento por la tarde";"4297";"Lat Pulldown (Cable)";"1";"64.863656";"8";"";"";"";"";""
"140";"2025-09-15 17:35:28";"Entrenamiento por la tarde";"4297";"Lat Pulldown (Cable)";"Rest Timer";"";"";"";"";"110.0";"";""
"140";"2025-09-15 17:35:28";"Entrenamiento por la tarde";"4297";"Lat Pulldown (Cable)";"2";"64.863656";"8";"";"";"";"";""
"140";"2025-09-15 17:35:28";"Entrenamiento por la tarde";"4297";"Lat Pulldown (Cable)";"Rest Timer";"";"";"";"";"110.0";"";""
"140";"2025-09-15 17:35:28";"Entrenamiento por la tarde";"4297";"Lat Pulldown (Cable)";"3";"64.863656";"6";"";"";"";"";""
"140";"2025-09-15 17:35:28";"Entrenamiento por la tarde";"4297";"Lat Pulldown (Cable)";"Rest Timer";"";"";"";"";"110.0";"";""
"140";"2025-09-15 17:35:28";"Entrenamiento por la tarde";"4297";"Cable Crunch";"1";"37.42134";"12";"";"";"";"";""
"140";"2025-09-15 17:35:28";"Entrenamiento por la tarde";"4297";"Cable Crunch";"Rest Timer";"";"";"";"";"120.0";"";""
"140";"2025-09-15 17:35:28";"Entrenamiento por la tarde";"4297";"Cable Crunch";"2";"39.916095999999996";"12";"";"";"";"";""
"140";"2025-09-15 17:35:28";"Entrenamiento por la tarde";"4297";"Cable Crunch";"Rest Timer";"";"";"";"";"120.0";"";""
"140";"2025-09-15 17:35:28";"Entrenamiento por la tarde";"4297";"Squat (Barbell)";"F";"61.23492";"8";"";"";"";"";""
"140";"2025-09-15 17:35:28";"Entrenamiento por la tarde";"4297";"Squat (Barbell)";"Rest Timer";"";"";"";"";"110.0";"";""
"140";"2025-09-15 17:35:28";"Entrenamiento por la tarde";"4297";"Squat (Barbell)";"F";"61.23492";"8";"";"";"";"";""
"140";"2025-09-15 17:35:28";"Entrenamiento por la tarde";"4297";"Squat (Barbell)";"Rest Timer";"";"";"";"";"110.0";"";""
"140";"2025-09-15 17:35:28";"Entrenamiento por la tarde";"4297";"Squat (Barbell)";"F";"65.77083999999999";"6";"";"";"";"";""
"140";"2025-09-15 17:35:28";"Entrenamiento por la tarde";"4297";"Squat (Barbell)";"Rest Timer";"";"";"";"";"110.0";"";""
"140";"2025-09-15 17:35:28";"Entrenamiento por la tarde";"4297";"Overhead Press (Dumbbell)";"F";"24.94756";"6";"";"";"";"";""
"140";"2025-09-15 17:35:28";"Entrenamiento por la tarde";"4297";"Overhead Press (Dumbbell)";"Rest Timer";"";"";"";"";"110.0";"";""
"140";"2025-09-15 17:35:28";"Entrenamiento por la tarde";"4297";"Overhead Press (Dumbbell)";"F";"24.94756";"5";"";"";"";"";""
"140";"2025-09-15 17:35:28";"Entrenamiento por la tarde";"4297";"Overhead Press (Dumbbell)";"Rest Timer";"";"";"";"";"110.0";"";""
"140";"2025-09-15 17:35:28";"Entrenamiento por la tarde";"4297";"Overhead Press (Dumbbell)";"F";"20.41164";"10";"";"";"";"";""
"140";"2025-09-15 17:35:28";"Entrenamiento por la tarde";"4297";"Overhead Press (Dumbbell)";"Rest Timer";"";"";"";"";"110.0";"";""
"140";"2025-09-15 17:35:28";"Entrenamiento por la tarde";"4297";"Bicep Curl (Barbell)";"1";"31.75144";"7";"";"";"";"";""
"140";"2025-09-15 17:35:28";"Entrenamiento por la tarde";"4297";"Bicep Curl (Barbell)";"Rest Timer";"";"";"";"";"110.0";"";""
"140";"2025-09-15 17:35:28";"Entrenamiento por la tarde";"4297";"Bicep Curl (Barbell)";"2";"31.75144";"5";"";"";"";"";""
"140";"2025-09-15 17:35:28";"Entrenamiento por la tarde";"4297";"Bicep Curl (Barbell)";"Rest Timer";"";"";"";"";"110.0";"";""
"141";"2025-11-21 14:33:20";"Entrenamiento por la tarde";"3947";"Bench Press (Barbell)";"1";"70.30676";"10";"";"";"";"";""
"141";"2025-11-21 14:33:20";"Entrenamiento por la tarde";"3947";"Bench Press (Barbell)";"Rest Timer";"";"";"";"";"110.0";"";""
"141";"2025-11-21 14:33:20";"Entrenamiento por la tarde";"3947";"Bench Press (Barbell)";"2";"70.30676";"8";"";"";"";"";""
"141";"2025-11-21 14:33:20";"Entrenamiento por la tarde";"3947";"Bench Press (Barbell)";"Rest Timer";"";"";"";"";"110.0";"";""
"141";"2025-11-21 14:33:20";"Entrenamiento por la tarde";"3947";"Bench Press (Barbell)";"3";"70.30676";"6";"";"";"";"";""
"141";"2025-11-21 14:33:20";"Entrenamiento por la tarde";"3947";"Bench Press (Barbell)";"Rest Timer";"";"";"";"";"110.0";"";""
"141";"2025-11-21 14:33:20";"Entrenamiento por la tarde";"3947";"Bicep Curl (Barbell)";"1";"22.6796";"12";"";"";"";"";""
"141";"2025-11-21 14:33:20";"Entrenamiento por la tarde";"3947";"Bicep Curl (Barbell)";"Rest Timer";"";"";"";"";"110.0";"";""
"141";"2025-11-21 14:33:20";"Entrenamiento por la tarde";"3947";"Bicep Curl (Barbell)";"2";"22.6796";"10";"";"";"";"";""
"141";"2025-11-21 14:33:20";"Entrenamiento por la tarde";"3947";"Bicep Curl (Barbell)";"Rest Timer";"";"";"";"";"110.0";"";""
"141";"2025-11-21 14:33:20";"Entrenamiento por la tarde";"3947";"Bicep Curl (Barbell)";"3";"22.6796";"8";"";"";"";"";""
"141";"2025-11-21 14:33:20";"Entrenamiento por la tarde";"3947";"Bicep Curl (Barbell)";"Rest Timer";"";"";"";"";"110.0";"";""
"141";"2025-11-21 14:33:20";"Entrenamiento por la tarde";"3947";"Chest Dip";"1";"0.0";"10";"";"";"";"";""
"141";"2025-11-21 14:33:20";"Entrenamiento por la tarde";"3947";"Chest Dip";"Rest Timer";"";"";"";"";"110.0";"";""
"141";"2025-11-21 14:33:20";"Entrenamiento por la tarde";"3947";"Chest Dip";"2";"0.0";"7";"";"";"";"";""
"141";"2025-11-21 14:33:20";"Entrenamiento por la tarde";"3947";"Chest Dip";"Rest Timer";"";"";"";"";"110.0";"";""
"141";"2025-11-21 14:33:20";"Entrenamiento por la tarde";"3947";"Chest Dip";"3";"0.0";"6";"";"";"";"";""
"141";"2025-11-21 14:33:20";"Entrenamiento por la tarde";"3947";"Chest Dip";"Rest Timer";"";"";"";"";"110.0";"";""
"141";"2025-11-21 14:33:20";"Entrenamiento por la tarde";"3947";"Knee Raise (Captain's Chair)";"1";"0.0";"10";"";"";"";"";""
"141";"2025-11-21 14:33:20";"Entrenamiento por la tarde";"3947";"Knee Raise (Captain's Chair)";"Rest Timer";"";"";"";"";"110.0";"";""
"141";"2025-11-21 14:33:20";"Entrenamiento por la tarde";"3947";"Knee Raise (Captain's Chair)";"2";"0.0";"11";"";"";"";"";""
"141";"2025-11-21 14:33:20";"Entrenamiento por la tarde";"3947";"Knee Raise (Captain's Chair)";"Rest Timer";"";"";"";"";"110.0";"";""
"141";"2025-11-21 14:33:20";"Entrenamiento por la tarde";"3947";"Knee Raise (Captain's Chair)";"3";"0.0";"10";"";"";"";"";""
"141";"2025-11-21 14:33:20";"Entrenamiento por la tarde";"3947";"Knee Raise (Captain's Chair)";"Rest Timer";"";"";"";"";"110.0";"";""
"141";"2025-11-21 14:33:20";"Entrenamiento por la tarde";"3947";"Hip Thrust (Machine)";"1";"11.3398";"10";"";"";"";"";""
"141";"2025-11-21 14:33:20";"Entrenamiento por la tarde";"3947";"Hip Thrust (Machine)";"Rest Timer";"";"";"";"";"120.0";"";""
"141";"2025-11-21 14:33:20";"Entrenamiento por la tarde";"3947";"Hip Thrust (Machine)";"2";"15.87572";"8";"";"";"";"";""
"141";"2025-11-21 14:33:20";"Entrenamiento por la tarde";"3947";"Hip Thrust (Machine)";"Rest Timer";"";"";"";"";"120.0";"";""
"141";"2025-11-21 14:33:20";"Entrenamiento por la tarde";"3947";"Hip Thrust (Machine)";"3";"15.87572";"8";"";"";"";"";""
"141";"2025-11-21 14:33:20";"Entrenamiento por la tarde";"3947";"Hip Thrust (Machine)";"Rest Timer";"";"";"";"";"120.0";"";""
"141";"2025-11-21 14:33:20";"Entrenamiento por la tarde";"3947";"Standing Calf Raise (Machine)";"1";"61.23492";"10";"";"";"";"";""
"141";"2025-11-21 14:33:20";"Entrenamiento por la tarde";"3947";"Standing Calf Raise (Machine)";"Rest Timer";"";"";"";"";"120.0";"";""
"141";"2025-11-21 14:33:20";"Entrenamiento por la tarde";"3947";"Standing Calf Raise (Machine)";"2";"61.23492";"9";"";"";"";"";""
"141";"2025-11-21 14:33:20";"Entrenamiento por la tarde";"3947";"Standing Calf Raise (Machine)";"Rest Timer";"";"";"";"";"120.0";"";""
"141";"2025-11-21 14:33:20";"Entrenamiento por la tarde";"3947";"Standing Calf Raise (Machine)";"3";"54.431039999999996";"10";"";"";"";"";""
"141";"2025-11-21 14:33:20";"Entrenamiento por la tarde";"3947";"Standing Calf Raise (Machine)";"Rest Timer";"";"";"";"";"120.0";"";""
"142";"2025-11-22 10:06:21";"Entrenamiento por la mañana";"2743";"Seated Row (Cable)";"F";"54.884631999999996";"8";"";"";"";"";""
"142";"2025-11-22 10:06:21";"Entrenamiento por la mañana";"2743";"Seated Row (Cable)";"Rest Timer";"";"";"";"";"110.0";"";""
"142";"2025-11-22 10:06:21";"Entrenamiento por la mañana";"2743";"Seated Row (Cable)";"F";"54.884631999999996";"9";"";"";"";"";""
"142";"2025-11-22 10:06:21";"Entrenamiento por la mañana";"2743";"Seated Row (Cable)";"Rest Timer";"";"";"";"";"110.0";"";""
"142";"2025-11-22 10:06:21";"Entrenamiento por la mañana";"2743";"Seated Row (Cable)";"F";"54.884631999999996";"8";"";"";"";"";""
"142";"2025-11-22 10:06:21";"Entrenamiento por la mañana";"2743";"Seated Row (Cable)";"Rest Timer";"";"";"";"";"110.0";"";""
"142";"2025-11-22 10:06:21";"Entrenamiento por la mañana";"2743";"Triceps Extension";"1";"22.452804";"12";"";"";"";"";""
"142";"2025-11-22 10:06:21";"Entrenamiento por la mañana";"2743";"Triceps Extension";"Rest Timer";"";"";"";"";"110.0";"";""
"142";"2025-11-22 10:06:21";"Entrenamiento por la mañana";"2743";"Triceps Extension";"2";"22.452804";"10";"";"";"";"";""
"142";"2025-11-22 10:06:21";"Entrenamiento por la mañana";"2743";"Triceps Extension";"Rest Timer";"";"";"";"";"110.0";"";""
"142";"2025-11-22 10:06:21";"Entrenamiento por la mañana";"2743";"Triceps Extension";"3";"22.452804";"8";"";"";"";"";""
"142";"2025-11-22 10:06:21";"Entrenamiento por la mañana";"2743";"Triceps Extension";"Rest Timer";"";"";"";"";"110.0";"";""
"142";"2025-11-22 10:06:21";"Entrenamiento por la mañana";"2743";"Lat Pulldown - Wide Grip (Cable)";"1";"49.89512";"14";"";"";"";"";""
"142";"2025-11-22 10:06:21";"Entrenamiento por la mañana";"2743";"Lat Pulldown - Wide Grip (Cable)";"Rest Timer";"";"";"";"";"120.0";"";""
"142";"2025-11-22 10:06:21";"Entrenamiento por la mañana";"2743";"Lat Pulldown - Wide Grip (Cable)";"2";"54.884631999999996";"8";"";"";"";"";""
"142";"2025-11-22 10:06:21";"Entrenamiento por la mañana";"2743";"Lat Pulldown - Wide Grip (Cable)";"Rest Timer";"";"";"";"";"120.0";"";""
"142";"2025-11-22 10:06:21";"Entrenamiento por la mañana";"2743";"Lat Pulldown - Wide Grip (Cable)";"3";"49.89512";"8";"";"";"";"";""
"142";"2025-11-22 10:06:21";"Entrenamiento por la mañana";"2743";"Lat Pulldown - Wide Grip (Cable)";"Rest Timer";"";"";"";"";"120.0";"";""
"142";"2025-11-22 10:06:21";"Entrenamiento por la mañana";"2743";"Toes To Bar";"1";"";"6";"";"";"";"";""
"142";"2025-11-22 10:06:21";"Entrenamiento por la mañana";"2743";"Toes To Bar";"Rest Timer";"";"";"";"";"110.0";"";""
"142";"2025-11-22 10:06:21";"Entrenamiento por la mañana";"2743";"Toes To Bar";"2";"";"7";"";"";"";"";""
"142";"2025-11-22 10:06:21";"Entrenamiento por la mañana";"2743";"Toes To Bar";"Rest Timer";"";"";"";"";"110.0";"";""
"142";"2025-11-22 10:06:21";"Entrenamiento por la mañana";"2743";"Toes To Bar";"3";"";"6";"";"";"";"";""
"142";"2025-11-22 10:06:21";"Entrenamiento por la mañana";"2743";"Toes To Bar";"Rest Timer";"";"";"";"";"110.0";"";""
"142";"2025-11-22 10:06:21";"Entrenamiento por la mañana";"2743";"Leg Extension (Machine)";"1";"59.874144";"12";"";"";"";"";""
"142";"2025-11-22 10:06:21";"Entrenamiento por la mañana";"2743";"Leg Extension (Machine)";"Rest Timer";"";"";"";"";"120.0";"";""
"142";"2025-11-22 10:06:21";"Entrenamiento por la mañana";"2743";"Leg Extension (Machine)";"2";"59.874144";"12";"";"";"";"";""
"142";"2025-11-22 10:06:21";"Entrenamiento por la mañana";"2743";"Leg Extension (Machine)";"Rest Timer";"";"";"";"";"120.0";"";""
"142";"2025-11-22 10:06:21";"Entrenamiento por la mañana";"2743";"Leg Extension (Machine)";"F";"64.863656";"12";"";"";"";"";""
"142";"2025-11-22 10:06:21";"Entrenamiento por la mañana";"2743";"Leg Extension (Machine)";"Rest Timer";"";"";"";"";"120.0";"";""
"142";"2025-11-22 10:06:21";"Entrenamiento por la mañana";"2743";"Lying Leg Curl (Machine)";"F";"39.916095999999996";"10";"";"";"";"";""
"142";"2025-11-22 10:06:21";"Entrenamiento por la mañana";"2743";"Lying Leg Curl (Machine)";"Rest Timer";"";"";"";"";"120.0";"";""
"142";"2025-11-22 10:06:21";"Entrenamiento por la mañana";"2743";"Lying Leg Curl (Machine)";"F";"39.916095999999996";"10";"";"";"";"";""
"142";"2025-11-22 10:06:21";"Entrenamiento por la mañana";"2743";"Lying Leg Curl (Machine)";"Rest Timer";"";"";"";"";"120.0";"";""
"142";"2025-11-22 10:06:21";"Entrenamiento por la mañana";"2743";"Lying Leg Curl (Machine)";"3";"45.3592";"8";"";"";"";"";""
"142";"2025-11-22 10:06:21";"Entrenamiento por la mañana";"2743";"Lying Leg Curl (Machine)";"Rest Timer";"";"";"";"";"120.0";"";""
"143";"2025-11-23 12:07:48";"Entrenamiento de mediodía";"3199";"Hip Abductor (Machine)";"1";"52.16308";"12";"";"";"";"";""
"143";"2025-11-23 12:07:48";"Entrenamiento de mediodía";"3199";"Hip Abductor (Machine)";"Rest Timer";"";"";"";"";"120.0";"";""
"143";"2025-11-23 12:07:48";"Entrenamiento de mediodía";"3199";"Hip Abductor (Machine)";"2";"52.16308";"12";"";"";"";"";""
"143";"2025-11-23 12:07:48";"Entrenamiento de mediodía";"3199";"Hip Abductor (Machine)";"Rest Timer";"";"";"";"";"120.0";"";""
"143";"2025-11-23 12:07:48";"Entrenamiento de mediodía";"3199";"Hip Abductor (Machine)";"3";"52.16308";"12";"";"";"";"";""
"143";"2025-11-23 12:07:48";"Entrenamiento de mediodía";"3199";"Hip Abductor (Machine)";"Rest Timer";"";"";"";"";"120.0";"";""
"143";"2025-11-23 12:07:48";"Entrenamiento de mediodía";"3199";"Seated Calf Raise (Machine)";"1";"52.16308";"10";"";"";"";"";""
"143";"2025-11-23 12:07:48";"Entrenamiento de mediodía";"3199";"Seated Calf Raise (Machine)";"2";"58.96696";"12";"";"";"";"";""
"143";"2025-11-23 12:07:48";"Entrenamiento de mediodía";"3199";"Seated Calf Raise (Machine)";"Rest Timer";"";"";"";"";"120.0";"";""
"143";"2025-11-23 12:07:48";"Entrenamiento de mediodía";"3199";"Seated Calf Raise (Machine)";"3";"58.96696";"11";"";"";"";"";""
"143";"2025-11-23 12:07:48";"Entrenamiento de mediodía";"3199";"Seated Calf Raise (Machine)";"Rest Timer";"";"";"";"";"120.0";"";""
"143";"2025-11-23 12:07:48";"Entrenamiento de mediodía";"3199";"Hip Adductor (Machine)";"1";"52.16308";"12";"";"";"";"";""
"143";"2025-11-23 12:07:48";"Entrenamiento de mediodía";"3199";"Hip Adductor (Machine)";"Rest Timer";"";"";"";"";"120.0";"";""
"143";"2025-11-23 12:07:48";"Entrenamiento de mediodía";"3199";"Hip Adductor (Machine)";"2";"52.16308";"12";"";"";"";"";""
"143";"2025-11-23 12:07:48";"Entrenamiento de mediodía";"3199";"Hip Adductor (Machine)";"Rest Timer";"";"";"";"";"120.0";"";""
"143";"2025-11-23 12:07:48";"Entrenamiento de mediodía";"3199";"Hip Adductor (Machine)";"3";"52.16308";"12";"";"";"";"";""
"143";"2025-11-23 12:07:48";"Entrenamiento de mediodía";"3199";"Hip Adductor (Machine)";"Rest Timer";"";"";"";"";"120.0";"";""
"143";"2025-11-23 12:07:48";"Entrenamiento de mediodía";"3199";"Back Extension";"1";"11.3398";"12";"";"";"";"";""
"143";"2025-11-23 12:07:48";"Entrenamiento de mediodía";"3199";"Back Extension";"Rest Timer";"";"";"";"";"120.0";"";""
"143";"2025-11-23 12:07:48";"Entrenamiento de mediodía";"3199";"Back Extension";"2";"11.3398";"12";"";"";"";"";""
"143";"2025-11-23 12:07:48";"Entrenamiento de mediodía";"3199";"Back Extension";"Rest Timer";"";"";"";"";"120.0";"";""
"143";"2025-11-23 12:07:48";"Entrenamiento de mediodía";"3199";"Back Extension";"3";"11.3398";"12";"";"";"";"";""
"143";"2025-11-23 12:07:48";"Entrenamiento de mediodía";"3199";"Back Extension";"Rest Timer";"";"";"";"";"120.0";"";""
"143";"2025-11-23 12:07:48";"Entrenamiento de mediodía";"3199";"Crunch";"1";"0.0";"22";"";"";"";"";""
"143";"2025-11-23 12:07:48";"Entrenamiento de mediodía";"3199";"Crunch";"Rest Timer";"";"";"";"";"120.0";"";""
"143";"2025-11-23 12:07:48";"Entrenamiento de mediodía";"3199";"Crunch";"2";"0.0";"20";"";"";"";"";""
"143";"2025-11-23 12:07:48";"Entrenamiento de mediodía";"3199";"Crunch";"Rest Timer";"";"";"";"";"120.0";"";""
"143";"2025-11-23 12:07:48";"Entrenamiento de mediodía";"3199";"Crunch";"3";"0.0";"15";"";"";"";"";""
"143";"2025-11-23 12:07:48";"Entrenamiento de mediodía";"3199";"Crunch";"Rest Timer";"";"";"";"";"120.0";"";""
"143";"2025-11-23 12:07:48";"Entrenamiento de mediodía";"3199";"Mountain Climber";"1";"";"12";"";"";"";"";""
"143";"2025-11-23 12:07:48";"Entrenamiento de mediodía";"3199";"Mountain Climber";"Rest Timer";"";"";"";"";"120.0";"";""
"143";"2025-11-23 12:07:48";"Entrenamiento de mediodía";"3199";"Mountain Climber";"2";"";"10";"";"";"";"";""
"143";"2025-11-23 12:07:48";"Entrenamiento de mediodía";"3199";"Mountain Climber";"Rest Timer";"";"";"";"";"120.0";"";""
"143";"2025-11-23 12:07:48";"Entrenamiento de mediodía";"3199";"Mountain Climber";"3";"";"8";"";"";"";"";""
"143";"2025-11-23 12:07:48";"Entrenamiento de mediodía";"3199";"Mountain Climber";"Rest Timer";"";"";"";"";"120.0";"";""
"144";"2025-11-29 11:30:55";"Entrenamiento por la mañana";"3309";"Squat (Barbell)";"F";"45.3592";"12";"";"";"";"";""
"144";"2025-11-29 11:30:55";"Entrenamiento por la mañana";"3309";"Squat (Barbell)";"Rest Timer";"";"";"";"";"110.0";"";""
"144";"2025-11-29 11:30:55";"Entrenamiento por la mañana";"3309";"Squat (Barbell)";"F";"61.23492";"7";"";"";"";"";""
"144";"2025-11-29 11:30:55";"Entrenamiento por la mañana";"3309";"Squat (Barbell)";"Rest Timer";"";"";"";"";"110.0";"";""
"144";"2025-11-29 11:30:55";"Entrenamiento por la mañana";"3309";"Squat (Barbell)";"F";"61.23492";"7";"";"";"";"";""
"144";"2025-11-29 11:30:55";"Entrenamiento por la mañana";"3309";"Squat (Barbell)";"Rest Timer";"";"";"";"";"110.0";"";""
"144";"2025-11-29 11:30:55";"Entrenamiento por la mañana";"3309";"Cable Crossover";"1";"12.246984";"10";"";"";"";"";""
"144";"2025-11-29 11:30:55";"Entrenamiento por la mañana";"3309";"Cable Crossover";"Rest Timer";"";"";"";"";"110.0";"";""
"144";"2025-11-29 11:30:55";"Entrenamiento por la mañana";"3309";"Cable Crossover";"2";"12.246984";"8";"";"";"";"";""
"144";"2025-11-29 11:30:55";"Entrenamiento por la mañana";"3309";"Cable Crossover";"Rest Timer";"";"";"";"";"110.0";"";""
"144";"2025-11-29 11:30:55";"Entrenamiento por la mañana";"3309";"Cable Crossover";"3";"14.968536";"7";"";"";"";"";""
"144";"2025-11-29 11:30:55";"Entrenamiento por la mañana";"3309";"Cable Crossover";"Rest Timer";"";"";"";"";"110.0";"";""
"144";"2025-11-29 11:30:55";"Entrenamiento por la mañana";"3309";"Hip Thrust (Machine)";"1";"31.75144";"8";"";"";"";"";""
"144";"2025-11-29 11:30:55";"Entrenamiento por la mañana";"3309";"Hip Thrust (Machine)";"Rest Timer";"";"";"";"";"120.0";"";""
"144";"2025-11-29 11:30:55";"Entrenamiento por la mañana";"3309";"Hip Thrust (Machine)";"2";"31.75144";"7";"";"";"";"";""
"144";"2025-11-29 11:30:55";"Entrenamiento por la mañana";"3309";"Hip Thrust (Machine)";"Rest Timer";"";"";"";"";"120.0";"";""
"144";"2025-11-29 11:30:55";"Entrenamiento por la mañana";"3309";"Hip Thrust (Machine)";"3";"31.75144";"7";"";"";"";"";""
"144";"2025-11-29 11:30:55";"Entrenamiento por la mañana";"3309";"Hip Thrust (Machine)";"Rest Timer";"";"";"";"";"120.0";"";""
"144";"2025-11-29 11:30:55";"Entrenamiento por la mañana";"3309";"Seated Row (Cable)";"F";"54.884631999999996";"8";"";"";"";"";""
"144";"2025-11-29 11:30:55";"Entrenamiento por la mañana";"3309";"Seated Row (Cable)";"Rest Timer";"";"";"";"";"110.0";"";""
"144";"2025-11-29 11:30:55";"Entrenamiento por la mañana";"3309";"Seated Row (Cable)";"F";"54.884631999999996";"8";"";"";"";"";""
"144";"2025-11-29 11:30:55";"Entrenamiento por la mañana";"3309";"Seated Row (Cable)";"Rest Timer";"";"";"";"";"110.0";"";""
"144";"2025-11-29 11:30:55";"Entrenamiento por la mañana";"3309";"Seated Row (Cable)";"F";"54.884631999999996";"7";"";"";"";"";""
"144";"2025-11-29 11:30:55";"Entrenamiento por la mañana";"3309";"Seated Row (Cable)";"Rest Timer";"";"";"";"";"110.0";"";""
"144";"2025-11-29 11:30:55";"Entrenamiento por la mañana";"3309";"Plank";"1";"";"";"";"";"30.0";"";""
"144";"2025-11-29 11:30:55";"Entrenamiento por la mañana";"3309";"Plank";"Rest Timer";"";"";"";"";"120.0";"";""
"144";"2025-11-29 11:30:55";"Entrenamiento por la mañana";"3309";"Plank";"2";"";"";"";"";"30.0";"";""
"144";"2025-11-29 11:30:55";"Entrenamiento por la mañana";"3309";"Plank";"Rest Timer";"";"";"";"";"120.0";"";""
"144";"2025-11-29 11:30:55";"Entrenamiento por la mañana";"3309";"Plank";"3";"";"";"";"";"30.0";"";""
"144";"2025-11-29 11:30:55";"Entrenamiento por la mañana";"3309";"Plank";"Rest Timer";"";"";"";"";"120.0";"";""
"144";"2025-11-29 11:30:55";"Entrenamiento por la mañana";"3309";"Knee Raise (Captain's Chair)";"1";"0.0";"10";"";"";"";"";""
"144";"2025-11-29 11:30:55";"Entrenamiento por la mañana";"3309";"Knee Raise (Captain's Chair)";"Rest Timer";"";"";"";"";"110.0";"";""
"144";"2025-11-29 11:30:55";"Entrenamiento por la mañana";"3309";"Knee Raise (Captain's Chair)";"2";"0.0";"10";"";"";"";"";""
"144";"2025-11-29 11:30:55";"Entrenamiento por la mañana";"3309";"Knee Raise (Captain's Chair)";"Rest Timer";"";"";"";"";"110.0";"";""
"144";"2025-11-29 11:30:55";"Entrenamiento por la mañana";"3309";"Knee Raise (Captain's Chair)";"3";"0.0";"10";"";"";"";"";""
"144";"2025-11-29 11:30:55";"Entrenamiento por la mañana";"3309";"Knee Raise (Captain's Chair)";"Rest Timer";"";"";"";"";"110.0";"";""
"145";"2025-11-30 09:45:44";"Entrenamiento por la mañana";"4123";"Hip Thrust (Barbell)";"1";"45.3592";"10";"";"";"";"";""
"145";"2025-11-30 09:45:44";"Entrenamiento por la mañana";"4123";"Hip Thrust (Barbell)";"Rest Timer";"";"";"";"";"120.0";"";""
"145";"2025-11-30 09:45:44";"Entrenamiento por la mañana";"4123";"Hip Thrust (Barbell)";"2";"61.23492";"8";"";"";"";"";""
"145";"2025-11-30 09:45:44";"Entrenamiento por la mañana";"4123";"Hip Thrust (Barbell)";"Rest Timer";"";"";"";"";"120.0";"";""
"145";"2025-11-30 09:45:44";"Entrenamiento por la mañana";"4123";"Hip Thrust (Barbell)";"3";"65.77083999999999";"8";"";"";"";"";""
"145";"2025-11-30 09:45:44";"Entrenamiento por la mañana";"4123";"Hip Thrust (Barbell)";"Rest Timer";"";"";"";"";"120.0";"";""
"145";"2025-11-30 09:45:44";"Entrenamiento por la mañana";"4123";"Deadlift (Barbell)";"1";"70.30676";"10";"";"";"";"";""
"145";"2025-11-30 09:45:44";"Entrenamiento por la mañana";"4123";"Deadlift (Barbell)";"Rest Timer";"";"";"";"";"110.0";"";""
"145";"2025-11-30 09:45:44";"Entrenamiento por la mañana";"4123";"Deadlift (Barbell)";"2";"70.30676";"8";"";"";"";"";""
"145";"2025-11-30 09:45:44";"Entrenamiento por la mañana";"4123";"Deadlift (Barbell)";"Rest Timer";"";"";"";"";"110.0";"";""
"145";"2025-11-30 09:45:44";"Entrenamiento por la mañana";"4123";"Deadlift (Barbell)";"3";"74.84268";"10";"";"";"";"";""
"145";"2025-11-30 09:45:44";"Entrenamiento por la mañana";"4123";"Deadlift (Barbell)";"Rest Timer";"";"";"";"";"110.0";"";""
"145";"2025-11-30 09:45:44";"Entrenamiento por la mañana";"4123";"Cable Twist";"1";"10.20582";"10";"";"";"";"";""
"145";"2025-11-30 09:45:44";"Entrenamiento por la mañana";"4123";"Cable Twist";"Rest Timer";"";"";"";"";"120.0";"";""
"145";"2025-11-30 09:45:44";"Entrenamiento por la mañana";"4123";"Cable Twist";"2";"10.20582";"10";"";"";"";"";""
"145";"2025-11-30 09:45:44";"Entrenamiento por la mañana";"4123";"Cable Twist";"Rest Timer";"";"";"";"";"120.0";"";""
"145";"2025-11-30 09:45:44";"Entrenamiento por la mañana";"4123";"Cable Twist";"3";"10.20582";"10";"";"";"";"";""
"145";"2025-11-30 09:45:44";"Entrenamiento por la mañana";"4123";"Cable Twist";"Rest Timer";"";"";"";"";"120.0";"";""
"145";"2025-11-30 09:45:44";"Entrenamiento por la mañana";"4123";"Straight Pulldown ";"1";"29.937072";"8";"";"";"";"";""
"145";"2025-11-30 09:45:44";"Entrenamiento por la mañana";"4123";"Straight Pulldown ";"Rest Timer";"";"";"";"";"110.0";"";""
"145";"2025-11-30 09:45:44";"Entrenamiento por la mañana";"4123";"Straight Pulldown ";"2";"29.937072";"8";"";"";"";"";""
"145";"2025-11-30 09:45:44";"Entrenamiento por la mañana";"4123";"Straight Pulldown ";"Rest Timer";"";"";"";"";"110.0";"";""
"145";"2025-11-30 09:45:44";"Entrenamiento por la mañana";"4123";"Straight Pulldown ";"3";"27.442315999999998";"10";"";"";"";"";""
"145";"2025-11-30 09:45:44";"Entrenamiento por la mañana";"4123";"Straight Pulldown ";"Rest Timer";"";"";"";"";"110.0";"";""
"146";"2025-12-05 18:59:58";"Entrenamiento por la tarde";"3199";"Bench Press (Barbell)";"1";"74.84268";"10";"";"";"";"";""
"146";"2025-12-05 18:59:58";"Entrenamiento por la tarde";"3199";"Bench Press (Barbell)";"Rest Timer";"";"";"";"";"110.0";"";""
"146";"2025-12-05 18:59:58";"Entrenamiento por la tarde";"3199";"Bench Press (Barbell)";"2";"74.84268";"7";"";"";"";"";""
"146";"2025-12-05 18:59:58";"Entrenamiento por la tarde";"3199";"Bench Press (Barbell)";"Rest Timer";"";"";"";"";"110.0";"";""
"146";"2025-12-05 18:59:58";"Entrenamiento por la tarde";"3199";"Bench Press (Barbell)";"3";"65.77083999999999";"8";"";"";"";"";""
"146";"2025-12-05 18:59:58";"Entrenamiento por la tarde";"3199";"Bench Press (Barbell)";"Rest Timer";"";"";"";"";"110.0";"";""
"146";"2025-12-05 18:59:58";"Entrenamiento por la tarde";"3199";"Bicep Curl (Barbell)";"1";"22.6796";"12";"";"";"";"";""
"146";"2025-12-05 18:59:58";"Entrenamiento por la tarde";"3199";"Bicep Curl (Barbell)";"Rest Timer";"";"";"";"";"110.0";"";""
"146";"2025-12-05 18:59:58";"Entrenamiento por la tarde";"3199";"Bicep Curl (Barbell)";"2";"22.6796";"10";"";"";"";"";""
"146";"2025-12-05 18:59:58";"Entrenamiento por la tarde";"3199";"Bicep Curl (Barbell)";"Rest Timer";"";"";"";"";"110.0";"";""
"146";"2025-12-05 18:59:58";"Entrenamiento por la tarde";"3199";"Bicep Curl (Barbell)";"3";"22.6796";"8";"";"";"";"";""
"146";"2025-12-05 18:59:58";"Entrenamiento por la tarde";"3199";"Bicep Curl (Barbell)";"Rest Timer";"";"";"";"";"110.0";"";""
"146";"2025-12-05 18:59:58";"Entrenamiento por la tarde";"3199";"Triceps Extension (Cable)";"1";"19.958047999999998";"9";"";"";"";"";""
"146";"2025-12-05 18:59:58";"Entrenamiento por la tarde";"3199";"Triceps Extension (Cable)";"Rest Timer";"";"";"";"";"110.0";"";""
"146";"2025-12-05 18:59:58";"Entrenamiento por la tarde";"3199";"Triceps Extension (Cable)";"2";"19.958047999999998";"9";"";"";"";"";""
"146";"2025-12-05 18:59:58";"Entrenamiento por la tarde";"3199";"Triceps Extension (Cable)";"Rest Timer";"";"";"";"";"110.0";"";""
"146";"2025-12-05 18:59:58";"Entrenamiento por la tarde";"3199";"Triceps Extension (Cable)";"3";"19.958047999999998";"8";"";"";"";"";""
"146";"2025-12-05 18:59:58";"Entrenamiento por la tarde";"3199";"Triceps Extension (Cable)";"Rest Timer";"";"";"";"";"110.0";"";""
"146";"2025-12-05 18:59:58";"Entrenamiento por la tarde";"3199";"Hip Thrust (Barbell)";"1";"70.30676";"6";"";"";"";"";""
"146";"2025-12-05 18:59:58";"Entrenamiento por la tarde";"3199";"Hip Thrust (Barbell)";"Rest Timer";"";"";"";"";"120.0";"";""
"146";"2025-12-05 18:59:58";"Entrenamiento por la tarde";"3199";"Hip Thrust (Barbell)";"2";"70.30676";"8";"";"";"";"";""
"146";"2025-12-05 18:59:58";"Entrenamiento por la tarde";"3199";"Hip Thrust (Barbell)";"Rest Timer";"";"";"";"";"120.0";"";""
"146";"2025-12-05 18:59:58";"Entrenamiento por la tarde";"3199";"Hip Thrust (Barbell)";"3";"70.30676";"8";"";"";"";"";""
"146";"2025-12-05 18:59:58";"Entrenamiento por la tarde";"3199";"Hip Thrust (Barbell)";"Rest Timer";"";"";"";"";"120.0";"";""
"146";"2025-12-05 18:59:58";"Entrenamiento por la tarde";"3199";"Standing Calf Raise (Dumbbell)";"1";"15.87572";"12";"";"";"";"";""
"146";"2025-12-05 18:59:58";"Entrenamiento por la tarde";"3199";"Standing Calf Raise (Dumbbell)";"Rest Timer";"";"";"";"";"120.0";"";""
"146";"2025-12-05 18:59:58";"Entrenamiento por la tarde";"3199";"Standing Calf Raise (Dumbbell)";"2";"15.87572";"12";"";"";"";"";""
"146";"2025-12-05 18:59:58";"Entrenamiento por la tarde";"3199";"Standing Calf Raise (Dumbbell)";"Rest Timer";"";"";"";"";"120.0";"";""
"146";"2025-12-05 18:59:58";"Entrenamiento por la tarde";"3199";"Standing Calf Raise (Dumbbell)";"3";"15.87572";"12";"";"";"";"";""
"146";"2025-12-05 18:59:58";"Entrenamiento por la tarde";"3199";"Standing Calf Raise (Dumbbell)";"Rest Timer";"";"";"";"";"120.0";"";""
"147";"2025-12-07 09:37:10";"Entrenamiento por la mañana";"2832";"Lat Pulldown (Cable)";"1";"54.884631999999996";"12";"";"";"";"";""
"147";"2025-12-07 09:37:10";"Entrenamiento por la mañana";"2832";"Lat Pulldown (Cable)";"Rest Timer";"";"";"";"";"110.0";"";""
"147";"2025-12-07 09:37:10";"Entrenamiento por la mañana";"2832";"Lat Pulldown (Cable)";"2";"64.863656";"8";"";"";"";"";""
"147";"2025-12-07 09:37:10";"Entrenamiento por la mañana";"2832";"Lat Pulldown (Cable)";"Rest Timer";"";"";"";"";"110.0";"";""
"147";"2025-12-07 09:37:10";"Entrenamiento por la mañana";"2832";"Lat Pulldown (Cable)";"3";"64.863656";"8";"";"";"";"";""
"147";"2025-12-07 09:37:10";"Entrenamiento por la mañana";"2832";"Lat Pulldown (Cable)";"Rest Timer";"";"";"";"";"110.0";"";""
"147";"2025-12-07 09:37:10";"Entrenamiento por la mañana";"2832";"Toes To Bar";"1";"";"8";"";"";"";"";""
"147";"2025-12-07 09:37:10";"Entrenamiento por la mañana";"2832";"Toes To Bar";"Rest Timer";"";"";"";"";"110.0";"";""
"147";"2025-12-07 09:37:10";"Entrenamiento por la mañana";"2832";"Toes To Bar";"2";"";"6";"";"";"";"";""
"147";"2025-12-07 09:37:10";"Entrenamiento por la mañana";"2832";"Toes To Bar";"Rest Timer";"";"";"";"";"110.0";"";""
"147";"2025-12-07 09:37:10";"Entrenamiento por la mañana";"2832";"Toes To Bar";"3";"";"6";"";"";"";"";""
"147";"2025-12-07 09:37:10";"Entrenamiento por la mañana";"2832";"Toes To Bar";"Rest Timer";"";"";"";"";"110.0";"";""
"147";"2025-12-07 09:37:10";"Entrenamiento por la mañana";"2832";"Overhead Press (Dumbbell)";"F";"13.607759999999999";"15";"";"";"";"";""
"147";"2025-12-07 09:37:10";"Entrenamiento por la mañana";"2832";"Overhead Press (Dumbbell)";"Rest Timer";"";"";"";"";"110.0";"";""
"147";"2025-12-07 09:37:10";"Entrenamiento por la mañana";"2832";"Overhead Press (Dumbbell)";"F";"13.607759999999999";"16";"";"";"";"";""
"147";"2025-12-07 09:37:10";"Entrenamiento por la mañana";"2832";"Overhead Press (Dumbbell)";"Rest Timer";"";"";"";"";"110.0";"";""
"147";"2025-12-07 09:37:10";"Entrenamiento por la mañana";"2832";"Overhead Press (Dumbbell)";"F";"22.6796";"10";"";"";"";"";""
"147";"2025-12-07 09:37:10";"Entrenamiento por la mañana";"2832";"Overhead Press (Dumbbell)";"Rest Timer";"";"";"";"";"110.0";"";""
"147";"2025-12-07 09:37:10";"Entrenamiento por la mañana";"2832";"Reverse Fly (Dumbbell)";"F";"6.8038799999999995";"12";"";"";"";"";""
"147";"2025-12-07 09:37:10";"Entrenamiento por la mañana";"2832";"Reverse Fly (Dumbbell)";"Rest Timer";"";"";"";"";"110.0";"";""
"147";"2025-12-07 09:37:10";"Entrenamiento por la mañana";"2832";"Reverse Fly (Dumbbell)";"F";"6.8038799999999995";"12";"";"";"";"";""
"147";"2025-12-07 09:37:10";"Entrenamiento por la mañana";"2832";"Reverse Fly (Dumbbell)";"Rest Timer";"";"";"";"";"110.0";"";""
"147";"2025-12-07 09:37:10";"Entrenamiento por la mañana";"2832";"Reverse Fly (Dumbbell)";"3";"6.8038799999999995";"12";"";"";"";"";""
"147";"2025-12-07 09:37:10";"Entrenamiento por la mañana";"2832";"Reverse Fly (Dumbbell)";"Rest Timer";"";"";"";"";"110.0";"";""
"147";"2025-12-07 09:37:10";"Entrenamiento por la mañana";"2832";"Squat (Barbell)";"F";"49.89512";"10";"";"";"";"";""
"147";"2025-12-07 09:37:10";"Entrenamiento por la mañana";"2832";"Squat (Barbell)";"Rest Timer";"";"";"";"";"110.0";"";""
"147";"2025-12-07 09:37:10";"Entrenamiento por la mañana";"2832";"Squat (Barbell)";"F";"49.89512";"12";"";"";"";"";""
"147";"2025-12-07 09:37:10";"Entrenamiento por la mañana";"2832";"Squat (Barbell)";"Rest Timer";"";"";"";"";"110.0";"";""
"147";"2025-12-07 09:37:10";"Entrenamiento por la mañana";"2832";"Squat (Barbell)";"F";"49.89512";"10";"";"";"";"";""
"147";"2025-12-07 09:37:10";"Entrenamiento por la mañana";"2832";"Squat (Barbell)";"Rest Timer";"";"";"";"";"110.0";"";""
"147";"2025-12-07 09:37:10";"Entrenamiento por la mañana";"2832";"Lunge (Dumbbell)";"1";"11.3398";"10";"";"";"";"";""
"147";"2025-12-07 09:37:10";"Entrenamiento por la mañana";"2832";"Lunge (Dumbbell)";"Rest Timer";"";"";"";"";"110.0";"";""
"147";"2025-12-07 09:37:10";"Entrenamiento por la mañana";"2832";"Lunge (Dumbbell)";"2";"11.3398";"10";"";"";"";"";""
"147";"2025-12-07 09:37:10";"Entrenamiento por la mañana";"2832";"Lunge (Dumbbell)";"Rest Timer";"";"";"";"";"110.0";"";""
"147";"2025-12-07 09:37:10";"Entrenamiento por la mañana";"2832";"Lunge (Dumbbell)";"3";"11.3398";"10";"";"";"";"";""
"147";"2025-12-07 09:37:10";"Entrenamiento por la mañana";"2832";"Lunge (Dumbbell)";"Rest Timer";"";"";"";"";"110.0";"";""
"148";"2025-12-26 14:39:19";"Entrenamiento por la tarde";"2100";"Hip Thrust (Barbell)";"1";"61.23492";"12";"";"";"";"";""
"148";"2025-12-26 14:39:19";"Entrenamiento por la tarde";"2100";"Hip Thrust (Barbell)";"Rest Timer";"";"";"";"";"120.0";"";""
"148";"2025-12-26 14:39:19";"Entrenamiento por la tarde";"2100";"Hip Thrust (Barbell)";"2";"83.91452";"10";"";"";"";"";""
"148";"2025-12-26 14:39:19";"Entrenamiento por la tarde";"2100";"Hip Thrust (Barbell)";"Rest Timer";"";"";"";"";"120.0";"";""
"148";"2025-12-26 14:39:19";"Entrenamiento por la tarde";"2100";"Hip Thrust (Barbell)";"3";"83.91452";"10";"";"";"";"";""
"148";"2025-12-26 14:39:19";"Entrenamiento por la tarde";"2100";"Hip Thrust (Barbell)";"Rest Timer";"";"";"";"";"120.0";"";""
"148";"2025-12-26 14:39:19";"Entrenamiento por la tarde";"2100";"Hip Thrust (Barbell)";"4";"83.91452";"8";"";"";"";"";""
"148";"2025-12-26 14:39:19";"Entrenamiento por la tarde";"2100";"Hip Thrust (Barbell)";"Rest Timer";"";"";"";"";"120.0";"";""
"148";"2025-12-26 14:39:19";"Entrenamiento por la tarde";"2100";"Bulgarian Split Squat";"1";"11.3398";"8";"";"";"";"";""
"148";"2025-12-26 14:39:19";"Entrenamiento por la tarde";"2100";"Bulgarian Split Squat";"Rest Timer";"";"";"";"";"110.0";"";""
"148";"2025-12-26 14:39:19";"Entrenamiento por la tarde";"2100";"Bulgarian Split Squat";"2";"11.3398";"8";"";"";"";"";""
"148";"2025-12-26 14:39:19";"Entrenamiento por la tarde";"2100";"Bulgarian Split Squat";"Rest Timer";"";"";"";"";"110.0";"";""
"148";"2025-12-26 14:39:19";"Entrenamiento por la tarde";"2100";"Bulgarian Split Squat";"3";"11.3398";"8";"";"";"";"";""
"148";"2025-12-26 14:39:19";"Entrenamiento por la tarde";"2100";"Bulgarian Split Squat";"Rest Timer";"";"";"";"";"110.0";"";""
"148";"2025-12-26 14:39:19";"Entrenamiento por la tarde";"2100";"Bulgarian Split Squat";"4";"11.3398";"6";"";"";"";"";""
"148";"2025-12-26 14:39:19";"Entrenamiento por la tarde";"2100";"Bulgarian Split Squat";"Rest Timer";"";"";"";"";"110.0";"";""
"148";"2025-12-26 14:39:19";"Entrenamiento por la tarde";"2100";"Chin Up";"1";"0.0";"6";"";"";"";"";""
"148";"2025-12-26 14:39:19";"Entrenamiento por la tarde";"2100";"Chin Up";"Rest Timer";"";"";"";"";"110.0";"";""
"148";"2025-12-26 14:39:19";"Entrenamiento por la tarde";"2100";"Chin Up";"2";"0.0";"5";"";"";"";"";""
"148";"2025-12-26 14:39:19";"Entrenamiento por la tarde";"2100";"Chin Up";"Rest Timer";"";"";"";"";"110.0";"";""
"148";"2025-12-26 14:39:19";"Entrenamiento por la tarde";"2100";"Chin Up";"3";"0.0";"5";"";"";"";"";""
"148";"2025-12-26 14:39:19";"Entrenamiento por la tarde";"2100";"Chin Up";"Rest Timer";"";"";"";"";"110.0";"";""
"148";"2025-12-26 14:39:19";"Entrenamiento por la tarde";"2100";"Chin Up";"4";"0.0";"6";"";"";"";"";""
"148";"2025-12-26 14:39:19";"Entrenamiento por la tarde";"2100";"Chin Up";"Rest Timer";"";"";"";"";"110.0";"";""
"149";"2025-12-27 13:23:06";"Entrenamiento de mediodía";"4003";"Plank";"1";"";"";"";"";"60.0";"";""
"149";"2025-12-27 13:23:06";"Entrenamiento de mediodía";"4003";"Plank";"Rest Timer";"";"";"";"";"120.0";"";""
"149";"2025-12-27 13:23:06";"Entrenamiento de mediodía";"4003";"Plank";"2";"";"";"";"";"70.0";"";""
"149";"2025-12-27 13:23:06";"Entrenamiento de mediodía";"4003";"Plank";"Rest Timer";"";"";"";"";"120.0";"";""
"149";"2025-12-27 13:23:06";"Entrenamiento de mediodía";"4003";"Plank";"3";"";"";"";"";"75.0";"";""
"149";"2025-12-27 13:23:06";"Entrenamiento de mediodía";"4003";"Plank";"Rest Timer";"";"";"";"";"120.0";"";""
"149";"2025-12-27 13:23:06";"Entrenamiento de mediodía";"4003";"Knee Raise (Captain's Chair)";"1";"0.0";"12";"";"";"";"";""
"149";"2025-12-27 13:23:06";"Entrenamiento de mediodía";"4003";"Knee Raise (Captain's Chair)";"Rest Timer";"";"";"";"";"110.0";"";""
"149";"2025-12-27 13:23:06";"Entrenamiento de mediodía";"4003";"Knee Raise (Captain's Chair)";"2";"0.0";"10";"";"";"";"";""
"149";"2025-12-27 13:23:06";"Entrenamiento de mediodía";"4003";"Knee Raise (Captain's Chair)";"Rest Timer";"";"";"";"";"110.0";"";""
"149";"2025-12-27 13:23:06";"Entrenamiento de mediodía";"4003";"Knee Raise (Captain's Chair)";"3";"0.0";"10";"";"";"";"";""
"149";"2025-12-27 13:23:06";"Entrenamiento de mediodía";"4003";"Knee Raise (Captain's Chair)";"Rest Timer";"";"";"";"";"110.0";"";""
"149";"2025-12-27 13:23:06";"Entrenamiento de mediodía";"4003";"Hip Adductor (Machine)";"1";"52.16308";"11";"";"";"";"";""
"149";"2025-12-27 13:23:06";"Entrenamiento de mediodía";"4003";"Hip Adductor (Machine)";"Rest Timer";"";"";"";"";"120.0";"";""
"149";"2025-12-27 13:23:06";"Entrenamiento de mediodía";"4003";"Hip Adductor (Machine)";"2";"52.16308";"10";"";"";"";"";""
"149";"2025-12-27 13:23:06";"Entrenamiento de mediodía";"4003";"Hip Adductor (Machine)";"Rest Timer";"";"";"";"";"120.0";"";""
"149";"2025-12-27 13:23:06";"Entrenamiento de mediodía";"4003";"Hip Adductor (Machine)";"3";"52.16308";"8";"";"";"";"";""
"149";"2025-12-27 13:23:06";"Entrenamiento de mediodía";"4003";"Hip Adductor (Machine)";"Rest Timer";"";"";"";"";"120.0";"";""
"149";"2025-12-27 13:23:06";"Entrenamiento de mediodía";"4003";"Hip Abductor (Machine)";"1";"52.16308";"11";"";"";"";"";""
"149";"2025-12-27 13:23:06";"Entrenamiento de mediodía";"4003";"Hip Abductor (Machine)";"Rest Timer";"";"";"";"";"120.0";"";""
"149";"2025-12-27 13:23:06";"Entrenamiento de mediodía";"4003";"Hip Abductor (Machine)";"2";"52.16308";"10";"";"";"";"";""
"149";"2025-12-27 13:23:06";"Entrenamiento de mediodía";"4003";"Hip Abductor (Machine)";"Rest Timer";"";"";"";"";"120.0";"";""
"149";"2025-12-27 13:23:06";"Entrenamiento de mediodía";"4003";"Hip Abductor (Machine)";"3";"52.16308";"10";"";"";"";"";""
"149";"2025-12-27 13:23:06";"Entrenamiento de mediodía";"4003";"Hip Abductor (Machine)";"Rest Timer";"";"";"";"";"120.0";"";""
"149";"2025-12-27 13:23:06";"Entrenamiento de mediodía";"4003";"Standing Calf Raise (Dumbbell)";"1";"15.87572";"12";"";"";"";"";""
"149";"2025-12-27 13:23:06";"Entrenamiento de mediodía";"4003";"Standing Calf Raise (Dumbbell)";"Rest Timer";"";"";"";"";"120.0";"";""
"149";"2025-12-27 13:23:06";"Entrenamiento de mediodía";"4003";"Standing Calf Raise (Dumbbell)";"2";"15.87572";"12";"";"";"";"";""
"149";"2025-12-27 13:23:06";"Entrenamiento de mediodía";"4003";"Standing Calf Raise (Dumbbell)";"Rest Timer";"";"";"";"";"120.0";"";""
"149";"2025-12-27 13:23:06";"Entrenamiento de mediodía";"4003";"Standing Calf Raise (Dumbbell)";"3";"15.87572";"14";"";"";"";"";""
"149";"2025-12-27 13:23:06";"Entrenamiento de mediodía";"4003";"Standing Calf Raise (Dumbbell)";"Rest Timer";"";"";"";"";"120.0";"";""
"150";"2026-01-04 14:25:20";"Entrenamiento por la tarde";"2033";"Hip Thrust (Barbell)";"1";"61.23492";"10";"";"";"";"";""
"150";"2026-01-04 14:25:20";"Entrenamiento por la tarde";"2033";"Hip Thrust (Barbell)";"Rest Timer";"";"";"";"";"120.0";"";""
"150";"2026-01-04 14:25:20";"Entrenamiento por la tarde";"2033";"Hip Thrust (Barbell)";"2";"61.23492";"15";"";"";"";"";""
"150";"2026-01-04 14:25:20";"Entrenamiento por la tarde";"2033";"Hip Thrust (Barbell)";"Rest Timer";"";"";"";"";"120.0";"";""
"150";"2026-01-04 14:25:20";"Entrenamiento por la tarde";"2033";"Hip Thrust (Barbell)";"3";"83.91452";"12";"";"";"";"";""
"150";"2026-01-04 14:25:20";"Entrenamiento por la tarde";"2033";"Hip Thrust (Barbell)";"Rest Timer";"";"";"";"";"120.0";"";""
"150";"2026-01-04 14:25:20";"Entrenamiento por la tarde";"2033";"Bulgarian Split Squat";"1";"9.07184";"10";"";"";"";"";""
"150";"2026-01-04 14:25:20";"Entrenamiento por la tarde";"2033";"Bulgarian Split Squat";"Rest Timer";"";"";"";"";"110.0";"";""
"150";"2026-01-04 14:25:20";"Entrenamiento por la tarde";"2033";"Bulgarian Split Squat";"2";"9.07184";"8";"";"";"";"";""
"150";"2026-01-04 14:25:20";"Entrenamiento por la tarde";"2033";"Bulgarian Split Squat";"Rest Timer";"";"";"";"";"110.0";"";""
"150";"2026-01-04 14:25:20";"Entrenamiento por la tarde";"2033";"Bulgarian Split Squat";"3";"9.07184";"8";"";"";"";"";""
"150";"2026-01-04 14:25:20";"Entrenamiento por la tarde";"2033";"Bulgarian Split Squat";"Rest Timer";"";"";"";"";"110.0";"";""
"150";"2026-01-04 14:25:20";"Entrenamiento por la tarde";"2033";"Toes To Bar";"1";"";"6";"";"";"";"";""
"150";"2026-01-04 14:25:20";"Entrenamiento por la tarde";"2033";"Toes To Bar";"Rest Timer";"";"";"";"";"110.0";"";""
"150";"2026-01-04 14:25:20";"Entrenamiento por la tarde";"2033";"Toes To Bar";"2";"";"8";"";"";"";"";""
"150";"2026-01-04 14:25:20";"Entrenamiento por la tarde";"2033";"Toes To Bar";"Rest Timer";"";"";"";"";"110.0";"";""
"150";"2026-01-04 14:25:20";"Entrenamiento por la tarde";"2033";"Toes To Bar";"3";"";"6";"";"";"";"";""
"150";"2026-01-04 14:25:20";"Entrenamiento por la tarde";"2033";"Toes To Bar";"Rest Timer";"";"";"";"";"110.0";"";""
"150";"2026-01-04 14:25:20";"Entrenamiento por la tarde";"2033";"Plank";"1";"";"";"";"";"75.0";"";""
"150";"2026-01-04 14:25:20";"Entrenamiento por la tarde";"2033";"Plank";"Rest Timer";"";"";"";"";"120.0";"";""
"150";"2026-01-04 14:25:20";"Entrenamiento por la tarde";"2033";"Plank";"2";"";"";"";"";"80.0";"";""
"150";"2026-01-04 14:25:20";"Entrenamiento por la tarde";"2033";"Plank";"Rest Timer";"";"";"";"";"120.0";"";""
"150";"2026-01-04 14:25:20";"Entrenamiento por la tarde";"2033";"Plank";"3";"";"";"";"";"80.0";"";""
"150";"2026-01-04 14:25:20";"Entrenamiento por la tarde";"2033";"Plank";"Rest Timer";"";"";"";"";"120.0";"";""
"151";"2026-01-06 19:47:23";"Entrenamiento por la tarde noche";"2940";"Overhead Press (Dumbbell)";"F";"20.41164";"12";"";"";"";"";""
"151";"2026-01-06 19:47:23";"Entrenamiento por la tarde noche";"2940";"Overhead Press (Dumbbell)";"Rest Timer";"";"";"";"";"110.0";"";""
"151";"2026-01-06 19:47:23";"Entrenamiento por la tarde noche";"2940";"Overhead Press (Dumbbell)";"F";"20.41164";"10";"";"";"";"";""
"151";"2026-01-06 19:47:23";"Entrenamiento por la tarde noche";"2940";"Overhead Press (Dumbbell)";"Rest Timer";"";"";"";"";"110.0";"";""
"151";"2026-01-06 19:47:23";"Entrenamiento por la tarde noche";"2940";"Overhead Press (Dumbbell)";"F";"20.41164";"10";"";"";"";"";""
"151";"2026-01-06 19:47:23";"Entrenamiento por la tarde noche";"2940";"Overhead Press (Dumbbell)";"Rest Timer";"";"";"";"";"110.0";"";""
"151";"2026-01-06 19:47:23";"Entrenamiento por la tarde noche";"2940";"Front Raise (Dumbbell)";"F";"6.8038799999999995";"13";"";"";"";"";""
"151";"2026-01-06 19:47:23";"Entrenamiento por la tarde noche";"2940";"Front Raise (Dumbbell)";"Rest Timer";"";"";"";"";"110.0";"";""
"151";"2026-01-06 19:47:23";"Entrenamiento por la tarde noche";"2940";"Front Raise (Dumbbell)";"F";"6.8038799999999995";"10";"";"";"";"";""
"151";"2026-01-06 19:47:23";"Entrenamiento por la tarde noche";"2940";"Front Raise (Dumbbell)";"Rest Timer";"";"";"";"";"110.0";"";""
"151";"2026-01-06 19:47:23";"Entrenamiento por la tarde noche";"2940";"Front Raise (Dumbbell)";"F";"6.8038799999999995";"10";"";"";"";"";""
"151";"2026-01-06 19:47:23";"Entrenamiento por la tarde noche";"2940";"Front Raise (Dumbbell)";"Rest Timer";"";"";"";"";"110.0";"";""
"151";"2026-01-06 19:47:23";"Entrenamiento por la tarde noche";"2940";"Lateral Raise (Dumbbell)";"F";"6.8038799999999995";"13";"";"";"";"";""
"151";"2026-01-06 19:47:23";"Entrenamiento por la tarde noche";"2940";"Lateral Raise (Dumbbell)";"Rest Timer";"";"";"";"";"110.0";"";""
"151";"2026-01-06 19:47:23";"Entrenamiento por la tarde noche";"2940";"Lateral Raise (Dumbbell)";"F";"6.8038799999999995";"12";"";"";"";"";""
"151";"2026-01-06 19:47:23";"Entrenamiento por la tarde noche";"2940";"Lateral Raise (Dumbbell)";"Rest Timer";"";"";"";"";"110.0";"";""
"151";"2026-01-06 19:47:23";"Entrenamiento por la tarde noche";"2940";"Lateral Raise (Dumbbell)";"3";"6.8038799999999995";"10";"";"";"";"";""
"151";"2026-01-06 19:47:23";"Entrenamiento por la tarde noche";"2940";"Lateral Raise (Dumbbell)";"Rest Timer";"";"";"";"";"110.0";"";""
"151";"2026-01-06 19:47:23";"Entrenamiento por la tarde noche";"2940";"Reverse Fly (Dumbbell)";"F";"6.8038799999999995";"13";"";"";"";"";""
"151";"2026-01-06 19:47:23";"Entrenamiento por la tarde noche";"2940";"Reverse Fly (Dumbbell)";"Rest Timer";"";"";"";"";"110.0";"";""
"151";"2026-01-06 19:47:23";"Entrenamiento por la tarde noche";"2940";"Reverse Fly (Dumbbell)";"F";"6.8038799999999995";"12";"";"";"";"";""
"151";"2026-01-06 19:47:23";"Entrenamiento por la tarde noche";"2940";"Reverse Fly (Dumbbell)";"Rest Timer";"";"";"";"";"110.0";"";""
"151";"2026-01-06 19:47:23";"Entrenamiento por la tarde noche";"2940";"Reverse Fly (Dumbbell)";"3";"6.8038799999999995";"13";"";"";"";"";""
"151";"2026-01-06 19:47:23";"Entrenamiento por la tarde noche";"2940";"Reverse Fly (Dumbbell)";"Rest Timer";"";"";"";"";"110.0";"";""
"151";"2026-01-06 19:47:23";"Entrenamiento por la tarde noche";"2940";"Bent Over One Arm Row (Dumbbell)";"1";"20.41164";"14";"";"";"";"";""
"151";"2026-01-06 19:47:23";"Entrenamiento por la tarde noche";"2940";"Bent Over One Arm Row (Dumbbell)";"Rest Timer";"";"";"";"";"110.0";"";""
"151";"2026-01-06 19:47:23";"Entrenamiento por la tarde noche";"2940";"Bent Over One Arm Row (Dumbbell)";"2";"20.41164";"12";"";"";"";"";""
"151";"2026-01-06 19:47:23";"Entrenamiento por la tarde noche";"2940";"Bent Over One Arm Row (Dumbbell)";"Rest Timer";"";"";"";"";"110.0";"";""
"151";"2026-01-06 19:47:23";"Entrenamiento por la tarde noche";"2940";"Bent Over One Arm Row (Dumbbell)";"3";"20.41164";"12";"";"";"";"";""
"151";"2026-01-06 19:47:23";"Entrenamiento por la tarde noche";"2940";"Bent Over One Arm Row (Dumbbell)";"Rest Timer";"";"";"";"";"110.0";"";""
"151";"2026-01-06 19:47:23";"Entrenamiento por la tarde noche";"2940";"Triceps Extension (Dumbbell)";"1";"20.41164";"14";"";"";"";"";""
"151";"2026-01-06 19:47:23";"Entrenamiento por la tarde noche";"2940";"Triceps Extension (Dumbbell)";"Rest Timer";"";"";"";"";"110.0";"";""
"151";"2026-01-06 19:47:23";"Entrenamiento por la tarde noche";"2940";"Triceps Extension (Dumbbell)";"2";"20.41164";"12";"";"";"";"";""
"151";"2026-01-06 19:47:23";"Entrenamiento por la tarde noche";"2940";"Triceps Extension (Dumbbell)";"Rest Timer";"";"";"";"";"110.0";"";""
"151";"2026-01-06 19:47:23";"Entrenamiento por la tarde noche";"2940";"Triceps Extension (Dumbbell)";"3";"20.41164";"12";"";"";"";"";""
"151";"2026-01-06 19:47:23";"Entrenamiento por la tarde noche";"2940";"Triceps Extension (Dumbbell)";"Rest Timer";"";"";"";"";"110.0";"";""
"152";"2026-01-07 18:40:29";"Entrenamiento por la tarde noche";"2539";"Lunge (Dumbbell)";"1";"13.607759999999999";"10";"";"";"";"";""
"152";"2026-01-07 18:40:29";"Entrenamiento por la tarde noche";"2539";"Lunge (Dumbbell)";"Rest Timer";"";"";"";"";"110.0";"";""
"152";"2026-01-07 18:40:29";"Entrenamiento por la tarde noche";"2539";"Lunge (Dumbbell)";"2";"13.607759999999999";"10";"";"";"";"";""
"152";"2026-01-07 18:40:29";"Entrenamiento por la tarde noche";"2539";"Lunge (Dumbbell)";"Rest Timer";"";"";"";"";"110.0";"";""
"152";"2026-01-07 18:40:29";"Entrenamiento por la tarde noche";"2539";"Lunge (Dumbbell)";"3";"13.607759999999999";"10";"";"";"";"";""
"152";"2026-01-07 18:40:29";"Entrenamiento por la tarde noche";"2539";"Lunge (Dumbbell)";"Rest Timer";"";"";"";"";"110.0";"";""
"152";"2026-01-07 18:40:29";"Entrenamiento por la tarde noche";"2539";"Lunge (Dumbbell)";"4";"13.607759999999999";"10";"";"";"";"";""
"152";"2026-01-07 18:40:29";"Entrenamiento por la tarde noche";"2539";"Lunge (Dumbbell)";"Rest Timer";"";"";"";"";"110.0";"";""
"152";"2026-01-07 18:40:29";"Entrenamiento por la tarde noche";"2539";"Straight Leg Deadlift";"1";"49.89512";"10";"";"";"";"";""
"152";"2026-01-07 18:40:29";"Entrenamiento por la tarde noche";"2539";"Straight Leg Deadlift";"Rest Timer";"";"";"";"";"120.0";"";""
"152";"2026-01-07 18:40:29";"Entrenamiento por la tarde noche";"2539";"Straight Leg Deadlift";"2";"49.89512";"10";"";"";"";"";""
"152";"2026-01-07 18:40:29";"Entrenamiento por la tarde noche";"2539";"Straight Leg Deadlift";"Rest Timer";"";"";"";"";"120.0";"";""
"152";"2026-01-07 18:40:29";"Entrenamiento por la tarde noche";"2539";"Straight Leg Deadlift";"3";"49.89512";"7";"";"";"";"";""
"152";"2026-01-07 18:40:29";"Entrenamiento por la tarde noche";"2539";"Straight Leg Deadlift";"Rest Timer";"";"";"";"";"120.0";"";""
"152";"2026-01-07 18:40:29";"Entrenamiento por la tarde noche";"2539";"Straight Leg Deadlift";"4";"49.89512";"8";"";"";"";"";""
"152";"2026-01-07 18:40:29";"Entrenamiento por la tarde noche";"2539";"Straight Leg Deadlift";"Rest Timer";"";"";"";"";"120.0";"";""
"152";"2026-01-07 18:40:29";"Entrenamiento por la tarde noche";"2539";"Bench Press (Barbell)";"1";"61.23492";"14";"";"";"";"";""
"152";"2026-01-07 18:40:29";"Entrenamiento por la tarde noche";"2539";"Bench Press (Barbell)";"Rest Timer";"";"";"";"";"110.0";"";""
"152";"2026-01-07 18:40:29";"Entrenamiento por la tarde noche";"2539";"Bench Press (Barbell)";"2";"61.23492";"12";"";"";"";"";""
"152";"2026-01-07 18:40:29";"Entrenamiento por la tarde noche";"2539";"Bench Press (Barbell)";"Rest Timer";"";"";"";"";"110.0";"";""
"152";"2026-01-07 18:40:29";"Entrenamiento por la tarde noche";"2539";"Bicep Curl (Barbell)";"1";"22.6796";"12";"";"";"";"";""
"152";"2026-01-07 18:40:29";"Entrenamiento por la tarde noche";"2539";"Bicep Curl (Barbell)";"Rest Timer";"";"";"";"";"110.0";"";""
"152";"2026-01-07 18:40:29";"Entrenamiento por la tarde noche";"2539";"Bicep Curl (Barbell)";"2";"22.6796";"12";"";"";"";"";""
"152";"2026-01-07 18:40:29";"Entrenamiento por la tarde noche";"2539";"Bicep Curl (Barbell)";"Rest Timer";"";"";"";"";"110.0";"";""
"153";"2026-01-09 14:43:01";"Entrenamiento por la tarde";"1943";"Squat (Barbell)";"F";"61.23492";"12";"";"";"";"";""
"153";"2026-01-09 14:43:01";"Entrenamiento por la tarde";"1943";"Squat (Barbell)";"Rest Timer";"";"";"";"";"110.0";"";""
"153";"2026-01-09 14:43:01";"Entrenamiento por la tarde";"1943";"Squat (Barbell)";"F";"68.0388";"10";"";"";"";"";""
"153";"2026-01-09 14:43:01";"Entrenamiento por la tarde";"1943";"Squat (Barbell)";"Rest Timer";"";"";"";"";"110.0";"";""
"153";"2026-01-09 14:43:01";"Entrenamiento por la tarde";"1943";"Squat (Barbell)";"F";"68.0388";"9";"";"";"";"";""
"153";"2026-01-09 14:43:01";"Entrenamiento por la tarde";"1943";"Squat (Barbell)";"Rest Timer";"";"";"";"";"110.0";"";""
"153";"2026-01-09 14:43:01";"Entrenamiento por la tarde";"1943";"Hip Thrust (Barbell)";"1";"61.23492";"10";"";"";"";"";""
"153";"2026-01-09 14:43:01";"Entrenamiento por la tarde";"1943";"Hip Thrust (Barbell)";"Rest Timer";"";"";"";"";"120.0";"";""
"153";"2026-01-09 14:43:01";"Entrenamiento por la tarde";"1943";"Hip Thrust (Barbell)";"2";"83.91452";"10";"";"";"";"";""
"153";"2026-01-09 14:43:01";"Entrenamiento por la tarde";"1943";"Hip Thrust (Barbell)";"Rest Timer";"";"";"";"";"120.0";"";""
"153";"2026-01-09 14:43:01";"Entrenamiento por la tarde";"1943";"Hip Thrust (Barbell)";"3";"83.91452";"10";"";"";"";"";""
"153";"2026-01-09 14:43:01";"Entrenamiento por la tarde";"1943";"Hip Thrust (Barbell)";"Rest Timer";"";"";"";"";"120.0";"";""
"154";"2026-01-14 17:30:11";"Entrenamiento por la tarde";"5354";"Bench Press (Barbell)";"1";"70.30676";"12";"";"";"";"";""
"154";"2026-01-14 17:30:11";"Entrenamiento por la tarde";"5354";"Bench Press (Barbell)";"Rest Timer";"";"";"";"";"110.0";"";""
"154";"2026-01-14 17:30:11";"Entrenamiento por la tarde";"5354";"Bench Press (Barbell)";"2";"70.30676";"10";"";"";"";"";""
"154";"2026-01-14 17:30:11";"Entrenamiento por la tarde";"5354";"Bench Press (Barbell)";"Rest Timer";"";"";"";"";"110.0";"";""
"154";"2026-01-14 17:30:11";"Entrenamiento por la tarde";"5354";"Bench Press (Barbell)";"3";"70.30676";"6";"";"";"";"";""
"154";"2026-01-14 17:30:11";"Entrenamiento por la tarde";"5354";"Bench Press (Barbell)";"Rest Timer";"";"";"";"";"110.0";"";""
"154";"2026-01-14 17:30:11";"Entrenamiento por la tarde";"5354";"Incline Curl (Dumbbell)";"1";"13.607759999999999";"8";"";"";"";"";""
"154";"2026-01-14 17:30:11";"Entrenamiento por la tarde";"5354";"Incline Curl (Dumbbell)";"Rest Timer";"";"";"";"";"110.0";"";""
"154";"2026-01-14 17:30:11";"Entrenamiento por la tarde";"5354";"Incline Curl (Dumbbell)";"2";"13.607759999999999";"6";"";"";"";"";""
"154";"2026-01-14 17:30:11";"Entrenamiento por la tarde";"5354";"Incline Curl (Dumbbell)";"Rest Timer";"";"";"";"";"110.0";"";""
"154";"2026-01-14 17:30:11";"Entrenamiento por la tarde";"5354";"Incline Curl (Dumbbell)";"3";"11.3398";"6";"";"";"";"";""
"154";"2026-01-14 17:30:11";"Entrenamiento por la tarde";"5354";"Incline Curl (Dumbbell)";"Rest Timer";"";"";"";"";"110.0";"";""
"154";"2026-01-14 17:30:11";"Entrenamiento por la tarde";"5354";"Cable Crossover";"1";"12.246984";"14";"";"";"";"";""
"154";"2026-01-14 17:30:11";"Entrenamiento por la tarde";"5354";"Cable Crossover";"Rest Timer";"";"";"";"";"110.0";"";""
"154";"2026-01-14 17:30:11";"Entrenamiento por la tarde";"5354";"Cable Crossover";"2";"12.246984";"13";"";"";"";"";""
"154";"2026-01-14 17:30:11";"Entrenamiento por la tarde";"5354";"Cable Crossover";"Rest Timer";"";"";"";"";"110.0";"";""
"154";"2026-01-14 17:30:11";"Entrenamiento por la tarde";"5354";"Cable Crossover";"3";"12.246984";"7";"";"";"";"";""
"154";"2026-01-14 17:30:11";"Entrenamiento por la tarde";"5354";"Cable Crossover";"Rest Timer";"";"";"";"";"110.0";"";""
"154";"2026-01-14 17:30:11";"Entrenamiento por la tarde";"5354";"Knee Raise (Captain's Chair)";"1";"0.0";"12";"";"";"";"";""
"154";"2026-01-14 17:30:11";"Entrenamiento por la tarde";"5354";"Knee Raise (Captain's Chair)";"Rest Timer";"";"";"";"";"110.0";"";""
"154";"2026-01-14 17:30:11";"Entrenamiento por la tarde";"5354";"Knee Raise (Captain's Chair)";"2";"0.0";"12";"";"";"";"";""
"154";"2026-01-14 17:30:11";"Entrenamiento por la tarde";"5354";"Knee Raise (Captain's Chair)";"Rest Timer";"";"";"";"";"110.0";"";""
"154";"2026-01-14 17:30:11";"Entrenamiento por la tarde";"5354";"Knee Raise (Captain's Chair)";"3";"0.0";"10";"";"";"";"";""
"154";"2026-01-14 17:30:11";"Entrenamiento por la tarde";"5354";"Knee Raise (Captain's Chair)";"Rest Timer";"";"";"";"";"110.0";"";""
"154";"2026-01-14 17:30:11";"Entrenamiento por la tarde";"5354";"Plank";"1";"";"";"";"";"90.0";"";""
"154";"2026-01-14 17:30:11";"Entrenamiento por la tarde";"5354";"Plank";"Rest Timer";"";"";"";"";"120.0";"";""
"154";"2026-01-14 17:30:11";"Entrenamiento por la tarde";"5354";"Plank";"2";"";"";"";"";"90.0";"";""
"154";"2026-01-14 17:30:11";"Entrenamiento por la tarde";"5354";"Plank";"Rest Timer";"";"";"";"";"120.0";"";""
"154";"2026-01-14 17:30:11";"Entrenamiento por la tarde";"5354";"Swimming";"1";"";"";"";"0.0";"1800.0";"";""
"154";"2026-01-14 17:30:11";"Entrenamiento por la tarde";"5354";"Swimming";"Rest Timer";"";"";"";"";"120.0";"";""
"155";"2026-01-15 16:20:48";"Entrenamiento por la tarde";"2856";"Seated Row (Cable)";"1";"54.884631999999996";"12";"";"";"";"";""
"155";"2026-01-15 16:20:48";"Entrenamiento por la tarde";"2856";"Seated Row (Cable)";"Rest Timer";"";"";"";"";"110.0";"";""
"155";"2026-01-15 16:20:48";"Entrenamiento por la tarde";"2856";"Seated Row (Cable)";"2";"54.884631999999996";"12";"";"";"";"";""
"155";"2026-01-15 16:20:48";"Entrenamiento por la tarde";"2856";"Seated Row (Cable)";"Rest Timer";"";"";"";"";"110.0";"";""
"155";"2026-01-15 16:20:48";"Entrenamiento por la tarde";"2856";"Seated Row (Cable)";"3";"54.884631999999996";"10";"";"";"";"";""
"155";"2026-01-15 16:20:48";"Entrenamiento por la tarde";"2856";"Seated Row (Cable)";"Rest Timer";"";"";"";"";"110.0";"";""
"155";"2026-01-15 16:20:48";"Entrenamiento por la tarde";"2856";"Straight Pulldown ";"1";"27.442315999999998";"12";"";"";"";"";""
"155";"2026-01-15 16:20:48";"Entrenamiento por la tarde";"2856";"Straight Pulldown ";"Rest Timer";"";"";"";"";"110.0";"";""
"155";"2026-01-15 16:20:48";"Entrenamiento por la tarde";"2856";"Straight Pulldown ";"2";"27.442315999999998";"10";"";"";"";"";""
"155";"2026-01-15 16:20:48";"Entrenamiento por la tarde";"2856";"Straight Pulldown ";"Rest Timer";"";"";"";"";"110.0";"";""
"155";"2026-01-15 16:20:48";"Entrenamiento por la tarde";"2856";"Straight Pulldown ";"3";"27.442315999999998";"10";"";"";"";"";""
"155";"2026-01-15 16:20:48";"Entrenamiento por la tarde";"2856";"Straight Pulldown ";"Rest Timer";"";"";"";"";"110.0";"";""
"155";"2026-01-15 16:20:48";"Entrenamiento por la tarde";"2856";"Face Pull (Cable)";"1";"22.452804";"12";"";"";"";"";""
"155";"2026-01-15 16:20:48";"Entrenamiento por la tarde";"2856";"Face Pull (Cable)";"Rest Timer";"";"";"";"";"110.0";"";""
"155";"2026-01-15 16:20:48";"Entrenamiento por la tarde";"2856";"Face Pull (Cable)";"2";"22.452804";"12";"";"";"";"";""
"155";"2026-01-15 16:20:48";"Entrenamiento por la tarde";"2856";"Face Pull (Cable)";"Rest Timer";"";"";"";"";"110.0";"";""
"155";"2026-01-15 16:20:48";"Entrenamiento por la tarde";"2856";"Face Pull (Cable)";"3";"22.452804";"11";"";"";"";"";""
"155";"2026-01-15 16:20:48";"Entrenamiento por la tarde";"2856";"Face Pull (Cable)";"Rest Timer";"";"";"";"";"110.0";"";""
"155";"2026-01-15 16:20:48";"Entrenamiento por la tarde";"2856";"Bicep Curl (Cable)";"1";"17.463292";"10";"";"";"";"";""
"155";"2026-01-15 16:20:48";"Entrenamiento por la tarde";"2856";"Bicep Curl (Cable)";"Rest Timer";"";"";"";"";"110.0";"";""
"155";"2026-01-15 16:20:48";"Entrenamiento por la tarde";"2856";"Bicep Curl (Cable)";"2";"17.463292";"10";"";"";"";"";""
"155";"2026-01-15 16:20:48";"Entrenamiento por la tarde";"2856";"Bicep Curl (Cable)";"Rest Timer";"";"";"";"";"110.0";"";""
"155";"2026-01-15 16:20:48";"Entrenamiento por la tarde";"2856";"Bicep Curl (Cable)";"3";"17.463292";"10";"";"";"";"";""
"155";"2026-01-15 16:20:48";"Entrenamiento por la tarde";"2856";"Bicep Curl (Cable)";"Rest Timer";"";"";"";"";"110.0";"";""
"155";"2026-01-15 16:20:48";"Entrenamiento por la tarde";"2856";"Plank";"1";"";"";"";"";"90.0";"";""
"155";"2026-01-15 16:20:48";"Entrenamiento por la tarde";"2856";"Plank";"Rest Timer";"";"";"";"";"120.0";"";""
"155";"2026-01-15 16:20:48";"Entrenamiento por la tarde";"2856";"Plank";"2";"";"";"";"";"90.0";"";""
"155";"2026-01-15 16:20:48";"Entrenamiento por la tarde";"2856";"Plank";"Rest Timer";"";"";"";"";"120.0";"";""
"155";"2026-01-15 16:20:48";"Entrenamiento por la tarde";"2856";"Plank";"3";"";"";"";"";"90.0";"";""
"155";"2026-01-15 16:20:48";"Entrenamiento por la tarde";"2856";"Plank";"Rest Timer";"";"";"";"";"120.0";"";""
"155";"2026-01-15 16:20:48";"Entrenamiento por la tarde";"2856";"Knee Raise (Captain's Chair)";"1";"0.0";"13";"";"";"";"";""
"155";"2026-01-15 16:20:48";"Entrenamiento por la tarde";"2856";"Knee Raise (Captain's Chair)";"Rest Timer";"";"";"";"";"110.0";"";""
"155";"2026-01-15 16:20:48";"Entrenamiento por la tarde";"2856";"Knee Raise (Captain's Chair)";"2";"0.0";"12";"";"";"";"";""
"155";"2026-01-15 16:20:48";"Entrenamiento por la tarde";"2856";"Knee Raise (Captain's Chair)";"Rest Timer";"";"";"";"";"110.0";"";""
"155";"2026-01-15 16:20:48";"Entrenamiento por la tarde";"2856";"Knee Raise (Captain's Chair)";"3";"0.0";"8";"";"";"";"";""
"155";"2026-01-15 16:20:48";"Entrenamiento por la tarde";"2856";"Knee Raise (Captain's Chair)";"Rest Timer";"";"";"";"";"110.0";"";""
"156";"2026-01-18 11:28:52";"Entrenamiento por la mañana";"3018";"Glute Kickback (Cable)";"1";"12.47378";"10";"";"";"";"";""
"156";"2026-01-18 11:28:52";"Entrenamiento por la mañana";"3018";"Glute Kickback (Cable)";"Rest Timer";"";"";"";"";"120.0";"";""
"156";"2026-01-18 11:28:52";"Entrenamiento por la mañana";"3018";"Glute Kickback (Cable)";"2";"12.47378";"10";"";"";"";"";""
"156";"2026-01-18 11:28:52";"Entrenamiento por la mañana";"3018";"Glute Kickback (Cable)";"Rest Timer";"";"";"";"";"120.0";"";""
"156";"2026-01-18 11:28:52";"Entrenamiento por la mañana";"3018";"Glute Kickback (Cable)";"3";"12.47378";"10";"";"";"";"";""
"156";"2026-01-18 11:28:52";"Entrenamiento por la mañana";"3018";"Glute Kickback (Cable)";"Rest Timer";"";"";"";"";"120.0";"";""
"156";"2026-01-18 11:28:52";"Entrenamiento por la mañana";"3018";"Lateral Glute Kickback (Cable)";"1";"7.484268";"8";"";"";"";"";""
"156";"2026-01-18 11:28:52";"Entrenamiento por la mañana";"3018";"Lateral Glute Kickback (Cable)";"Rest Timer";"";"";"";"";"120.0";"";""
"156";"2026-01-18 11:28:52";"Entrenamiento por la mañana";"3018";"Lateral Glute Kickback (Cable)";"2";"7.484268";"10";"";"";"";"";""
"156";"2026-01-18 11:28:52";"Entrenamiento por la mañana";"3018";"Lateral Glute Kickback (Cable)";"Rest Timer";"";"";"";"";"120.0";"";""
"156";"2026-01-18 11:28:52";"Entrenamiento por la mañana";"3018";"Lateral Glute Kickback (Cable)";"3";"7.484268";"8";"";"";"";"";""
"156";"2026-01-18 11:28:52";"Entrenamiento por la mañana";"3018";"Lateral Glute Kickback (Cable)";"Rest Timer";"";"";"";"";"120.0";"";""
"156";"2026-01-18 11:28:52";"Entrenamiento por la mañana";"3018";"Lunge (Dumbbell)";"1";"13.607759999999999";"10";"";"";"";"";""
"156";"2026-01-18 11:28:52";"Entrenamiento por la mañana";"3018";"Lunge (Dumbbell)";"Rest Timer";"";"";"";"";"110.0";"";""
"156";"2026-01-18 11:28:52";"Entrenamiento por la mañana";"3018";"Lunge (Dumbbell)";"2";"13.607759999999999";"11";"";"";"";"";""
"156";"2026-01-18 11:28:52";"Entrenamiento por la mañana";"3018";"Lunge (Dumbbell)";"Rest Timer";"";"";"";"";"110.0";"";""
"156";"2026-01-18 11:28:52";"Entrenamiento por la mañana";"3018";"Lunge (Dumbbell)";"3";"13.607759999999999";"8";"";"";"";"";""
"156";"2026-01-18 11:28:52";"Entrenamiento por la mañana";"3018";"Lunge (Dumbbell)";"Rest Timer";"";"";"";"";"110.0";"";""
"156";"2026-01-18 11:28:52";"Entrenamiento por la mañana";"3018";"Hip Thrust (Barbell)";"1";"77.11064";"8";"";"";"";"";""
"156";"2026-01-18 11:28:52";"Entrenamiento por la mañana";"3018";"Hip Thrust (Barbell)";"Rest Timer";"";"";"";"";"120.0";"";""
"156";"2026-01-18 11:28:52";"Entrenamiento por la mañana";"3018";"Hip Thrust (Barbell)";"2";"77.11064";"8";"";"";"";"";""
"156";"2026-01-18 11:28:52";"Entrenamiento por la mañana";"3018";"Hip Thrust (Barbell)";"Rest Timer";"";"";"";"";"120.0";"";""
"156";"2026-01-18 11:28:52";"Entrenamiento por la mañana";"3018";"Hip Thrust (Barbell)";"3";"77.11064";"8";"";"";"";"";""
"156";"2026-01-18 11:28:52";"Entrenamiento por la mañana";"3018";"Hip Thrust (Barbell)";"Rest Timer";"";"";"";"";"120.0";"";""
"157";"2026-01-20 14:48:02";"Entrenamiento por la tarde";"2215";"Squat (Barbell)";"F";"70.30676";"10";"";"";"";"";""
"157";"2026-01-20 14:48:02";"Entrenamiento por la tarde";"2215";"Squat (Barbell)";"Rest Timer";"";"";"";"";"110.0";"";""
"157";"2026-01-20 14:48:02";"Entrenamiento por la tarde";"2215";"Squat (Barbell)";"F";"72.57472";"7";"";"";"";"";""
"157";"2026-01-20 14:48:02";"Entrenamiento por la tarde";"2215";"Squat (Barbell)";"Rest Timer";"";"";"";"";"110.0";"";""
"157";"2026-01-20 14:48:02";"Entrenamiento por la tarde";"2215";"Squat (Barbell)";"F";"72.57472";"6";"";"";"";"";""
"157";"2026-01-20 14:48:02";"Entrenamiento por la tarde";"2215";"Squat (Barbell)";"Rest Timer";"";"";"";"";"110.0";"";""
"157";"2026-01-20 14:48:02";"Entrenamiento por la tarde";"2215";"Seated Row (Cable)";"1";"54.884631999999996";"14";"";"";"";"";""
"157";"2026-01-20 14:48:02";"Entrenamiento por la tarde";"2215";"Seated Row (Cable)";"Rest Timer";"";"";"";"";"110.0";"";""
"157";"2026-01-20 14:48:02";"Entrenamiento por la tarde";"2215";"Seated Row (Cable)";"2";"54.884631999999996";"12";"";"";"";"";""
"157";"2026-01-20 14:48:02";"Entrenamiento por la tarde";"2215";"Seated Row (Cable)";"Rest Timer";"";"";"";"";"110.0";"";""
"157";"2026-01-20 14:48:02";"Entrenamiento por la tarde";"2215";"Seated Row (Cable)";"3";"54.884631999999996";"10";"";"";"";"";""
"157";"2026-01-20 14:48:02";"Entrenamiento por la tarde";"2215";"Seated Row (Cable)";"Rest Timer";"";"";"";"";"110.0";"";""
"157";"2026-01-20 14:48:02";"Entrenamiento por la tarde";"2215";"Glute Kickback (Cable)";"1";"12.47378";"10";"";"";"";"";""
"157";"2026-01-20 14:48:02";"Entrenamiento por la tarde";"2215";"Glute Kickback (Cable)";"Rest Timer";"";"";"";"";"120.0";"";""
"157";"2026-01-20 14:48:02";"Entrenamiento por la tarde";"2215";"Glute Kickback (Cable)";"2";"12.47378";"10";"";"";"";"";""
"157";"2026-01-20 14:48:02";"Entrenamiento por la tarde";"2215";"Glute Kickback (Cable)";"Rest Timer";"";"";"";"";"120.0";"";""
"157";"2026-01-20 14:48:02";"Entrenamiento por la tarde";"2215";"Lateral Glute Kickback (Cable)";"1";"9.979023999999999";"8";"";"";"";"";""
"157";"2026-01-20 14:48:02";"Entrenamiento por la tarde";"2215";"Lateral Glute Kickback (Cable)";"Rest Timer";"";"";"";"";"120.0";"";""
"157";"2026-01-20 14:48:02";"Entrenamiento por la tarde";"2215";"Lateral Glute Kickback (Cable)";"2";"9.979023999999999";"6";"";"";"";"";""
"157";"2026-01-20 14:48:02";"Entrenamiento por la tarde";"2215";"Lateral Glute Kickback (Cable)";"Rest Timer";"";"";"";"";"120.0";"";""
"158";"2026-01-28 18:25:58";"Entrenamiento por la tarde noche";"3289";"Bench Press (Barbell)";"1";"74.84268";"8";"";"";"";"";""
"158";"2026-01-28 18:25:58";"Entrenamiento por la tarde noche";"3289";"Bench Press (Barbell)";"Rest Timer";"";"";"";"";"110.0";"";""
"158";"2026-01-28 18:25:58";"Entrenamiento por la tarde noche";"3289";"Bench Press (Barbell)";"2";"77.11064";"10";"";"";"";"";""
"158";"2026-01-28 18:25:58";"Entrenamiento por la tarde noche";"3289";"Bench Press (Barbell)";"Rest Timer";"";"";"";"";"110.0";"";""
"158";"2026-01-28 18:25:58";"Entrenamiento por la tarde noche";"3289";"Bench Press (Barbell)";"3";"77.11064";"8";"";"";"";"";""
"158";"2026-01-28 18:25:58";"Entrenamiento por la tarde noche";"3289";"Bench Press (Barbell)";"Rest Timer";"";"";"";"";"110.0";"";""
"158";"2026-01-28 18:25:58";"Entrenamiento por la tarde noche";"3289";"Bicep Curl (Barbell)";"1";"22.6796";"15";"";"";"";"";""
"158";"2026-01-28 18:25:58";"Entrenamiento por la tarde noche";"3289";"Bicep Curl (Barbell)";"Rest Timer";"";"";"";"";"110.0";"";""
"158";"2026-01-28 18:25:58";"Entrenamiento por la tarde noche";"3289";"Bicep Curl (Barbell)";"2";"22.6796";"12";"";"";"";"";""
"158";"2026-01-28 18:25:58";"Entrenamiento por la tarde noche";"3289";"Bicep Curl (Barbell)";"Rest Timer";"";"";"";"";"110.0";"";""
"158";"2026-01-28 18:25:58";"Entrenamiento por la tarde noche";"3289";"Bicep Curl (Barbell)";"3";"22.6796";"12";"";"";"";"";""
"158";"2026-01-28 18:25:58";"Entrenamiento por la tarde noche";"3289";"Bicep Curl (Barbell)";"Rest Timer";"";"";"";"";"110.0";"";""
"158";"2026-01-28 18:25:58";"Entrenamiento por la tarde noche";"3289";"Toes To Bar";"1";"";"8";"";"";"";"";""
"158";"2026-01-28 18:25:58";"Entrenamiento por la tarde noche";"3289";"Toes To Bar";"Rest Timer";"";"";"";"";"110.0";"";""
"158";"2026-01-28 18:25:58";"Entrenamiento por la tarde noche";"3289";"Toes To Bar";"2";"";"8";"";"";"";"";""
"158";"2026-01-28 18:25:58";"Entrenamiento por la tarde noche";"3289";"Toes To Bar";"Rest Timer";"";"";"";"";"110.0";"";""
"158";"2026-01-28 18:25:58";"Entrenamiento por la tarde noche";"3289";"Toes To Bar";"3";"";"8";"";"";"";"";""
"158";"2026-01-28 18:25:58";"Entrenamiento por la tarde noche";"3289";"Toes To Bar";"Rest Timer";"";"";"";"";"110.0";"";""
"158";"2026-01-28 18:25:58";"Entrenamiento por la tarde noche";"3289";"Triceps Extension (Cable)";"1";"19.958047999999998";"10";"";"";"";"";""
"158";"2026-01-28 18:25:58";"Entrenamiento por la tarde noche";"3289";"Triceps Extension (Cable)";"Rest Timer";"";"";"";"";"110.0";"";""
"158";"2026-01-28 18:25:58";"Entrenamiento por la tarde noche";"3289";"Triceps Extension (Cable)";"2";"19.958047999999998";"11";"";"";"";"";""
"158";"2026-01-28 18:25:58";"Entrenamiento por la tarde noche";"3289";"Triceps Extension (Cable)";"Rest Timer";"";"";"";"";"110.0";"";""
"158";"2026-01-28 18:25:58";"Entrenamiento por la tarde noche";"3289";"Triceps Extension (Cable)";"3";"19.958047999999998";"9";"";"";"";"";""
"158";"2026-01-28 18:25:58";"Entrenamiento por la tarde noche";"3289";"Triceps Extension (Cable)";"Rest Timer";"";"";"";"";"110.0";"";""
"158";"2026-01-28 18:25:58";"Entrenamiento por la tarde noche";"3289";"Torso Rotation (Cable)";"1";"10.20582";"12";"";"";"";"";""
"158";"2026-01-28 18:25:58";"Entrenamiento por la tarde noche";"3289";"Torso Rotation (Cable)";"Rest Timer";"";"";"";"";"120.0";"";""
"158";"2026-01-28 18:25:58";"Entrenamiento por la tarde noche";"3289";"Torso Rotation (Cable)";"2";"12.47378";"12";"";"";"";"";""
"158";"2026-01-28 18:25:58";"Entrenamiento por la tarde noche";"3289";"Torso Rotation (Cable)";"Rest Timer";"";"";"";"";"120.0";"";""
"158";"2026-01-28 18:25:58";"Entrenamiento por la tarde noche";"3289";"Torso Rotation (Cable)";"3";"12.47378";"12";"";"";"";"";""
"158";"2026-01-28 18:25:58";"Entrenamiento por la tarde noche";"3289";"Torso Rotation (Cable)";"Rest Timer";"";"";"";"";"120.0";"";""
"158";"2026-01-28 18:25:58";"Entrenamiento por la tarde noche";"3289";"Stretching";"1";"";"";"";"";"300.0";"";""
"158";"2026-01-28 18:25:58";"Entrenamiento por la tarde noche";"3289";"Stretching";"Rest Timer";"";"";"";"";"120.0";"";""
"159";"2026-01-31 11:59:56";"Entrenamiento por la mañana";"2367";"Lunge (Dumbbell)";"1";"18.14368";"8";"";"";"";"";""
"159";"2026-01-31 11:59:56";"Entrenamiento por la mañana";"2367";"Lunge (Dumbbell)";"Rest Timer";"";"";"";"";"110.0";"";""
"159";"2026-01-31 11:59:56";"Entrenamiento por la mañana";"2367";"Lunge (Dumbbell)";"2";"18.14368";"6";"";"";"";"";""
"159";"2026-01-31 11:59:56";"Entrenamiento por la mañana";"2367";"Lunge (Dumbbell)";"Rest Timer";"";"";"";"";"110.0";"";""
"159";"2026-01-31 11:59:56";"Entrenamiento por la mañana";"2367";"Lunge (Dumbbell)";"3";"18.14368";"6";"";"";"";"";""
"159";"2026-01-31 11:59:56";"Entrenamiento por la mañana";"2367";"Lunge (Dumbbell)";"Rest Timer";"";"";"";"";"110.0";"";""
"159";"2026-01-31 11:59:56";"Entrenamiento por la mañana";"2367";"Squat (Barbell)";"F";"61.23492";"15";"";"";"";"";""
"159";"2026-01-31 11:59:56";"Entrenamiento por la mañana";"2367";"Squat (Barbell)";"Rest Timer";"";"";"";"";"110.0";"";""
"159";"2026-01-31 11:59:56";"Entrenamiento por la mañana";"2367";"Squat (Barbell)";"F";"65.77083999999999";"13";"";"";"";"";""
"159";"2026-01-31 11:59:56";"Entrenamiento por la mañana";"2367";"Squat (Barbell)";"Rest Timer";"";"";"";"";"110.0";"";""
"159";"2026-01-31 11:59:56";"Entrenamiento por la mañana";"2367";"Squat (Barbell)";"F";"65.77083999999999";"11";"";"";"";"";""
"159";"2026-01-31 11:59:56";"Entrenamiento por la mañana";"2367";"Squat (Barbell)";"Rest Timer";"";"";"";"";"110.0";"";""
"159";"2026-01-31 11:59:56";"Entrenamiento por la mañana";"2367";"Standing Calf Raise (Dumbbell)";"1";"18.14368";"20";"";"";"";"";""
"159";"2026-01-31 11:59:56";"Entrenamiento por la mañana";"2367";"Standing Calf Raise (Dumbbell)";"Rest Timer";"";"";"";"";"120.0";"";""
"159";"2026-01-31 11:59:56";"Entrenamiento por la mañana";"2367";"Standing Calf Raise (Dumbbell)";"2";"18.14368";"20";"";"";"";"";""
"159";"2026-01-31 11:59:56";"Entrenamiento por la mañana";"2367";"Standing Calf Raise (Dumbbell)";"Rest Timer";"";"";"";"";"120.0";"";""
"159";"2026-01-31 11:59:56";"Entrenamiento por la mañana";"2367";"Standing Calf Raise (Dumbbell)";"3";"18.14368";"20";"";"";"";"";""
"159";"2026-01-31 11:59:56";"Entrenamiento por la mañana";"2367";"Standing Calf Raise (Dumbbell)";"Rest Timer";"";"";"";"";"120.0";"";""
"159";"2026-01-31 11:59:56";"Entrenamiento por la mañana";"2367";"Knee Raise (Captain's Chair)";"1";"0.0";"12";"";"";"";"";""
"159";"2026-01-31 11:59:56";"Entrenamiento por la mañana";"2367";"Knee Raise (Captain's Chair)";"Rest Timer";"";"";"";"";"110.0";"";""
"159";"2026-01-31 11:59:56";"Entrenamiento por la mañana";"2367";"Knee Raise (Captain's Chair)";"2";"0.0";"12";"";"";"";"";""
"159";"2026-01-31 11:59:56";"Entrenamiento por la mañana";"2367";"Knee Raise (Captain's Chair)";"Rest Timer";"";"";"";"";"110.0";"";""
"159";"2026-01-31 11:59:56";"Entrenamiento por la mañana";"2367";"Knee Raise (Captain's Chair)";"3";"0.0";"10";"";"";"";"";""
"159";"2026-01-31 11:59:56";"Entrenamiento por la mañana";"2367";"Knee Raise (Captain's Chair)";"Rest Timer";"";"";"";"";"110.0";"";""
"159";"2026-01-31 11:59:56";"Entrenamiento por la mañana";"2367";"Plank";"1";"";"";"";"";"60.0";"";""
"159";"2026-01-31 11:59:56";"Entrenamiento por la mañana";"2367";"Plank";"Rest Timer";"";"";"";"";"120.0";"";""
"159";"2026-01-31 11:59:56";"Entrenamiento por la mañana";"2367";"Plank";"2";"";"";"";"";"40.0";"";""
"159";"2026-01-31 11:59:56";"Entrenamiento por la mañana";"2367";"Plank";"Rest Timer";"";"";"";"";"120.0";"";""
"159";"2026-01-31 11:59:56";"Entrenamiento por la mañana";"2367";"Plank";"3";"";"";"";"";"90.0";"";""
"159";"2026-01-31 11:59:56";"Entrenamiento por la mañana";"2367";"Plank";"Rest Timer";"";"";"";"";"120.0";"";""
"160";"2026-02-01 12:11:50";"Entrenamiento de mediodía";"2968";"Chin Up";"1";"0.0";"8";"";"";"";"";""
"160";"2026-02-01 12:11:50";"Entrenamiento de mediodía";"2968";"Chin Up";"Rest Timer";"";"";"";"";"110.0";"";""
"160";"2026-02-01 12:11:50";"Entrenamiento de mediodía";"2968";"Chin Up";"2";"0.0";"8";"";"";"";"";""
"160";"2026-02-01 12:11:50";"Entrenamiento de mediodía";"2968";"Chin Up";"Rest Timer";"";"";"";"";"110.0";"";""
"160";"2026-02-01 12:11:50";"Entrenamiento de mediodía";"2968";"Chin Up";"3";"0.0";"6";"";"";"";"";""
"160";"2026-02-01 12:11:50";"Entrenamiento de mediodía";"2968";"Chin Up";"Rest Timer";"";"";"";"";"110.0";"";""
"160";"2026-02-01 12:11:50";"Entrenamiento de mediodía";"2968";"Hip Thrust (Barbell)";"1";"92.98636";"8";"";"";"";"";""
"160";"2026-02-01 12:11:50";"Entrenamiento de mediodía";"2968";"Hip Thrust (Barbell)";"Rest Timer";"";"";"";"";"120.0";"";""
"160";"2026-02-01 12:11:50";"Entrenamiento de mediodía";"2968";"Hip Thrust (Barbell)";"2";"77.11064";"8";"";"";"";"";""
"160";"2026-02-01 12:11:50";"Entrenamiento de mediodía";"2968";"Hip Thrust (Barbell)";"Rest Timer";"";"";"";"";"120.0";"";""
"160";"2026-02-01 12:11:50";"Entrenamiento de mediodía";"2968";"Hip Thrust (Barbell)";"3";"92.98636";"7";"";"";"";"";""
"160";"2026-02-01 12:11:50";"Entrenamiento de mediodía";"2968";"Hip Thrust (Barbell)";"Rest Timer";"";"";"";"";"120.0";"";""
"160";"2026-02-01 12:11:50";"Entrenamiento de mediodía";"2968";"Cable Twist";"1";"12.246984";"10";"";"";"";"";""
"160";"2026-02-01 12:11:50";"Entrenamiento de mediodía";"2968";"Cable Twist";"Rest Timer";"";"";"";"";"120.0";"";""
"160";"2026-02-01 12:11:50";"Entrenamiento de mediodía";"2968";"Cable Twist";"2";"12.246984";"10";"";"";"";"";""
"160";"2026-02-01 12:11:50";"Entrenamiento de mediodía";"2968";"Cable Twist";"Rest Timer";"";"";"";"";"120.0";"";""
"160";"2026-02-01 12:11:50";"Entrenamiento de mediodía";"2968";"Cable Twist";"3";"12.246984";"10";"";"";"";"";""
"160";"2026-02-01 12:11:50";"Entrenamiento de mediodía";"2968";"Cable Twist";"Rest Timer";"";"";"";"";"120.0";"";""
"160";"2026-02-01 12:11:50";"Entrenamiento de mediodía";"2968";"Overhead Press (Dumbbell)";"F";"20.41164";"10";"";"";"";"";""
"160";"2026-02-01 12:11:50";"Entrenamiento de mediodía";"2968";"Overhead Press (Dumbbell)";"Rest Timer";"";"";"";"";"110.0";"";""
"160";"2026-02-01 12:11:50";"Entrenamiento de mediodía";"2968";"Overhead Press (Dumbbell)";"F";"20.41164";"8";"";"";"";"";""
"160";"2026-02-01 12:11:50";"Entrenamiento de mediodía";"2968";"Overhead Press (Dumbbell)";"Rest Timer";"";"";"";"";"110.0";"";""
"160";"2026-02-01 12:11:50";"Entrenamiento de mediodía";"2968";"Overhead Press (Dumbbell)";"F";"20.41164";"7";"";"";"";"";""
"160";"2026-02-01 12:11:50";"Entrenamiento de mediodía";"2968";"Overhead Press (Dumbbell)";"Rest Timer";"";"";"";"";"110.0";"";""
"161";"2026-02-08 12:34:39";"Entrenamiento de mediodía";"2924";"Incline Curl (Dumbbell)";"1";"13.607759999999999";"6";"";"";"";"";""
"161";"2026-02-08 12:34:39";"Entrenamiento de mediodía";"2924";"Incline Curl (Dumbbell)";"Rest Timer";"";"";"";"";"110.0";"";""
"161";"2026-02-08 12:34:39";"Entrenamiento de mediodía";"2924";"Incline Curl (Dumbbell)";"2";"9.07184";"8";"";"";"";"";""
"161";"2026-02-08 12:34:39";"Entrenamiento de mediodía";"2924";"Incline Curl (Dumbbell)";"Rest Timer";"";"";"";"";"110.0";"";""
"161";"2026-02-08 12:34:39";"Entrenamiento de mediodía";"2924";"Incline Curl (Dumbbell)";"3";"9.07184";"10";"";"";"";"";""
"161";"2026-02-08 12:34:39";"Entrenamiento de mediodía";"2924";"Incline Curl (Dumbbell)";"Rest Timer";"";"";"";"";"110.0";"";""
"161";"2026-02-08 12:34:39";"Entrenamiento de mediodía";"2924";"Incline Bench Press (Dumbbell)";"1";"20.41164";"12";"";"";"";"";""
"161";"2026-02-08 12:34:39";"Entrenamiento de mediodía";"2924";"Incline Bench Press (Dumbbell)";"Rest Timer";"";"";"";"";"110.0";"";""
"161";"2026-02-08 12:34:39";"Entrenamiento de mediodía";"2924";"Incline Bench Press (Dumbbell)";"2";"20.41164";"12";"";"";"";"";""
"161";"2026-02-08 12:34:39";"Entrenamiento de mediodía";"2924";"Incline Bench Press (Dumbbell)";"Rest Timer";"";"";"";"";"110.0";"";""
"161";"2026-02-08 12:34:39";"Entrenamiento de mediodía";"2924";"Incline Bench Press (Dumbbell)";"3";"24.94756";"12";"";"";"";"";""
"161";"2026-02-08 12:34:39";"Entrenamiento de mediodía";"2924";"Incline Bench Press (Dumbbell)";"Rest Timer";"";"";"";"";"110.0";"";""
"161";"2026-02-08 12:34:39";"Entrenamiento de mediodía";"2924";"Knee Raise (Captain's Chair)";"1";"0.0";"12";"";"";"";"";""
"161";"2026-02-08 12:34:39";"Entrenamiento de mediodía";"2924";"Knee Raise (Captain's Chair)";"Rest Timer";"";"";"";"";"110.0";"";""
"161";"2026-02-08 12:34:39";"Entrenamiento de mediodía";"2924";"Knee Raise (Captain's Chair)";"2";"0.0";"12";"";"";"";"";""
"161";"2026-02-08 12:34:39";"Entrenamiento de mediodía";"2924";"Knee Raise (Captain's Chair)";"Rest Timer";"";"";"";"";"110.0";"";""
"161";"2026-02-08 12:34:39";"Entrenamiento de mediodía";"2924";"Plank";"1";"";"";"";"";"120.0";"";""
"161";"2026-02-08 12:34:39";"Entrenamiento de mediodía";"2924";"Plank";"Rest Timer";"";"";"";"";"120.0";"";""
"161";"2026-02-08 12:34:39";"Entrenamiento de mediodía";"2924";"Plank";"2";"";"";"";"";"90.0";"";""
"161";"2026-02-08 12:34:39";"Entrenamiento de mediodía";"2924";"Plank";"Rest Timer";"";"";"";"";"120.0";"";""
"161";"2026-02-08 12:34:39";"Entrenamiento de mediodía";"2924";"Bent Over One Arm Row (Dumbbell)";"1";"20.41164";"15";"";"";"";"";""
"161";"2026-02-08 12:34:39";"Entrenamiento de mediodía";"2924";"Bent Over One Arm Row (Dumbbell)";"Rest Timer";"";"";"";"";"110.0";"";""
"161";"2026-02-08 12:34:39";"Entrenamiento de mediodía";"2924";"Bent Over One Arm Row (Dumbbell)";"2";"20.41164";"12";"";"";"";"";""
"161";"2026-02-08 12:34:39";"Entrenamiento de mediodía";"2924";"Bent Over One Arm Row (Dumbbell)";"Rest Timer";"";"";"";"";"110.0";"";""
"161";"2026-02-08 12:34:39";"Entrenamiento de mediodía";"2924";"Bent Over One Arm Row (Dumbbell)";"3";"20.41164";"12";"";"";"";"";""
"161";"2026-02-08 12:34:39";"Entrenamiento de mediodía";"2924";"Bent Over One Arm Row (Dumbbell)";"Rest Timer";"";"";"";"";"110.0";"";""
"161";"2026-02-08 12:34:39";"Entrenamiento de mediodía";"2924";"Triceps Extension (Dumbbell)";"1";"20.41164";"12";"";"";"";"";""
"161";"2026-02-08 12:34:39";"Entrenamiento de mediodía";"2924";"Triceps Extension (Dumbbell)";"Rest Timer";"";"";"";"";"110.0";"";""
"161";"2026-02-08 12:34:39";"Entrenamiento de mediodía";"2924";"Triceps Extension (Dumbbell)";"2";"20.41164";"12";"";"";"";"";""
"161";"2026-02-08 12:34:39";"Entrenamiento de mediodía";"2924";"Triceps Extension (Dumbbell)";"Rest Timer";"";"";"";"";"110.0";"";""
"161";"2026-02-08 12:34:39";"Entrenamiento de mediodía";"2924";"Triceps Extension (Dumbbell)";"3";"20.41164";"12";"";"";"";"";""
"161";"2026-02-08 12:34:39";"Entrenamiento de mediodía";"2924";"Triceps Extension (Dumbbell)";"Rest Timer";"";"";"";"";"110.0";"";""
"162";"2026-02-11 21:29:43";"Entrenamiento por la tarde noche";"2300";"Leg Press";"1";"122.46984";"12";"";"";"";"";""
"162";"2026-02-11 21:29:43";"Entrenamiento por la tarde noche";"2300";"Leg Press";"Rest Timer";"";"";"";"";"110.0";"";""
"162";"2026-02-11 21:29:43";"Entrenamiento por la tarde noche";"2300";"Leg Press";"2";"142.88148";"10";"";"";"";"";""
"162";"2026-02-11 21:29:43";"Entrenamiento por la tarde noche";"2300";"Leg Press";"Rest Timer";"";"";"";"";"110.0";"";""
"162";"2026-02-11 21:29:43";"Entrenamiento por la tarde noche";"2300";"Leg Press";"3";"142.88148";"10";"";"";"";"";""
"162";"2026-02-11 21:29:43";"Entrenamiento por la tarde noche";"2300";"Leg Press";"Rest Timer";"";"";"";"";"110.0";"";""
"162";"2026-02-11 21:29:43";"Entrenamiento por la tarde noche";"2300";"Pull Up";"1";"0.0";"11";"";"";"";"";""
"162";"2026-02-11 21:29:43";"Entrenamiento por la tarde noche";"2300";"Pull Up";"Rest Timer";"";"";"";"";"110.0";"";""
"162";"2026-02-11 21:29:43";"Entrenamiento por la tarde noche";"2300";"Pull Up";"2";"0.0";"5";"";"";"";"";""
"162";"2026-02-11 21:29:43";"Entrenamiento por la tarde noche";"2300";"Pull Up";"Rest Timer";"";"";"";"";"110.0";"";""
"162";"2026-02-11 21:29:43";"Entrenamiento por la tarde noche";"2300";"Pull Up";"3";"0.0";"6";"";"";"";"";""
"162";"2026-02-11 21:29:43";"Entrenamiento por la tarde noche";"2300";"Pull Up";"Rest Timer";"";"";"";"";"110.0";"";""
"162";"2026-02-11 21:29:43";"Entrenamiento por la tarde noche";"2300";"Glute Kickback (Cable)";"1";"12.47378";"12";"";"";"";"";""
"162";"2026-02-11 21:29:43";"Entrenamiento por la tarde noche";"2300";"Glute Kickback (Cable)";"Rest Timer";"";"";"";"";"120.0";"";""
"162";"2026-02-11 21:29:43";"Entrenamiento por la tarde noche";"2300";"Glute Kickback (Cable)";"2";"9.979023999999999";"10";"";"";"";"";""
"162";"2026-02-11 21:29:43";"Entrenamiento por la tarde noche";"2300";"Glute Kickback (Cable)";"Rest Timer";"";"";"";"";"120.0";"";""
"162";"2026-02-11 21:29:43";"Entrenamiento por la tarde noche";"2300";"Lateral Glute Kickback (Cable)";"1";"9.979023999999999";"10";"";"";"";"";""
"162";"2026-02-11 21:29:43";"Entrenamiento por la tarde noche";"2300";"Lateral Glute Kickback (Cable)";"Rest Timer";"";"";"";"";"120.0";"";""
"162";"2026-02-11 21:29:43";"Entrenamiento por la tarde noche";"2300";"Lateral Glute Kickback (Cable)";"2";"9.979023999999999";"6";"";"";"";"";""
"162";"2026-02-11 21:29:43";"Entrenamiento por la tarde noche";"2300";"Lateral Glute Kickback (Cable)";"Rest Timer";"";"";"";"";"120.0";"";""
"163";"2026-02-18 21:15:38";"Entrenamiento por la tarde noche";"2905";"Squat (Barbell)";"F";"61.23492";"8";"";"";"";"";""
"163";"2026-02-18 21:15:38";"Entrenamiento por la tarde noche";"2905";"Squat (Barbell)";"Rest Timer";"";"";"";"";"110.0";"";""
"163";"2026-02-18 21:15:38";"Entrenamiento por la tarde noche";"2905";"Squat (Barbell)";"F";"61.23492";"10";"";"";"";"";""
"163";"2026-02-18 21:15:38";"Entrenamiento por la tarde noche";"2905";"Squat (Barbell)";"Rest Timer";"";"";"";"";"110.0";"";""
"163";"2026-02-18 21:15:38";"Entrenamiento por la tarde noche";"2905";"Squat (Barbell)";"F";"61.23492";"8";"";"";"";"";""
"163";"2026-02-18 21:15:38";"Entrenamiento por la tarde noche";"2905";"Squat (Barbell)";"Rest Timer";"";"";"";"";"110.0";"";""
"163";"2026-02-18 21:15:38";"Entrenamiento por la tarde noche";"2905";"Straight Leg Deadlift";"1";"49.89512";"8";"";"";"";"";""
"163";"2026-02-18 21:15:38";"Entrenamiento por la tarde noche";"2905";"Straight Leg Deadlift";"Rest Timer";"";"";"";"";"120.0";"";""
"163";"2026-02-18 21:15:38";"Entrenamiento por la tarde noche";"2905";"Straight Leg Deadlift";"2";"49.89512";"8";"";"";"";"";""
"163";"2026-02-18 21:15:38";"Entrenamiento por la tarde noche";"2905";"Straight Leg Deadlift";"Rest Timer";"";"";"";"";"120.0";"";""
"163";"2026-02-18 21:15:38";"Entrenamiento por la tarde noche";"2905";"Straight Leg Deadlift";"3";"49.89512";"8";"";"";"";"";""
"163";"2026-02-18 21:15:38";"Entrenamiento por la tarde noche";"2905";"Straight Leg Deadlift";"Rest Timer";"";"";"";"";"120.0";"";""
"163";"2026-02-18 21:15:38";"Entrenamiento por la tarde noche";"2905";"Lunge (Dumbbell)";"1";"20.41164";"8";"";"";"";"";""
"163";"2026-02-18 21:15:38";"Entrenamiento por la tarde noche";"2905";"Lunge (Dumbbell)";"Rest Timer";"";"";"";"";"110.0";"";""
"163";"2026-02-18 21:15:38";"Entrenamiento por la tarde noche";"2905";"Lunge (Dumbbell)";"2";"20.41164";"6";"";"";"";"";""
"163";"2026-02-18 21:15:38";"Entrenamiento por la tarde noche";"2905";"Lunge (Dumbbell)";"Rest Timer";"";"";"";"";"110.0";"";""
"163";"2026-02-18 21:15:38";"Entrenamiento por la tarde noche";"2905";"Lunge (Dumbbell)";"3";"20.41164";"6";"";"";"";"";""
"163";"2026-02-18 21:15:38";"Entrenamiento por la tarde noche";"2905";"Lunge (Dumbbell)";"Rest Timer";"";"";"";"";"110.0";"";""
"163";"2026-02-18 21:15:38";"Entrenamiento por la tarde noche";"2905";"Hypopressives";"1";"";"8";"";"";"";"";""
"163";"2026-02-18 21:15:38";"Entrenamiento por la tarde noche";"2905";"Hypopressives";"Rest Timer";"";"";"";"";"120.0";"";""
"163";"2026-02-18 21:15:38";"Entrenamiento por la tarde noche";"2905";"Hypopressives";"2";"";"8";"";"";"";"";""
"163";"2026-02-18 21:15:38";"Entrenamiento por la tarde noche";"2905";"Hypopressives";"Rest Timer";"";"";"";"";"120.0";"";""
"163";"2026-02-18 21:15:38";"Entrenamiento por la tarde noche";"2905";"Hypopressives";"3";"";"8";"";"";"";"";""
"163";"2026-02-18 21:15:38";"Entrenamiento por la tarde noche";"2905";"Hypopressives";"Rest Timer";"";"";"";"";"120.0";"";""
"164";"2026-02-22 08:49:56";"Entrenamiento por la mañana";"3876";"Bulgarian Split Squat";"1";"13.607759999999999";"6";"";"";"";"";""
"164";"2026-02-22 08:49:56";"Entrenamiento por la mañana";"3876";"Bulgarian Split Squat";"Rest Timer";"";"";"";"";"110.0";"";""
"164";"2026-02-22 08:49:56";"Entrenamiento por la mañana";"3876";"Bulgarian Split Squat";"2";"13.607759999999999";"7";"";"";"";"";""
"164";"2026-02-22 08:49:56";"Entrenamiento por la mañana";"3876";"Bulgarian Split Squat";"Rest Timer";"";"";"";"";"110.0";"";""
"164";"2026-02-22 08:49:56";"Entrenamiento por la mañana";"3876";"Bulgarian Split Squat";"3";"13.607759999999999";"7";"";"";"";"";""
"164";"2026-02-22 08:49:56";"Entrenamiento por la mañana";"3876";"Bulgarian Split Squat";"Rest Timer";"";"";"";"";"110.0";"";""
"164";"2026-02-22 08:49:56";"Entrenamiento por la mañana";"3876";"Hip Thrust (Barbell)";"1";"102.0582";"8";"";"";"";"";""
"164";"2026-02-22 08:49:56";"Entrenamiento por la mañana";"3876";"Hip Thrust (Barbell)";"Rest Timer";"";"";"";"";"120.0";"";""
"164";"2026-02-22 08:49:56";"Entrenamiento por la mañana";"3876";"Hip Thrust (Barbell)";"2";"102.0582";"8";"";"";"";"";""
"164";"2026-02-22 08:49:56";"Entrenamiento por la mañana";"3876";"Hip Thrust (Barbell)";"Rest Timer";"";"";"";"";"120.0";"";""
"164";"2026-02-22 08:49:56";"Entrenamiento por la mañana";"3876";"Hip Thrust (Barbell)";"3";"102.0582";"8";"";"";"";"";""
"164";"2026-02-22 08:49:56";"Entrenamiento por la mañana";"3876";"Hip Thrust (Barbell)";"Rest Timer";"";"";"";"";"120.0";"";""
"164";"2026-02-22 08:49:56";"Entrenamiento por la mañana";"3876";"Hip Abductor (Machine)";"1";"52.16308";"10";"";"";"";"";""
"164";"2026-02-22 08:49:56";"Entrenamiento por la mañana";"3876";"Hip Abductor (Machine)";"Rest Timer";"";"";"";"";"120.0";"";""
"164";"2026-02-22 08:49:56";"Entrenamiento por la mañana";"3876";"Hip Abductor (Machine)";"2";"52.16308";"10";"";"";"";"";""
"164";"2026-02-22 08:49:56";"Entrenamiento por la mañana";"3876";"Hip Abductor (Machine)";"Rest Timer";"";"";"";"";"120.0";"";""
"164";"2026-02-22 08:49:56";"Entrenamiento por la mañana";"3876";"Hip Abductor (Machine)";"3";"52.16308";"10";"";"";"";"";""
"164";"2026-02-22 08:49:56";"Entrenamiento por la mañana";"3876";"Hip Abductor (Machine)";"Rest Timer";"";"";"";"";"120.0";"";""
"164";"2026-02-22 08:49:56";"Entrenamiento por la mañana";"3876";"Hip Adductor (Machine)";"1";"45.3592";"10";"";"";"";"";""
"164";"2026-02-22 08:49:56";"Entrenamiento por la mañana";"3876";"Hip Adductor (Machine)";"Rest Timer";"";"";"";"";"120.0";"";""
"164";"2026-02-22 08:49:56";"Entrenamiento por la mañana";"3876";"Hip Adductor (Machine)";"2";"52.16308";"10";"";"";"";"";""
"164";"2026-02-22 08:49:56";"Entrenamiento por la mañana";"3876";"Hip Adductor (Machine)";"Rest Timer";"";"";"";"";"120.0";"";""
"164";"2026-02-22 08:49:56";"Entrenamiento por la mañana";"3876";"Hip Adductor (Machine)";"3";"52.16308";"10";"";"";"";"";""
"164";"2026-02-22 08:49:56";"Entrenamiento por la mañana";"3876";"Hip Adductor (Machine)";"Rest Timer";"";"";"";"";"120.0";"";""
"165";"2026-02-27 15:07:23";"Entrenamiento por la tarde";"4502";"Squat (Barbell)";"F";"61.23492";"10";"";"";"";"";""
"165";"2026-02-27 15:07:23";"Entrenamiento por la tarde";"4502";"Squat (Barbell)";"Rest Timer";"";"";"";"";"110.0";"";""
"165";"2026-02-27 15:07:23";"Entrenamiento por la tarde";"4502";"Squat (Barbell)";"F";"68.0388";"10";"";"";"";"";""
"165";"2026-02-27 15:07:23";"Entrenamiento por la tarde";"4502";"Squat (Barbell)";"Rest Timer";"";"";"";"";"110.0";"";""
"165";"2026-02-27 15:07:23";"Entrenamiento por la tarde";"4502";"Squat (Barbell)";"F";"68.0388";"6";"";"";"";"";""
"165";"2026-02-27 15:07:23";"Entrenamiento por la tarde";"4502";"Squat (Barbell)";"Rest Timer";"";"";"";"";"110.0";"";""
"165";"2026-02-27 15:07:23";"Entrenamiento por la tarde";"4502";"Pull Up";"1";"0.0";"6";"";"";"";"";""
"165";"2026-02-27 15:07:23";"Entrenamiento por la tarde";"4502";"Pull Up";"Rest Timer";"";"";"";"";"110.0";"";""
"165";"2026-02-27 15:07:23";"Entrenamiento por la tarde";"4502";"Pull Up";"2";"0.0";"8";"";"";"";"";""
"165";"2026-02-27 15:07:23";"Entrenamiento por la tarde";"4502";"Pull Up";"Rest Timer";"";"";"";"";"110.0";"";""
"165";"2026-02-27 15:07:23";"Entrenamiento por la tarde";"4502";"Pull Up";"3";"0.0";"6";"";"";"";"";""
"165";"2026-02-27 15:07:23";"Entrenamiento por la tarde";"4502";"Pull Up";"Rest Timer";"";"";"";"";"110.0";"";""
"165";"2026-02-27 15:07:23";"Entrenamiento por la tarde";"4502";"Deadlift (Barbell)";"1";"74.84268";"6";"";"";"";"";""
"165";"2026-02-27 15:07:23";"Entrenamiento por la tarde";"4502";"Deadlift (Barbell)";"Rest Timer";"";"";"";"";"110.0";"";""
"165";"2026-02-27 15:07:23";"Entrenamiento por la tarde";"4502";"Deadlift (Barbell)";"2";"74.84268";"8";"";"";"";"";""
"165";"2026-02-27 15:07:23";"Entrenamiento por la tarde";"4502";"Deadlift (Barbell)";"Rest Timer";"";"";"";"";"110.0";"";""
"165";"2026-02-27 15:07:23";"Entrenamiento por la tarde";"4502";"Deadlift (Barbell)";"3";"74.84268";"8";"";"";"";"";""
"165";"2026-02-27 15:07:23";"Entrenamiento por la tarde";"4502";"Deadlift (Barbell)";"Rest Timer";"";"";"";"";"110.0";"";""
"165";"2026-02-27 15:07:23";"Entrenamiento por la tarde";"4502";"Toes To Bar";"1";"";"10";"";"";"";"";""
"165";"2026-02-27 15:07:23";"Entrenamiento por la tarde";"4502";"Toes To Bar";"Rest Timer";"";"";"";"";"110.0";"";""
"165";"2026-02-27 15:07:23";"Entrenamiento por la tarde";"4502";"Toes To Bar";"2";"";"4";"";"";"";"";""
"165";"2026-02-27 15:07:23";"Entrenamiento por la tarde";"4502";"Toes To Bar";"Rest Timer";"";"";"";"";"110.0";"";""
"165";"2026-02-27 15:07:23";"Entrenamiento por la tarde";"4502";"Toes To Bar";"3";"";"6";"";"";"";"";""
"165";"2026-02-27 15:07:23";"Entrenamiento por la tarde";"4502";"Toes To Bar";"Rest Timer";"";"";"";"";"110.0";"";""
"166";"2026-03-10 19:14:00";"Entrenamiento por la tarde noche";"2783";"Plank";"1";"";"";"";"";"125.0";"";""
"166";"2026-03-10 19:14:00";"Entrenamiento por la tarde noche";"2783";"Plank";"Rest Timer";"";"";"";"";"120.0";"";""
"166";"2026-03-10 19:14:00";"Entrenamiento por la tarde noche";"2783";"Plank";"2";"";"";"";"";"110.0";"";""
"166";"2026-03-10 19:14:00";"Entrenamiento por la tarde noche";"2783";"Plank";"Rest Timer";"";"";"";"";"120.0";"";""
"166";"2026-03-10 19:14:00";"Entrenamiento por la tarde noche";"2783";"Plank";"3";"";"";"";"";"90.0";"";""
"166";"2026-03-10 19:14:00";"Entrenamiento por la tarde noche";"2783";"Plank";"Rest Timer";"";"";"";"";"120.0";"";""
"166";"2026-03-10 19:14:00";"Entrenamiento por la tarde noche";"2783";"Knee Raise (Captain's Chair)";"1";"0.0";"15";"";"";"";"";""
"166";"2026-03-10 19:14:00";"Entrenamiento por la tarde noche";"2783";"Knee Raise (Captain's Chair)";"Rest Timer";"";"";"";"";"110.0";"";""
"166";"2026-03-10 19:14:00";"Entrenamiento por la tarde noche";"2783";"Knee Raise (Captain's Chair)";"2";"0.0";"12";"";"";"";"";""
"166";"2026-03-10 19:14:00";"Entrenamiento por la tarde noche";"2783";"Knee Raise (Captain's Chair)";"Rest Timer";"";"";"";"";"110.0";"";""
"166";"2026-03-10 19:14:00";"Entrenamiento por la tarde noche";"2783";"Knee Raise (Captain's Chair)";"3";"0.0";"12";"";"";"";"";""
"166";"2026-03-10 19:14:00";"Entrenamiento por la tarde noche";"2783";"Knee Raise (Captain's Chair)";"Rest Timer";"";"";"";"";"110.0";"";""
"166";"2026-03-10 19:14:00";"Entrenamiento por la tarde noche";"2783";"Lunge (Dumbbell)";"1";"20.41164";"8";"";"";"";"";""
"166";"2026-03-10 19:14:00";"Entrenamiento por la tarde noche";"2783";"Lunge (Dumbbell)";"Rest Timer";"";"";"";"";"110.0";"";""
"166";"2026-03-10 19:14:00";"Entrenamiento por la tarde noche";"2783";"Lunge (Dumbbell)";"2";"20.41164";"8";"";"";"";"";""
"166";"2026-03-10 19:14:00";"Entrenamiento por la tarde noche";"2783";"Lunge (Dumbbell)";"Rest Timer";"";"";"";"";"110.0";"";""
"166";"2026-03-10 19:14:00";"Entrenamiento por la tarde noche";"2783";"Lunge (Dumbbell)";"3";"20.41164";"8";"";"";"";"";""
"166";"2026-03-10 19:14:00";"Entrenamiento por la tarde noche";"2783";"Lunge (Dumbbell)";"Rest Timer";"";"";"";"";"110.0";"";""
"166";"2026-03-10 19:14:00";"Entrenamiento por la tarde noche";"2783";"Back Extension";"1";"4.53592";"12";"";"";"";"";""
"166";"2026-03-10 19:14:00";"Entrenamiento por la tarde noche";"2783";"Back Extension";"Rest Timer";"";"";"";"";"120.0";"";""
"166";"2026-03-10 19:14:00";"Entrenamiento por la tarde noche";"2783";"Back Extension";"2";"4.53592";"14";"";"";"";"";""
"166";"2026-03-10 19:14:00";"Entrenamiento por la tarde noche";"2783";"Back Extension";"Rest Timer";"";"";"";"";"120.0";"";""
"166";"2026-03-10 19:14:00";"Entrenamiento por la tarde noche";"2783";"Back Extension";"3";"4.53592";"12";"";"";"";"";""
"166";"2026-03-10 19:14:00";"Entrenamiento por la tarde noche";"2783";"Back Extension";"Rest Timer";"";"";"";"";"120.0";"";""
"166";"2026-03-10 19:14:00";"Entrenamiento por la tarde noche";"2783";"Chest Dip";"1";"0.0";"10";"";"";"";"";""
"166";"2026-03-10 19:14:00";"Entrenamiento por la tarde noche";"2783";"Chest Dip";"Rest Timer";"";"";"";"";"110.0";"";""
"166";"2026-03-10 19:14:00";"Entrenamiento por la tarde noche";"2783";"Chest Dip";"2";"0.0";"12";"";"";"";"";""
"166";"2026-03-10 19:14:00";"Entrenamiento por la tarde noche";"2783";"Chest Dip";"Rest Timer";"";"";"";"";"110.0";"";""
"166";"2026-03-10 19:14:00";"Entrenamiento por la tarde noche";"2783";"Chest Dip";"3";"0.0";"6";"";"";"";"";""
"166";"2026-03-10 19:14:00";"Entrenamiento por la tarde noche";"2783";"Chest Dip";"Rest Timer";"";"";"";"";"110.0";"";""
"167";"2026-03-16 13:37:53";"Entrenamiento de mediodía";"3668";"Toes To Bar";"1";"";"10";"";"";"";"";""
"167";"2026-03-16 13:37:53";"Entrenamiento de mediodía";"3668";"Toes To Bar";"Rest Timer";"";"";"";"";"110.0";"";""
"167";"2026-03-16 13:37:53";"Entrenamiento de mediodía";"3668";"Toes To Bar";"2";"";"10";"";"";"";"";""
"167";"2026-03-16 13:37:53";"Entrenamiento de mediodía";"3668";"Toes To Bar";"Rest Timer";"";"";"";"";"110.0";"";""
"167";"2026-03-16 13:37:53";"Entrenamiento de mediodía";"3668";"Toes To Bar";"3";"";"8";"";"";"";"";""
"167";"2026-03-16 13:37:53";"Entrenamiento de mediodía";"3668";"Toes To Bar";"Rest Timer";"";"";"";"";"110.0";"";""
"167";"2026-03-16 13:37:53";"Entrenamiento de mediodía";"3668";"Pull Up";"1";"0.0";"8";"";"";"";"";""
"167";"2026-03-16 13:37:53";"Entrenamiento de mediodía";"3668";"Pull Up";"Rest Timer";"";"";"";"";"110.0";"";""
"167";"2026-03-16 13:37:53";"Entrenamiento de mediodía";"3668";"Pull Up";"2";"0.0";"5";"";"";"";"";""
"167";"2026-03-16 13:37:53";"Entrenamiento de mediodía";"3668";"Pull Up";"Rest Timer";"";"";"";"";"110.0";"";""
"167";"2026-03-16 13:37:53";"Entrenamiento de mediodía";"3668";"Pull Up";"3";"0.0";"6";"";"";"";"";""
"167";"2026-03-16 13:37:53";"Entrenamiento de mediodía";"3668";"Pull Up";"Rest Timer";"";"";"";"";"110.0";"";""
"167";"2026-03-16 13:37:53";"Entrenamiento de mediodía";"3668";"Hip Thrust (Barbell)";"1";"92.98636";"10";"";"";"";"";""
"167";"2026-03-16 13:37:53";"Entrenamiento de mediodía";"3668";"Hip Thrust (Barbell)";"Rest Timer";"";"";"";"";"120.0";"";""
"167";"2026-03-16 13:37:53";"Entrenamiento de mediodía";"3668";"Hip Thrust (Barbell)";"2";"92.98636";"8";"";"";"";"";""
"167";"2026-03-16 13:37:53";"Entrenamiento de mediodía";"3668";"Hip Thrust (Barbell)";"Rest Timer";"";"";"";"";"120.0";"";""
"167";"2026-03-16 13:37:53";"Entrenamiento de mediodía";"3668";"Hip Thrust (Barbell)";"3";"92.98636";"10";"";"";"";"";""
"167";"2026-03-16 13:37:53";"Entrenamiento de mediodía";"3668";"Hip Thrust (Barbell)";"Rest Timer";"";"";"";"";"120.0";"";""
"167";"2026-03-16 13:37:53";"Entrenamiento de mediodía";"3668";"Bench Press (Barbell)";"1";"70.30676";"10";"";"";"";"";""
"167";"2026-03-16 13:37:53";"Entrenamiento de mediodía";"3668";"Bench Press (Barbell)";"Rest Timer";"";"";"";"";"110.0";"";""
"167";"2026-03-16 13:37:53";"Entrenamiento de mediodía";"3668";"Bench Press (Barbell)";"2";"70.30676";"10";"";"";"";"";""
"167";"2026-03-16 13:37:53";"Entrenamiento de mediodía";"3668";"Bench Press (Barbell)";"Rest Timer";"";"";"";"";"110.0";"";""
"167";"2026-03-16 13:37:53";"Entrenamiento de mediodía";"3668";"Bench Press (Barbell)";"3";"70.30676";"8";"";"";"";"";""
"167";"2026-03-16 13:37:53";"Entrenamiento de mediodía";"3668";"Bench Press (Barbell)";"Rest Timer";"";"";"";"";"110.0";"";""
"167";"2026-03-16 13:37:53";"Entrenamiento de mediodía";"3668";"Bicep Curl (Barbell)";"1";"18.14368";"10";"";"";"";"";""
"167";"2026-03-16 13:37:53";"Entrenamiento de mediodía";"3668";"Bicep Curl (Barbell)";"Rest Timer";"";"";"";"";"110.0";"";""
"167";"2026-03-16 13:37:53";"Entrenamiento de mediodía";"3668";"Bicep Curl (Barbell)";"2";"18.14368";"10";"";"";"";"";""
"167";"2026-03-16 13:37:53";"Entrenamiento de mediodía";"3668";"Bicep Curl (Barbell)";"Rest Timer";"";"";"";"";"110.0";"";""
"167";"2026-03-16 13:37:53";"Entrenamiento de mediodía";"3668";"Bicep Curl (Barbell)";"3";"18.14368";"10";"";"";"";"";""
"167";"2026-03-16 13:37:53";"Entrenamiento de mediodía";"3668";"Bicep Curl (Barbell)";"Rest Timer";"";"";"";"";"110.0";"";""
"168";"2026-03-22 13:06:26";"Entrenamiento de mediodía";"3680";"Front Squat (Barbell)";"1";"43.09124";"12";"";"";"";"";""
"168";"2026-03-22 13:06:26";"Entrenamiento de mediodía";"3680";"Front Squat (Barbell)";"Rest Timer";"";"";"";"";"110.0";"";""
"168";"2026-03-22 13:06:26";"Entrenamiento de mediodía";"3680";"Front Squat (Barbell)";"2";"54.431039999999996";"10";"";"";"";"";""
"168";"2026-03-22 13:06:26";"Entrenamiento de mediodía";"3680";"Front Squat (Barbell)";"Rest Timer";"";"";"";"";"110.0";"";""
"168";"2026-03-22 13:06:26";"Entrenamiento de mediodía";"3680";"Front Squat (Barbell)";"3";"58.96696";"8";"";"";"";"";""
"168";"2026-03-22 13:06:26";"Entrenamiento de mediodía";"3680";"Front Squat (Barbell)";"Rest Timer";"";"";"";"";"110.0";"";""
"168";"2026-03-22 13:06:26";"Entrenamiento de mediodía";"3680";"Incline Bench Press (Barbell)";"1";"61.23492";"10";"";"";"";"";""
"168";"2026-03-22 13:06:26";"Entrenamiento de mediodía";"3680";"Incline Bench Press (Barbell)";"Rest Timer";"";"";"";"";"110.0";"";""
"168";"2026-03-22 13:06:26";"Entrenamiento de mediodía";"3680";"Incline Bench Press (Barbell)";"2";"61.23492";"10";"";"";"";"";""
"168";"2026-03-22 13:06:26";"Entrenamiento de mediodía";"3680";"Incline Bench Press (Barbell)";"Rest Timer";"";"";"";"";"110.0";"";""
"168";"2026-03-22 13:06:26";"Entrenamiento de mediodía";"3680";"Incline Bench Press (Barbell)";"3";"61.23492";"8";"";"";"";"";""
"168";"2026-03-22 13:06:26";"Entrenamiento de mediodía";"3680";"Incline Bench Press (Barbell)";"Rest Timer";"";"";"";"";"110.0";"";""
"168";"2026-03-22 13:06:26";"Entrenamiento de mediodía";"3680";"Bicep Curl (Dumbbell)";"1";"13.607759999999999";"8";"";"";"";"";""
"168";"2026-03-22 13:06:26";"Entrenamiento de mediodía";"3680";"Bicep Curl (Dumbbell)";"Rest Timer";"";"";"";"";"110.0";"";""
"168";"2026-03-22 13:06:26";"Entrenamiento de mediodía";"3680";"Bicep Curl (Dumbbell)";"2";"13.607759999999999";"10";"";"";"";"";""
"168";"2026-03-22 13:06:26";"Entrenamiento de mediodía";"3680";"Bicep Curl (Dumbbell)";"Rest Timer";"";"";"";"";"110.0";"";""
"168";"2026-03-22 13:06:26";"Entrenamiento de mediodía";"3680";"Bicep Curl (Dumbbell)";"3";"13.607759999999999";"8";"";"";"";"";""
"168";"2026-03-22 13:06:26";"Entrenamiento de mediodía";"3680";"Bicep Curl (Dumbbell)";"Rest Timer";"";"";"";"";"110.0";"";""
"168";"2026-03-22 13:06:26";"Entrenamiento de mediodía";"3680";"Seated Row (Cable)";"1";"54.884631999999996";"12";"";"";"";"";""
"168";"2026-03-22 13:06:26";"Entrenamiento de mediodía";"3680";"Seated Row (Cable)";"Rest Timer";"";"";"";"";"110.0";"";""
"168";"2026-03-22 13:06:26";"Entrenamiento de mediodía";"3680";"Seated Row (Cable)";"2";"54.884631999999996";"12";"";"";"";"";""
"168";"2026-03-22 13:06:26";"Entrenamiento de mediodía";"3680";"Seated Row (Cable)";"Rest Timer";"";"";"";"";"110.0";"";""
"168";"2026-03-22 13:06:26";"Entrenamiento de mediodía";"3680";"Seated Row (Cable)";"3";"54.884631999999996";"12";"";"";"";"";""
"168";"2026-03-22 13:06:26";"Entrenamiento de mediodía";"3680";"Seated Row (Cable)";"Rest Timer";"";"";"";"";"110.0";"";""
"168";"2026-03-22 13:06:26";"Entrenamiento de mediodía";"3680";"Toes To Bar";"1";"";"11";"";"";"";"";""
"168";"2026-03-22 13:06:26";"Entrenamiento de mediodía";"3680";"Toes To Bar";"Rest Timer";"";"";"";"";"110.0";"";""
"168";"2026-03-22 13:06:26";"Entrenamiento de mediodía";"3680";"Toes To Bar";"2";"";"10";"";"";"";"";""
"168";"2026-03-22 13:06:26";"Entrenamiento de mediodía";"3680";"Toes To Bar";"Rest Timer";"";"";"";"";"110.0";"";""
"168";"2026-03-22 13:06:26";"Entrenamiento de mediodía";"3680";"Back Extension";"1";"11.3398";"12";"";"";"";"";""
"168";"2026-03-22 13:06:26";"Entrenamiento de mediodía";"3680";"Back Extension";"Rest Timer";"";"";"";"";"120.0";"";""
"168";"2026-03-22 13:06:26";"Entrenamiento de mediodía";"3680";"Back Extension";"2";"11.3398";"12";"";"";"";"";""
"168";"2026-03-22 13:06:26";"Entrenamiento de mediodía";"3680";"Back Extension";"Rest Timer";"";"";"";"";"120.0";"";""
"169";"2026-03-30 20:20:05";"Entrenamiento por la tarde noche";"3786";"Overhead Press (Dumbbell)";"F";"22.6796";"6";"";"";"";"";""
"169";"2026-03-30 20:20:05";"Entrenamiento por la tarde noche";"3786";"Overhead Press (Dumbbell)";"Rest Timer";"";"";"";"";"110.0";"";""
"169";"2026-03-30 20:20:05";"Entrenamiento por la tarde noche";"3786";"Overhead Press (Dumbbell)";"F";"20.41164";"8";"";"";"";"";""
"169";"2026-03-30 20:20:05";"Entrenamiento por la tarde noche";"3786";"Overhead Press (Dumbbell)";"Rest Timer";"";"";"";"";"110.0";"";""
"169";"2026-03-30 20:20:05";"Entrenamiento por la tarde noche";"3786";"Overhead Press (Dumbbell)";"F";"20.41164";"6";"";"";"";"";""
"169";"2026-03-30 20:20:05";"Entrenamiento por la tarde noche";"3786";"Overhead Press (Dumbbell)";"Rest Timer";"";"";"";"";"110.0";"";""
"169";"2026-03-30 20:20:05";"Entrenamiento por la tarde noche";"3786";"Chest Dip";"1";"0.0";"15";"";"";"";"";""
"169";"2026-03-30 20:20:05";"Entrenamiento por la tarde noche";"3786";"Chest Dip";"Rest Timer";"";"";"";"";"110.0";"";""
"169";"2026-03-30 20:20:05";"Entrenamiento por la tarde noche";"3786";"Chest Dip";"2";"0.0";"10";"";"";"";"";""
"169";"2026-03-30 20:20:05";"Entrenamiento por la tarde noche";"3786";"Chest Dip";"Rest Timer";"";"";"";"";"110.0";"";""
"169";"2026-03-30 20:20:05";"Entrenamiento por la tarde noche";"3786";"Chest Dip";"3";"0.0";"9";"";"";"";"";""
"169";"2026-03-30 20:20:05";"Entrenamiento por la tarde noche";"3786";"Chest Dip";"Rest Timer";"";"";"";"";"110.0";"";""
"169";"2026-03-30 20:20:05";"Entrenamiento por la tarde noche";"3786";"Bench Press (Dumbbell)";"1";"22.6796";"12";"";"";"";"";""
"169";"2026-03-30 20:20:05";"Entrenamiento por la tarde noche";"3786";"Bench Press (Dumbbell)";"Rest Timer";"";"";"";"";"110.0";"";""
"169";"2026-03-30 20:20:05";"Entrenamiento por la tarde noche";"3786";"Bench Press (Dumbbell)";"2";"22.6796";"12";"";"";"";"";""
"169";"2026-03-30 20:20:05";"Entrenamiento por la tarde noche";"3786";"Bench Press (Dumbbell)";"Rest Timer";"";"";"";"";"110.0";"";""
"169";"2026-03-30 20:20:05";"Entrenamiento por la tarde noche";"3786";"Bench Press (Dumbbell)";"3";"22.6796";"12";"";"";"";"";""
"169";"2026-03-30 20:20:05";"Entrenamiento por la tarde noche";"3786";"Bench Press (Dumbbell)";"Rest Timer";"";"";"";"";"110.0";"";""
"169";"2026-03-30 20:20:05";"Entrenamiento por la tarde noche";"3786";"Bicep Curl (Dumbbell)";"1";"13.607759999999999";"10";"";"";"";"";""
"169";"2026-03-30 20:20:05";"Entrenamiento por la tarde noche";"3786";"Bicep Curl (Dumbbell)";"Rest Timer";"";"";"";"";"110.0";"";""
"169";"2026-03-30 20:20:05";"Entrenamiento por la tarde noche";"3786";"Bicep Curl (Dumbbell)";"2";"13.607759999999999";"10";"";"";"";"";""
"169";"2026-03-30 20:20:05";"Entrenamiento por la tarde noche";"3786";"Bicep Curl (Dumbbell)";"Rest Timer";"";"";"";"";"110.0";"";""
"169";"2026-03-30 20:20:05";"Entrenamiento por la tarde noche";"3786";"Bicep Curl (Dumbbell)";"3";"13.607759999999999";"10";"";"";"";"";""
"169";"2026-03-30 20:20:05";"Entrenamiento por la tarde noche";"3786";"Bicep Curl (Dumbbell)";"Rest Timer";"";"";"";"";"110.0";"";""
"169";"2026-03-30 20:20:05";"Entrenamiento por la tarde noche";"3786";"Plank";"1";"";"";"";"";"130.0";"";""
"169";"2026-03-30 20:20:05";"Entrenamiento por la tarde noche";"3786";"Plank";"Rest Timer";"";"";"";"";"120.0";"";""
"169";"2026-03-30 20:20:05";"Entrenamiento por la tarde noche";"3786";"Plank";"2";"";"";"";"";"105.0";"";""
"169";"2026-03-30 20:20:05";"Entrenamiento por la tarde noche";"3786";"Plank";"Rest Timer";"";"";"";"";"120.0";"";""
"169";"2026-03-30 20:20:05";"Entrenamiento por la tarde noche";"3786";"Plank";"3";"";"";"";"";"90.0";"";""
"169";"2026-03-30 20:20:05";"Entrenamiento por la tarde noche";"3786";"Plank";"Rest Timer";"";"";"";"";"120.0";"";""
"169";"2026-03-30 20:20:05";"Entrenamiento por la tarde noche";"3786";"Knee Raise (Captain's Chair)";"1";"0.0";"12";"";"";"";"";""
"169";"2026-03-30 20:20:05";"Entrenamiento por la tarde noche";"3786";"Knee Raise (Captain's Chair)";"Rest Timer";"";"";"";"";"110.0";"";""
"169";"2026-03-30 20:20:05";"Entrenamiento por la tarde noche";"3786";"Knee Raise (Captain's Chair)";"2";"0.0";"10";"";"";"";"";""
"169";"2026-03-30 20:20:05";"Entrenamiento por la tarde noche";"3786";"Knee Raise (Captain's Chair)";"Rest Timer";"";"";"";"";"110.0";"";""
"169";"2026-03-30 20:20:05";"Entrenamiento por la tarde noche";"3786";"Knee Raise (Captain's Chair)";"3";"0.0";"10";"";"";"";"";""
"169";"2026-03-30 20:20:05";"Entrenamiento por la tarde noche";"3786";"Knee Raise (Captain's Chair)";"Rest Timer";"";"";"";"";"110.0";"";""
"170";"2026-03-31 17:53:53";"Entrenamiento por la tarde";"3997";"Squat (Barbell)";"F";"70.30676";"10";"";"";"";"";""
"170";"2026-03-31 17:53:53";"Entrenamiento por la tarde";"3997";"Squat (Barbell)";"Rest Timer";"";"";"";"";"110.0";"";""
"170";"2026-03-31 17:53:53";"Entrenamiento por la tarde";"3997";"Squat (Barbell)";"F";"74.84268";"10";"";"";"";"";""
"170";"2026-03-31 17:53:53";"Entrenamiento por la tarde";"3997";"Squat (Barbell)";"Rest Timer";"";"";"";"";"110.0";"";""
"170";"2026-03-31 17:53:53";"Entrenamiento por la tarde";"3997";"Squat (Barbell)";"F";"79.3786";"6";"";"";"";"";""
"170";"2026-03-31 17:53:53";"Entrenamiento por la tarde";"3997";"Squat (Barbell)";"Rest Timer";"";"";"";"";"110.0";"";""
"170";"2026-03-31 17:53:53";"Entrenamiento por la tarde";"3997";"Leg Extension (Machine)";"1";"59.874144";"10";"";"";"";"";""
"170";"2026-03-31 17:53:53";"Entrenamiento por la tarde";"3997";"Leg Extension (Machine)";"Rest Timer";"";"";"";"";"120.0";"";""
"170";"2026-03-31 17:53:53";"Entrenamiento por la tarde";"3997";"Leg Extension (Machine)";"2";"59.874144";"10";"";"";"";"";""
"170";"2026-03-31 17:53:53";"Entrenamiento por la tarde";"3997";"Leg Extension (Machine)";"Rest Timer";"";"";"";"";"120.0";"";""
"170";"2026-03-31 17:53:53";"Entrenamiento por la tarde";"3997";"Leg Extension (Machine)";"F";"64.863656";"10";"";"";"";"";""
"170";"2026-03-31 17:53:53";"Entrenamiento por la tarde";"3997";"Leg Extension (Machine)";"Rest Timer";"";"";"";"";"120.0";"";""
"170";"2026-03-31 17:53:53";"Entrenamiento por la tarde";"3997";"Lying Leg Curl (Machine)";"F";"39.916095999999996";"12";"";"";"";"";""
"170";"2026-03-31 17:53:53";"Entrenamiento por la tarde";"3997";"Lying Leg Curl (Machine)";"Rest Timer";"";"";"";"";"120.0";"";""
"170";"2026-03-31 17:53:53";"Entrenamiento por la tarde";"3997";"Lying Leg Curl (Machine)";"F";"49.89512";"10";"";"";"";"";""
"170";"2026-03-31 17:53:53";"Entrenamiento por la tarde";"3997";"Lying Leg Curl (Machine)";"Rest Timer";"";"";"";"";"120.0";"";""
"170";"2026-03-31 17:53:53";"Entrenamiento por la tarde";"3997";"Lying Leg Curl (Machine)";"3";"49.89512";"10";"";"";"";"";""
"170";"2026-03-31 17:53:53";"Entrenamiento por la tarde";"3997";"Lying Leg Curl (Machine)";"Rest Timer";"";"";"";"";"120.0";"";""
"171";"2026-04-01 19:57:28";"Entrenamiento por la tarde noche";"2692";"Lunge (Dumbbell)";"1";"20.41164";"6";"";"";"";"";""
"171";"2026-04-01 19:57:28";"Entrenamiento por la tarde noche";"2692";"Lunge (Dumbbell)";"Rest Timer";"";"";"";"";"110.0";"";""
"171";"2026-04-01 19:57:28";"Entrenamiento por la tarde noche";"2692";"Lunge (Dumbbell)";"2";"20.41164";"6";"";"";"";"";""
"171";"2026-04-01 19:57:28";"Entrenamiento por la tarde noche";"2692";"Lunge (Dumbbell)";"Rest Timer";"";"";"";"";"110.0";"";""
"171";"2026-04-01 19:57:28";"Entrenamiento por la tarde noche";"2692";"Lunge (Dumbbell)";"3";"20.41164";"7";"";"";"";"";""
"171";"2026-04-01 19:57:28";"Entrenamiento por la tarde noche";"2692";"Lunge (Dumbbell)";"Rest Timer";"";"";"";"";"110.0";"";""
"171";"2026-04-01 19:57:28";"Entrenamiento por la tarde noche";"2692";"Hip Thrust (Barbell)";"1";"92.98636";"10";"";"";"";"";""
"171";"2026-04-01 19:57:28";"Entrenamiento por la tarde noche";"2692";"Hip Thrust (Barbell)";"Rest Timer";"";"";"";"";"120.0";"";""
"171";"2026-04-01 19:57:28";"Entrenamiento por la tarde noche";"2692";"Hip Thrust (Barbell)";"2";"92.98636";"8";"";"";"";"";""
"171";"2026-04-01 19:57:28";"Entrenamiento por la tarde noche";"2692";"Hip Thrust (Barbell)";"Rest Timer";"";"";"";"";"120.0";"";""
"171";"2026-04-01 19:57:28";"Entrenamiento por la tarde noche";"2692";"Hip Thrust (Barbell)";"3";"92.98636";"10";"";"";"";"";""
"171";"2026-04-01 19:57:28";"Entrenamiento por la tarde noche";"2692";"Hip Thrust (Barbell)";"Rest Timer";"";"";"";"";"120.0";"";""
"171";"2026-04-01 19:57:28";"Entrenamiento por la tarde noche";"2692";"Triceps Extension (Cable)";"1";"22.452804";"10";"";"";"";"";""
"171";"2026-04-01 19:57:28";"Entrenamiento por la tarde noche";"2692";"Triceps Extension (Cable)";"Rest Timer";"";"";"";"";"110.0";"";""
"171";"2026-04-01 19:57:28";"Entrenamiento por la tarde noche";"2692";"Triceps Extension (Cable)";"2";"22.452804";"10";"";"";"";"";""
"171";"2026-04-01 19:57:28";"Entrenamiento por la tarde noche";"2692";"Triceps Extension (Cable)";"Rest Timer";"";"";"";"";"110.0";"";""
"171";"2026-04-01 19:57:28";"Entrenamiento por la tarde noche";"2692";"Triceps Extension (Cable)";"3";"22.452804";"8";"";"";"";"";""
"171";"2026-04-01 19:57:28";"Entrenamiento por la tarde noche";"2692";"Triceps Extension (Cable)";"Rest Timer";"";"";"";"";"110.0";"";""
"171";"2026-04-01 19:57:28";"Entrenamiento por la tarde noche";"2692";"Lat Pulldown (Cable)";"1";"54.884631999999996";"12";"";"";"";"";""
"171";"2026-04-01 19:57:28";"Entrenamiento por la tarde noche";"2692";"Lat Pulldown (Cable)";"Rest Timer";"";"";"";"";"110.0";"";""
"171";"2026-04-01 19:57:28";"Entrenamiento por la tarde noche";"2692";"Lat Pulldown (Cable)";"2";"64.863656";"7";"";"";"";"";""
"171";"2026-04-01 19:57:28";"Entrenamiento por la tarde noche";"2692";"Lat Pulldown (Cable)";"Rest Timer";"";"";"";"";"110.0";"";""
"171";"2026-04-01 19:57:28";"Entrenamiento por la tarde noche";"2692";"Lat Pulldown (Cable)";"3";"54.884631999999996";"8";"";"";"";"";""
"171";"2026-04-01 19:57:28";"Entrenamiento por la tarde noche";"2692";"Lat Pulldown (Cable)";"Rest Timer";"";"";"";"";"110.0";"";""
"172";"2026-04-03 14:11:13";"Entrenamiento por la tarde";"2962";"Lateral Raise (Dumbbell)";"F";"6.8038799999999995";"15";"";"";"";"";""
"172";"2026-04-03 14:11:13";"Entrenamiento por la tarde";"2962";"Lateral Raise (Dumbbell)";"Rest Timer";"";"";"";"";"110.0";"";""
"172";"2026-04-03 14:11:13";"Entrenamiento por la tarde";"2962";"Lateral Raise (Dumbbell)";"F";"6.8038799999999995";"13";"";"";"";"";""
"172";"2026-04-03 14:11:13";"Entrenamiento por la tarde";"2962";"Lateral Raise (Dumbbell)";"Rest Timer";"";"";"";"";"110.0";"";""
"172";"2026-04-03 14:11:13";"Entrenamiento por la tarde";"2962";"Lateral Raise (Dumbbell)";"3";"6.8038799999999995";"12";"";"";"";"";""
"172";"2026-04-03 14:11:13";"Entrenamiento por la tarde";"2962";"Lateral Raise (Dumbbell)";"Rest Timer";"";"";"";"";"110.0";"";""
"172";"2026-04-03 14:11:13";"Entrenamiento por la tarde";"2962";"Front Raise (Dumbbell)";"F";"6.8038799999999995";"15";"";"";"";"";""
"172";"2026-04-03 14:11:13";"Entrenamiento por la tarde";"2962";"Front Raise (Dumbbell)";"Rest Timer";"";"";"";"";"110.0";"";""
"172";"2026-04-03 14:11:13";"Entrenamiento por la tarde";"2962";"Front Raise (Dumbbell)";"F";"6.8038799999999995";"10";"";"";"";"";""
"172";"2026-04-03 14:11:13";"Entrenamiento por la tarde";"2962";"Front Raise (Dumbbell)";"Rest Timer";"";"";"";"";"110.0";"";""
"172";"2026-04-03 14:11:13";"Entrenamiento por la tarde";"2962";"Front Raise (Dumbbell)";"F";"6.8038799999999995";"10";"";"";"";"";""
"172";"2026-04-03 14:11:13";"Entrenamiento por la tarde";"2962";"Front Raise (Dumbbell)";"Rest Timer";"";"";"";"";"110.0";"";""
"172";"2026-04-03 14:11:13";"Entrenamiento por la tarde";"2962";"Reverse Fly (Dumbbell)";"F";"6.8038799999999995";"15";"";"";"";"";""
"172";"2026-04-03 14:11:13";"Entrenamiento por la tarde";"2962";"Reverse Fly (Dumbbell)";"Rest Timer";"";"";"";"";"110.0";"";""
"172";"2026-04-03 14:11:13";"Entrenamiento por la tarde";"2962";"Reverse Fly (Dumbbell)";"F";"6.8038799999999995";"13";"";"";"";"";""
"172";"2026-04-03 14:11:13";"Entrenamiento por la tarde";"2962";"Reverse Fly (Dumbbell)";"Rest Timer";"";"";"";"";"110.0";"";""
"172";"2026-04-03 14:11:13";"Entrenamiento por la tarde";"2962";"Reverse Fly (Dumbbell)";"3";"6.8038799999999995";"12";"";"";"";"";""
"172";"2026-04-03 14:11:13";"Entrenamiento por la tarde";"2962";"Reverse Fly (Dumbbell)";"Rest Timer";"";"";"";"";"110.0";"";""
"172";"2026-04-03 14:11:13";"Entrenamiento por la tarde";"2962";"Hip Adductor (Machine)";"1";"52.16308";"12";"";"";"";"";""
"172";"2026-04-03 14:11:13";"Entrenamiento por la tarde";"2962";"Hip Adductor (Machine)";"Rest Timer";"";"";"";"";"120.0";"";""
"172";"2026-04-03 14:11:13";"Entrenamiento por la tarde";"2962";"Hip Adductor (Machine)";"2";"52.16308";"12";"";"";"";"";""
"172";"2026-04-03 14:11:13";"Entrenamiento por la tarde";"2962";"Hip Adductor (Machine)";"Rest Timer";"";"";"";"";"120.0";"";""
"172";"2026-04-03 14:11:13";"Entrenamiento por la tarde";"2962";"Hip Adductor (Machine)";"3";"52.16308";"10";"";"";"";"";""
"172";"2026-04-03 14:11:13";"Entrenamiento por la tarde";"2962";"Hip Adductor (Machine)";"Rest Timer";"";"";"";"";"120.0";"";""
"172";"2026-04-03 14:11:13";"Entrenamiento por la tarde";"2962";"Hip Abductor (Machine)";"1";"52.16308";"12";"";"";"";"";""
"172";"2026-04-03 14:11:13";"Entrenamiento por la tarde";"2962";"Hip Abductor (Machine)";"Rest Timer";"";"";"";"";"120.0";"";""
"172";"2026-04-03 14:11:13";"Entrenamiento por la tarde";"2962";"Hip Abductor (Machine)";"2";"52.16308";"12";"";"";"";"";""
"172";"2026-04-03 14:11:13";"Entrenamiento por la tarde";"2962";"Hip Abductor (Machine)";"Rest Timer";"";"";"";"";"120.0";"";""
"172";"2026-04-03 14:11:13";"Entrenamiento por la tarde";"2962";"Hip Abductor (Machine)";"3";"52.16308";"12";"";"";"";"";""
"172";"2026-04-03 14:11:13";"Entrenamiento por la tarde";"2962";"Hip Abductor (Machine)";"Rest Timer";"";"";"";"";"120.0";"";""
"172";"2026-04-03 14:11:13";"Entrenamiento por la tarde";"2962";"Toes To Bar";"1";"";"12";"";"";"";"";""
"172";"2026-04-03 14:11:13";"Entrenamiento por la tarde";"2962";"Toes To Bar";"Rest Timer";"";"";"";"";"110.0";"";""
"172";"2026-04-03 14:11:13";"Entrenamiento por la tarde";"2962";"Toes To Bar";"2";"";"10";"";"";"";"";""
"172";"2026-04-03 14:11:13";"Entrenamiento por la tarde";"2962";"Toes To Bar";"Rest Timer";"";"";"";"";"110.0";"";""
"172";"2026-04-03 14:11:13";"Entrenamiento por la tarde";"2962";"Toes To Bar";"3";"";"8";"";"";"";"";""
"172";"2026-04-03 14:11:13";"Entrenamiento por la tarde";"2962";"Toes To Bar";"Rest Timer";"";"";"";"";"110.0";"";""
"172";"2026-04-03 14:11:13";"Entrenamiento por la tarde";"2962";"Back Extension";"1";"11.3398";"13";"";"";"";"";""
"172";"2026-04-03 14:11:13";"Entrenamiento por la tarde";"2962";"Back Extension";"Rest Timer";"";"";"";"";"120.0";"";""
"172";"2026-04-03 14:11:13";"Entrenamiento por la tarde";"2962";"Back Extension";"2";"11.3398";"13";"";"";"";"";""
"172";"2026-04-03 14:11:13";"Entrenamiento por la tarde";"2962";"Back Extension";"Rest Timer";"";"";"";"";"120.0";"";""
"172";"2026-04-03 14:11:13";"Entrenamiento por la tarde";"2962";"Back Extension";"3";"11.3398";"13";"";"";"";"";""
"172";"2026-04-03 14:11:13";"Entrenamiento por la tarde";"2962";"Back Extension";"Rest Timer";"";"";"";"";"120.0";"";""
"173";"2026-04-04 12:54:51";"Entrenamiento de mediodía";"3528";"Bench Press (Barbell)";"1";"70.30676";"12";"";"";"";"";""
"173";"2026-04-04 12:54:51";"Entrenamiento de mediodía";"3528";"Bench Press (Barbell)";"Rest Timer";"";"";"";"";"110.0";"";""
"173";"2026-04-04 12:54:51";"Entrenamiento de mediodía";"3528";"Bench Press (Barbell)";"2";"77.11064";"10";"";"";"";"";""
"173";"2026-04-04 12:54:51";"Entrenamiento de mediodía";"3528";"Bench Press (Barbell)";"Rest Timer";"";"";"";"";"110.0";"";""
"173";"2026-04-04 12:54:51";"Entrenamiento de mediodía";"3528";"Bench Press (Barbell)";"3";"77.11064";"9";"";"";"";"";""
"173";"2026-04-04 12:54:51";"Entrenamiento de mediodía";"3528";"Bench Press (Barbell)";"Rest Timer";"";"";"";"";"110.0";"";""
"173";"2026-04-04 12:54:51";"Entrenamiento de mediodía";"3528";"Bicep Curl (Barbell)";"1";"22.6796";"12";"";"";"";"";""
"173";"2026-04-04 12:54:51";"Entrenamiento de mediodía";"3528";"Bicep Curl (Barbell)";"Rest Timer";"";"";"";"";"110.0";"";""
"173";"2026-04-04 12:54:51";"Entrenamiento de mediodía";"3528";"Bicep Curl (Barbell)";"2";"22.6796";"13";"";"";"";"";""
"173";"2026-04-04 12:54:51";"Entrenamiento de mediodía";"3528";"Bicep Curl (Barbell)";"Rest Timer";"";"";"";"";"110.0";"";""
"173";"2026-04-04 12:54:51";"Entrenamiento de mediodía";"3528";"Bicep Curl (Barbell)";"3";"22.6796";"12";"";"";"";"";""
"173";"2026-04-04 12:54:51";"Entrenamiento de mediodía";"3528";"Bicep Curl (Barbell)";"Rest Timer";"";"";"";"";"110.0";"";""
"173";"2026-04-04 12:54:51";"Entrenamiento de mediodía";"3528";"Chest Fly (Dumbbell)";"1";"11.33980925";"10";"";"";"";"";""
"173";"2026-04-04 12:54:51";"Entrenamiento de mediodía";"3528";"Chest Fly (Dumbbell)";"Rest Timer";"";"";"";"";"110.0";"";""
"173";"2026-04-04 12:54:51";"Entrenamiento de mediodía";"3528";"Chest Fly (Dumbbell)";"2";"11.33980925";"10";"";"";"";"";""
"173";"2026-04-04 12:54:51";"Entrenamiento de mediodía";"3528";"Chest Fly (Dumbbell)";"Rest Timer";"";"";"";"";"110.0";"";""
"173";"2026-04-04 12:54:51";"Entrenamiento de mediodía";"3528";"Incline Curl (Dumbbell)";"1";"9.07184";"8";"";"";"";"";""
"173";"2026-04-04 12:54:51";"Entrenamiento de mediodía";"3528";"Incline Curl (Dumbbell)";"Rest Timer";"";"";"";"";"110.0";"";""
"173";"2026-04-04 12:54:51";"Entrenamiento de mediodía";"3528";"Incline Curl (Dumbbell)";"2";"11.3398";"6";"";"";"";"";""
"173";"2026-04-04 12:54:51";"Entrenamiento de mediodía";"3528";"Incline Curl (Dumbbell)";"Rest Timer";"";"";"";"";"110.0";"";""
"173";"2026-04-04 12:54:51";"Entrenamiento de mediodía";"3528";"Knee Raise (Captain's Chair)";"1";"0.0";"12";"";"";"";"";""
"173";"2026-04-04 12:54:51";"Entrenamiento de mediodía";"3528";"Knee Raise (Captain's Chair)";"Rest Timer";"";"";"";"";"110.0";"";""
"173";"2026-04-04 12:54:51";"Entrenamiento de mediodía";"3528";"Knee Raise (Captain's Chair)";"2";"0.0";"10";"";"";"";"";""
"173";"2026-04-04 12:54:51";"Entrenamiento de mediodía";"3528";"Knee Raise (Captain's Chair)";"Rest Timer";"";"";"";"";"110.0";"";""
"173";"2026-04-04 12:54:51";"Entrenamiento de mediodía";"3528";"Knee Raise (Captain's Chair)";"3";"0.0";"10";"";"";"";"";""
"173";"2026-04-04 12:54:51";"Entrenamiento de mediodía";"3528";"Knee Raise (Captain's Chair)";"Rest Timer";"";"";"";"";"110.0";"";""
"174";"2026-04-17 18:55:41";"Entrenamiento por la tarde noche";"2876";"Overhead Press (Barbell)";"1";"29.48348";"12";"";"";"";"";""
"174";"2026-04-17 18:55:41";"Entrenamiento por la tarde noche";"2876";"Overhead Press (Barbell)";"Rest Timer";"";"";"";"";"110.0";"";""
"174";"2026-04-17 18:55:41";"Entrenamiento por la tarde noche";"2876";"Overhead Press (Barbell)";"2";"38.55532";"12";"";"";"";"";""
"174";"2026-04-17 18:55:41";"Entrenamiento por la tarde noche";"2876";"Overhead Press (Barbell)";"Rest Timer";"";"";"";"";"110.0";"";""
"174";"2026-04-17 18:55:41";"Entrenamiento por la tarde noche";"2876";"Overhead Press (Barbell)";"3";"38.55532";"8";"";"";"";"";""
"174";"2026-04-17 18:55:41";"Entrenamiento por la tarde noche";"2876";"Overhead Press (Barbell)";"Rest Timer";"";"";"";"";"110.0";"";""
"174";"2026-04-17 18:55:41";"Entrenamiento por la tarde noche";"2876";"Bicep Curl (Barbell)";"1";"22.6796";"12";"";"";"";"";""
"174";"2026-04-17 18:55:41";"Entrenamiento por la tarde noche";"2876";"Bicep Curl (Barbell)";"Rest Timer";"";"";"";"";"110.0";"";""
"174";"2026-04-17 18:55:41";"Entrenamiento por la tarde noche";"2876";"Bicep Curl (Barbell)";"2";"22.6796";"12";"";"";"";"";""
"174";"2026-04-17 18:55:41";"Entrenamiento por la tarde noche";"2876";"Bicep Curl (Barbell)";"Rest Timer";"";"";"";"";"110.0";"";""
"174";"2026-04-17 18:55:41";"Entrenamiento por la tarde noche";"2876";"Bicep Curl (Barbell)";"3";"22.6796";"13";"";"";"";"";""
"174";"2026-04-17 18:55:41";"Entrenamiento por la tarde noche";"2876";"Bicep Curl (Barbell)";"Rest Timer";"";"";"";"";"110.0";"";""
"174";"2026-04-17 18:55:41";"Entrenamiento por la tarde noche";"2876";"Hack Squat";"1";"45.3592";"12";"";"";"";"";""
"174";"2026-04-17 18:55:41";"Entrenamiento por la tarde noche";"2876";"Hack Squat";"Rest Timer";"";"";"";"";"120.0";"";""
"174";"2026-04-17 18:55:41";"Entrenamiento por la tarde noche";"2876";"Hack Squat";"2";"58.96696";"10";"";"";"";"";""
"174";"2026-04-17 18:55:41";"Entrenamiento por la tarde noche";"2876";"Hack Squat";"Rest Timer";"";"";"";"";"120.0";"";""
"174";"2026-04-17 18:55:41";"Entrenamiento por la tarde noche";"2876";"Hack Squat";"3";"58.96696";"12";"";"";"";"";""
"174";"2026-04-17 18:55:41";"Entrenamiento por la tarde noche";"2876";"Hack Squat";"Rest Timer";"";"";"";"";"120.0";"";""
"175";"2026-04-19 12:17:06";"Entrenamiento de mediodía";"4142";"Bench Press (Barbell)";"1";"70.30676";"12";"";"";"";"";""
"175";"2026-04-19 12:17:06";"Entrenamiento de mediodía";"4142";"Bench Press (Barbell)";"Rest Timer";"";"";"";"";"110.0";"";""
"175";"2026-04-19 12:17:06";"Entrenamiento de mediodía";"4142";"Bench Press (Barbell)";"2";"79.3786";"9";"";"";"";"";""
"175";"2026-04-19 12:17:06";"Entrenamiento de mediodía";"4142";"Bench Press (Barbell)";"Rest Timer";"";"";"";"";"110.0";"";""
"175";"2026-04-19 12:17:06";"Entrenamiento de mediodía";"4142";"Bench Press (Barbell)";"3";"81.64656";"6";"";"";"";"";""
"175";"2026-04-19 12:17:06";"Entrenamiento de mediodía";"4142";"Bench Press (Barbell)";"Rest Timer";"";"";"";"";"110.0";"";""
"175";"2026-04-19 12:17:06";"Entrenamiento de mediodía";"4142";"Bent Over One Arm Row (Dumbbell)";"1";"20.41164";"13";"";"";"";"";""
"175";"2026-04-19 12:17:06";"Entrenamiento de mediodía";"4142";"Bent Over One Arm Row (Dumbbell)";"Rest Timer";"";"";"";"";"110.0";"";""
"175";"2026-04-19 12:17:06";"Entrenamiento de mediodía";"4142";"Bent Over One Arm Row (Dumbbell)";"2";"24.94756";"12";"";"";"";"";""
"175";"2026-04-19 12:17:06";"Entrenamiento de mediodía";"4142";"Bent Over One Arm Row (Dumbbell)";"Rest Timer";"";"";"";"";"110.0";"";""
"175";"2026-04-19 12:17:06";"Entrenamiento de mediodía";"4142";"Bent Over One Arm Row (Dumbbell)";"3";"24.94756";"10";"";"";"";"";""
"175";"2026-04-19 12:17:06";"Entrenamiento de mediodía";"4142";"Bent Over One Arm Row (Dumbbell)";"Rest Timer";"";"";"";"";"110.0";"";""
"175";"2026-04-19 12:17:06";"Entrenamiento de mediodía";"4142";"Shrug (Dumbbell)";"1";"24.94756";"15";"";"";"";"";""
"175";"2026-04-19 12:17:06";"Entrenamiento de mediodía";"4142";"Shrug (Dumbbell)";"Rest Timer";"";"";"";"";"120.0";"";""
"175";"2026-04-19 12:17:06";"Entrenamiento de mediodía";"4142";"Shrug (Dumbbell)";"2";"24.94756";"15";"";"";"";"";""
"175";"2026-04-19 12:17:06";"Entrenamiento de mediodía";"4142";"Shrug (Dumbbell)";"Rest Timer";"";"";"";"";"120.0";"";""
"175";"2026-04-19 12:17:06";"Entrenamiento de mediodía";"4142";"Shrug (Dumbbell)";"3";"24.94756";"15";"";"";"";"";""
"175";"2026-04-19 12:17:06";"Entrenamiento de mediodía";"4142";"Shrug (Dumbbell)";"Rest Timer";"";"";"";"";"120.0";"";""
"175";"2026-04-19 12:17:06";"Entrenamiento de mediodía";"4142";"Glute Kickback (Cable)";"1";"12.47378";"12";"";"";"";"";""
"175";"2026-04-19 12:17:06";"Entrenamiento de mediodía";"4142";"Glute Kickback (Cable)";"Rest Timer";"";"";"";"";"120.0";"";""
"175";"2026-04-19 12:17:06";"Entrenamiento de mediodía";"4142";"Glute Kickback (Cable)";"2";"12.47378";"12";"";"";"";"";""
"175";"2026-04-19 12:17:06";"Entrenamiento de mediodía";"4142";"Glute Kickback (Cable)";"Rest Timer";"";"";"";"";"120.0";"";""
"176";"2026-04-26 14:17:38";"Entrenamiento por la tarde";"1828";"Leg Extension (Machine)";"1";"54.884631999999996";"12";"";"";"";"";""
"176";"2026-04-26 14:17:38";"Entrenamiento por la tarde";"1828";"Leg Extension (Machine)";"Rest Timer";"";"";"";"";"120.0";"";""
"176";"2026-04-26 14:17:38";"Entrenamiento por la tarde";"1828";"Leg Extension (Machine)";"2";"59.874144";"12";"";"";"";"";""
"176";"2026-04-26 14:17:38";"Entrenamiento por la tarde";"1828";"Leg Extension (Machine)";"Rest Timer";"";"";"";"";"120.0";"";""
"176";"2026-04-26 14:17:38";"Entrenamiento por la tarde";"1828";"Leg Extension (Machine)";"F";"59.874144";"14";"";"";"";"";""
"176";"2026-04-26 14:17:38";"Entrenamiento por la tarde";"1828";"Leg Extension (Machine)";"Rest Timer";"";"";"";"";"120.0";"";""
"176";"2026-04-26 14:17:38";"Entrenamiento por la tarde";"1828";"Lying Leg Curl (Machine)";"F";"45.3592";"12";"";"";"";"";""
"176";"2026-04-26 14:17:38";"Entrenamiento por la tarde";"1828";"Lying Leg Curl (Machine)";"Rest Timer";"";"";"";"";"120.0";"";""
"176";"2026-04-26 14:17:38";"Entrenamiento por la tarde";"1828";"Lying Leg Curl (Machine)";"F";"49.89512";"12";"";"";"";"";""
"176";"2026-04-26 14:17:38";"Entrenamiento por la tarde";"1828";"Lying Leg Curl (Machine)";"Rest Timer";"";"";"";"";"120.0";"";""
"176";"2026-04-26 14:17:38";"Entrenamiento por la tarde";"1828";"Lying Leg Curl (Machine)";"3";"54.884631999999996";"8";"";"";"";"";""
"176";"2026-04-26 14:17:38";"Entrenamiento por la tarde";"1828";"Lying Leg Curl (Machine)";"Rest Timer";"";"";"";"";"120.0";"";""
"176";"2026-04-26 14:17:38";"Entrenamiento por la tarde";"1828";"Squat (Barbell)";"F";"52.16308";"12";"";"";"";"";""
"176";"2026-04-26 14:17:38";"Entrenamiento por la tarde";"1828";"Squat (Barbell)";"Rest Timer";"";"";"";"";"110.0";"";""
"176";"2026-04-26 14:17:38";"Entrenamiento por la tarde";"1828";"Squat (Barbell)";"F";"52.16308";"12";"";"";"";"";""
"176";"2026-04-26 14:17:38";"Entrenamiento por la tarde";"1828";"Squat (Barbell)";"Rest Timer";"";"";"";"";"110.0";"";""
"176";"2026-04-26 14:17:38";"Entrenamiento por la tarde";"1828";"Squat (Barbell)";"F";"52.16308";"10";"";"";"";"";""
"176";"2026-04-26 14:17:38";"Entrenamiento por la tarde";"1828";"Squat (Barbell)";"Rest Timer";"";"";"";"";"110.0";"";""
"176";"2026-04-26 14:17:38";"Entrenamiento por la tarde";"1828";"Plank";"1";"";"";"";"";"70.0";"";""
"176";"2026-04-26 14:17:38";"Entrenamiento por la tarde";"1828";"Plank";"Rest Timer";"";"";"";"";"120.0";"";""
"176";"2026-04-26 14:17:38";"Entrenamiento por la tarde";"1828";"Plank";"2";"";"";"";"";"70.0";"";""
"176";"2026-04-26 14:17:38";"Entrenamiento por la tarde";"1828";"Plank";"Rest Timer";"";"";"";"";"120.0";"";""
"176";"2026-04-26 14:17:38";"Entrenamiento por la tarde";"1828";"Plank";"3";"";"";"";"";"70.0";"";""
"176";"2026-04-26 14:17:38";"Entrenamiento por la tarde";"1828";"Plank";"Rest Timer";"";"";"";"";"120.0";"";""
"176";"2026-04-26 14:17:38";"Entrenamiento por la tarde";"1828";"Back Extension";"1";"11.3398";"12";"";"";"";"";""
"176";"2026-04-26 14:17:38";"Entrenamiento por la tarde";"1828";"Back Extension";"Rest Timer";"";"";"";"";"120.0";"";""
"176";"2026-04-26 14:17:38";"Entrenamiento por la tarde";"1828";"Back Extension";"2";"11.3398";"12";"";"";"";"";""
"176";"2026-04-26 14:17:38";"Entrenamiento por la tarde";"1828";"Back Extension";"Rest Timer";"";"";"";"";"120.0";"";""
"176";"2026-04-26 14:17:38";"Entrenamiento por la tarde";"1828";"Back Extension";"3";"11.3398";"10";"";"";"";"";""
"176";"2026-04-26 14:17:38";"Entrenamiento por la tarde";"1828";"Back Extension";"Rest Timer";"";"";"";"";"120.0";"";""
"176";"2026-04-26 14:17:38";"Entrenamiento por la tarde";"1828";"Toes To Bar";"1";"";"10";"";"";"";"";""
"176";"2026-04-26 14:17:38";"Entrenamiento por la tarde";"1828";"Toes To Bar";"Rest Timer";"";"";"";"";"110.0";"";""
"176";"2026-04-26 14:17:38";"Entrenamiento por la tarde";"1828";"Toes To Bar";"2";"";"6";"";"";"";"";""
"176";"2026-04-26 14:17:38";"Entrenamiento por la tarde";"1828";"Toes To Bar";"Rest Timer";"";"";"";"";"110.0";"";""
"176";"2026-04-26 14:17:38";"Entrenamiento por la tarde";"1828";"Toes To Bar";"3";"";"6";"";"";"";"";""
"176";"2026-04-26 14:17:38";"Entrenamiento por la tarde";"1828";"Toes To Bar";"Rest Timer";"";"";"";"";"110.0";"";""
"177";"2026-04-28 19:58:03";"Entrenamiento por la tarde noche";"2433";"Overhead Press (Dumbbell)";"F";"20.41164";"13";"";"";"";"";""
"177";"2026-04-28 19:58:03";"Entrenamiento por la tarde noche";"2433";"Overhead Press (Dumbbell)";"Rest Timer";"";"";"";"";"110.0";"";""
"177";"2026-04-28 19:58:03";"Entrenamiento por la tarde noche";"2433";"Overhead Press (Dumbbell)";"F";"20.41164";"10";"";"";"";"";""
"177";"2026-04-28 19:58:03";"Entrenamiento por la tarde noche";"2433";"Overhead Press (Dumbbell)";"Rest Timer";"";"";"";"";"110.0";"";""
"177";"2026-04-28 19:58:03";"Entrenamiento por la tarde noche";"2433";"Overhead Press (Dumbbell)";"F";"20.41164";"11";"";"";"";"";""
"177";"2026-04-28 19:58:03";"Entrenamiento por la tarde noche";"2433";"Overhead Press (Dumbbell)";"Rest Timer";"";"";"";"";"110.0";"";""
"177";"2026-04-28 19:58:03";"Entrenamiento por la tarde noche";"2433";"Lateral Raise (Dumbbell)";"F";"6.8038799999999995";"12";"";"";"";"";""
"177";"2026-04-28 19:58:03";"Entrenamiento por la tarde noche";"2433";"Lateral Raise (Dumbbell)";"Rest Timer";"";"";"";"";"110.0";"";""
"177";"2026-04-28 19:58:03";"Entrenamiento por la tarde noche";"2433";"Lateral Raise (Dumbbell)";"F";"6.8038799999999995";"12";"";"";"";"";""
"177";"2026-04-28 19:58:03";"Entrenamiento por la tarde noche";"2433";"Lateral Raise (Dumbbell)";"Rest Timer";"";"";"";"";"110.0";"";""
"177";"2026-04-28 19:58:03";"Entrenamiento por la tarde noche";"2433";"Lateral Raise (Dumbbell)";"3";"6.8038799999999995";"12";"";"";"";"";""
"177";"2026-04-28 19:58:03";"Entrenamiento por la tarde noche";"2433";"Lateral Raise (Dumbbell)";"Rest Timer";"";"";"";"";"110.0";"";""
"177";"2026-04-28 19:58:03";"Entrenamiento por la tarde noche";"2433";"Front Raise (Dumbbell)";"F";"6.8038799999999995";"12";"";"";"";"";""
"177";"2026-04-28 19:58:03";"Entrenamiento por la tarde noche";"2433";"Front Raise (Dumbbell)";"Rest Timer";"";"";"";"";"110.0";"";""
"177";"2026-04-28 19:58:03";"Entrenamiento por la tarde noche";"2433";"Front Raise (Dumbbell)";"F";"6.8038799999999995";"10";"";"";"";"";""
"177";"2026-04-28 19:58:03";"Entrenamiento por la tarde noche";"2433";"Front Raise (Dumbbell)";"Rest Timer";"";"";"";"";"110.0";"";""
"177";"2026-04-28 19:58:03";"Entrenamiento por la tarde noche";"2433";"Front Raise (Dumbbell)";"F";"6.8038799999999995";"12";"";"";"";"";""
"177";"2026-04-28 19:58:03";"Entrenamiento por la tarde noche";"2433";"Front Raise (Dumbbell)";"Rest Timer";"";"";"";"";"110.0";"";""
"177";"2026-04-28 19:58:03";"Entrenamiento por la tarde noche";"2433";"Reverse Fly (Dumbbell)";"F";"6.8038799999999995";"12";"";"";"";"";""
"177";"2026-04-28 19:58:03";"Entrenamiento por la tarde noche";"2433";"Reverse Fly (Dumbbell)";"Rest Timer";"";"";"";"";"110.0";"";""
"177";"2026-04-28 19:58:03";"Entrenamiento por la tarde noche";"2433";"Reverse Fly (Dumbbell)";"F";"6.8038799999999995";"12";"";"";"";"";""
"177";"2026-04-28 19:58:03";"Entrenamiento por la tarde noche";"2433";"Reverse Fly (Dumbbell)";"Rest Timer";"";"";"";"";"110.0";"";""
"177";"2026-04-28 19:58:03";"Entrenamiento por la tarde noche";"2433";"Reverse Fly (Dumbbell)";"3";"6.8038799999999995";"12";"";"";"";"";""
"177";"2026-04-28 19:58:03";"Entrenamiento por la tarde noche";"2433";"Reverse Fly (Dumbbell)";"Rest Timer";"";"";"";"";"110.0";"";""
"178";"2026-04-30 21:14:55";"Entrenamiento por la tarde noche";"2611";"Bench Press (Barbell)";"1";"83.91452";"6";"";"";"";"";""
"178";"2026-04-30 21:14:55";"Entrenamiento por la tarde noche";"2611";"Bench Press (Barbell)";"Rest Timer";"";"";"";"";"110.0";"";""
"178";"2026-04-30 21:14:55";"Entrenamiento por la tarde noche";"2611";"Bench Press (Barbell)";"2";"83.91452";"6";"";"";"";"";""
"178";"2026-04-30 21:14:55";"Entrenamiento por la tarde noche";"2611";"Bench Press (Barbell)";"Rest Timer";"";"";"";"";"110.0";"";""
"178";"2026-04-30 21:14:55";"Entrenamiento por la tarde noche";"2611";"Bench Press (Barbell)";"3";"83.91452";"6";"";"";"";"";""
"178";"2026-04-30 21:14:55";"Entrenamiento por la tarde noche";"2611";"Bench Press (Barbell)";"Rest Timer";"";"";"";"";"110.0";"";""
"178";"2026-04-30 21:14:55";"Entrenamiento por la tarde noche";"2611";"Back Extension";"1";"11.3398";"10";"";"";"";"";""
"178";"2026-04-30 21:14:55";"Entrenamiento por la tarde noche";"2611";"Back Extension";"Rest Timer";"";"";"";"";"120.0";"";""
"178";"2026-04-30 21:14:55";"Entrenamiento por la tarde noche";"2611";"Back Extension";"2";"11.3398";"10";"";"";"";"";""
"178";"2026-04-30 21:14:55";"Entrenamiento por la tarde noche";"2611";"Back Extension";"Rest Timer";"";"";"";"";"120.0";"";""
"178";"2026-04-30 21:14:55";"Entrenamiento por la tarde noche";"2611";"Toes To Bar";"1";"";"12";"";"";"";"";""
"178";"2026-04-30 21:14:55";"Entrenamiento por la tarde noche";"2611";"Toes To Bar";"Rest Timer";"";"";"";"";"110.0";"";""
"178";"2026-04-30 21:14:55";"Entrenamiento por la tarde noche";"2611";"Toes To Bar";"2";"";"10";"";"";"";"";""
"178";"2026-04-30 21:14:55";"Entrenamiento por la tarde noche";"2611";"Toes To Bar";"Rest Timer";"";"";"";"";"110.0";"";""
"178";"2026-04-30 21:14:55";"Entrenamiento por la tarde noche";"2611";"Bicep Curl (Dumbbell)";"1";"15.87572";"8";"";"";"";"";""
"178";"2026-04-30 21:14:55";"Entrenamiento por la tarde noche";"2611";"Bicep Curl (Dumbbell)";"Rest Timer";"";"";"";"";"110.0";"";""
"178";"2026-04-30 21:14:55";"Entrenamiento por la tarde noche";"2611";"Bicep Curl (Dumbbell)";"2";"15.87572";"6";"";"";"";"";""
"178";"2026-04-30 21:14:55";"Entrenamiento por la tarde noche";"2611";"Bicep Curl (Dumbbell)";"Rest Timer";"";"";"";"";"110.0";"";""
"178";"2026-04-30 21:14:55";"Entrenamiento por la tarde noche";"2611";"Bicep Curl (Dumbbell)";"3";"13.607759999999999";"8";"";"";"";"";""
"178";"2026-04-30 21:14:55";"Entrenamiento por la tarde noche";"2611";"Bicep Curl (Dumbbell)";"Rest Timer";"";"";"";"";"110.0";"";""
"178";"2026-04-30 21:14:55";"Entrenamiento por la tarde noche";"2611";"Triceps Extension (Dumbbell)";"1";"24.94756";"10";"";"";"";"";""
"178";"2026-04-30 21:14:55";"Entrenamiento por la tarde noche";"2611";"Triceps Extension (Dumbbell)";"Rest Timer";"";"";"";"";"110.0";"";""
"178";"2026-04-30 21:14:55";"Entrenamiento por la tarde noche";"2611";"Triceps Extension (Dumbbell)";"2";"24.94756";"10";"";"";"";"";""
"178";"2026-04-30 21:14:55";"Entrenamiento por la tarde noche";"2611";"Triceps Extension (Dumbbell)";"Rest Timer";"";"";"";"";"110.0";"";""
"178";"2026-04-30 21:14:55";"Entrenamiento por la tarde noche";"2611";"Triceps Extension (Dumbbell)";"3";"24.94756";"10";"";"";"";"";""
"178";"2026-04-30 21:14:55";"Entrenamiento por la tarde noche";"2611";"Triceps Extension (Dumbbell)";"Rest Timer";"";"";"";"";"110.0";"";""
"179";"2026-05-03 10:01:56";"Entrenamiento por la mañana";"3897";"Deadlift (Barbell)";"1";"61.23492";"13";"";"";"";"";""
"179";"2026-05-03 10:01:56";"Entrenamiento por la mañana";"3897";"Deadlift (Barbell)";"Rest Timer";"";"";"";"";"110.0";"";""
"179";"2026-05-03 10:01:56";"Entrenamiento por la mañana";"3897";"Deadlift (Barbell)";"2";"83.91452";"8";"";"";"";"";""
"179";"2026-05-03 10:01:56";"Entrenamiento por la mañana";"3897";"Deadlift (Barbell)";"Rest Timer";"";"";"";"";"110.0";"";""
"179";"2026-05-03 10:01:56";"Entrenamiento por la mañana";"3897";"Deadlift (Barbell)";"3";"92.98636";"6";"";"";"";"";""
"179";"2026-05-03 10:01:56";"Entrenamiento por la mañana";"3897";"Deadlift (Barbell)";"Rest Timer";"";"";"";"";"110.0";"";""
"179";"2026-05-03 10:01:56";"Entrenamiento por la mañana";"3897";"Squat (Barbell)";"F";"74.84268";"8";"";"";"";"";""
"179";"2026-05-03 10:01:56";"Entrenamiento por la mañana";"3897";"Squat (Barbell)";"Rest Timer";"";"";"";"";"110.0";"";""
"179";"2026-05-03 10:01:56";"Entrenamiento por la mañana";"3897";"Squat (Barbell)";"F";"74.84268";"5";"";"";"";"";""
"179";"2026-05-03 10:01:56";"Entrenamiento por la mañana";"3897";"Squat (Barbell)";"Rest Timer";"";"";"";"";"110.0";"";""
"179";"2026-05-03 10:01:56";"Entrenamiento por la mañana";"3897";"Squat (Barbell)";"F";"70.30676";"8";"";"";"";"";""
"179";"2026-05-03 10:01:56";"Entrenamiento por la mañana";"3897";"Squat (Barbell)";"Rest Timer";"";"";"";"";"110.0";"";""
"179";"2026-05-03 10:01:56";"Entrenamiento por la mañana";"3897";"Leg Extension (Machine)";"1";"54.884631999999996";"12";"";"";"";"";""
"179";"2026-05-03 10:01:56";"Entrenamiento por la mañana";"3897";"Leg Extension (Machine)";"Rest Timer";"";"";"";"";"120.0";"";""
"179";"2026-05-03 10:01:56";"Entrenamiento por la mañana";"3897";"Leg Extension (Machine)";"2";"54.884631999999996";"10";"";"";"";"";""
"179";"2026-05-03 10:01:56";"Entrenamiento por la mañana";"3897";"Leg Extension (Machine)";"Rest Timer";"";"";"";"";"120.0";"";""
"179";"2026-05-03 10:01:56";"Entrenamiento por la mañana";"3897";"Leg Extension (Machine)";"F";"54.884631999999996";"10";"";"";"";"";""
"179";"2026-05-03 10:01:56";"Entrenamiento por la mañana";"3897";"Leg Extension (Machine)";"Rest Timer";"";"";"";"";"120.0";"";""
"179";"2026-05-03 10:01:56";"Entrenamiento por la mañana";"3897";"Leg Extension (Machine)";"4";"59.874144";"10";"";"";"";"";""
"179";"2026-05-03 10:01:56";"Entrenamiento por la mañana";"3897";"Leg Extension (Machine)";"Rest Timer";"";"";"";"";"120.0";"";""
"179";"2026-05-03 10:01:56";"Entrenamiento por la mañana";"3897";"Leg Extension (Machine)";"5";"59.874144";"10";"";"";"";"";""
"179";"2026-05-03 10:01:56";"Entrenamiento por la mañana";"3897";"Leg Extension (Machine)";"Rest Timer";"";"";"";"";"120.0";"";""
"179";"2026-05-03 10:01:56";"Entrenamiento por la mañana";"3897";"Leg Extension (Machine)";"6";"54.884631999999996";"12";"";"";"";"";""
"179";"2026-05-03 10:01:56";"Entrenamiento por la mañana";"3897";"Leg Extension (Machine)";"Rest Timer";"";"";"";"";"120.0";"";""
"179";"2026-05-03 10:01:56";"Entrenamiento por la mañana";"3897";"Lying Leg Curl (Machine)";"F";"59.874144";"8";"";"";"";"";""
"179";"2026-05-03 10:01:56";"Entrenamiento por la mañana";"3897";"Lying Leg Curl (Machine)";"Rest Timer";"";"";"";"";"120.0";"";""
"179";"2026-05-03 10:01:56";"Entrenamiento por la mañana";"3897";"Lying Leg Curl (Machine)";"F";"49.89512";"10";"";"";"";"";""
"179";"2026-05-03 10:01:56";"Entrenamiento por la mañana";"3897";"Lying Leg Curl (Machine)";"Rest Timer";"";"";"";"";"120.0";"";""
"179";"2026-05-03 10:01:56";"Entrenamiento por la mañana";"3897";"Lying Leg Curl (Machine)";"3";"39.916095999999996";"8";"";"";"";"";""
"179";"2026-05-03 10:01:56";"Entrenamiento por la mañana";"3897";"Lying Leg Curl (Machine)";"Rest Timer";"";"";"";"";"120.0";"";""
"179";"2026-05-03 10:01:56";"Entrenamiento por la mañana";"3897";"Lying Leg Curl (Machine)";"4";"39.916095999999996";"7";"";"";"";"";""
"179";"2026-05-03 10:01:56";"Entrenamiento por la mañana";"3897";"Lying Leg Curl (Machine)";"Rest Timer";"";"";"";"";"120.0";"";""
"179";"2026-05-03 10:01:56";"Entrenamiento por la mañana";"3897";"Lying Leg Curl (Machine)";"5";"34.926584";"8";"";"";"";"";""
"179";"2026-05-03 10:01:56";"Entrenamiento por la mañana";"3897";"Lying Leg Curl (Machine)";"Rest Timer";"";"";"";"";"120.0";"";""
"179";"2026-05-03 10:01:56";"Entrenamiento por la mañana";"3897";"Lying Leg Curl (Machine)";"6";"29.937072";"8";"";"";"";"";""
"179";"2026-05-03 10:01:56";"Entrenamiento por la mañana";"3897";"Lying Leg Curl (Machine)";"Rest Timer";"";"";"";"";"120.0";"";""
"180";"2026-05-05 18:15:22";"Entrenamiento por la tarde noche";"3600";"Bulgarian Split Squat";"1";"18.14368";"7";"";"";"";"";""
"180";"2026-05-05 18:15:22";"Entrenamiento por la tarde noche";"3600";"Bulgarian Split Squat";"Rest Timer";"";"";"";"";"110.0";"";""
"180";"2026-05-05 18:15:22";"Entrenamiento por la tarde noche";"3600";"Bulgarian Split Squat";"2";"18.14368";"6";"";"";"";"";""
"180";"2026-05-05 18:15:22";"Entrenamiento por la tarde noche";"3600";"Bulgarian Split Squat";"Rest Timer";"";"";"";"";"110.0";"";""
"180";"2026-05-05 18:15:22";"Entrenamiento por la tarde noche";"3600";"Bulgarian Split Squat";"3";"13.607759999999999";"6";"";"";"";"";""
"180";"2026-05-05 18:15:22";"Entrenamiento por la tarde noche";"3600";"Bulgarian Split Squat";"Rest Timer";"";"";"";"";"110.0";"";""
"180";"2026-05-05 18:15:22";"Entrenamiento por la tarde noche";"3600";"Squat (Barbell)";"F";"70.30676";"8";"";"";"";"";""
"180";"2026-05-05 18:15:22";"Entrenamiento por la tarde noche";"3600";"Squat (Barbell)";"Rest Timer";"";"";"";"";"110.0";"";""
"180";"2026-05-05 18:15:22";"Entrenamiento por la tarde noche";"3600";"Squat (Barbell)";"F";"70.30676";"8";"";"";"";"";""
"180";"2026-05-05 18:15:22";"Entrenamiento por la tarde noche";"3600";"Squat (Barbell)";"Rest Timer";"";"";"";"";"110.0";"";""
"180";"2026-05-05 18:15:22";"Entrenamiento por la tarde noche";"3600";"Squat (Barbell)";"F";"70.30676";"8";"";"";"";"";""
"180";"2026-05-05 18:15:22";"Entrenamiento por la tarde noche";"3600";"Squat (Barbell)";"Rest Timer";"";"";"";"";"110.0";"";""
"180";"2026-05-05 18:15:22";"Entrenamiento por la tarde noche";"3600";"Cable Crunch";"1";"34.926584";"10";"";"";"";"";""
"180";"2026-05-05 18:15:22";"Entrenamiento por la tarde noche";"3600";"Cable Crunch";"Rest Timer";"";"";"";"";"120.0";"";""
"180";"2026-05-05 18:15:22";"Entrenamiento por la tarde noche";"3600";"Cable Crunch";"2";"37.42134";"10";"";"";"";"";""
"180";"2026-05-05 18:15:22";"Entrenamiento por la tarde noche";"3600";"Cable Crunch";"Rest Timer";"";"";"";"";"120.0";"";""
"180";"2026-05-05 18:15:22";"Entrenamiento por la tarde noche";"3600";"Toes To Bar";"1";"";"10";"";"";"";"";""
"180";"2026-05-05 18:15:22";"Entrenamiento por la tarde noche";"3600";"Toes To Bar";"Rest Timer";"";"";"";"";"110.0";"";""
"180";"2026-05-05 18:15:22";"Entrenamiento por la tarde noche";"3600";"Toes To Bar";"2";"";"8";"";"";"";"";""
"180";"2026-05-05 18:15:22";"Entrenamiento por la tarde noche";"3600";"Toes To Bar";"Rest Timer";"";"";"";"";"110.0";"";""
"181";"2026-05-21 19:27:34";"Entrenamiento por la tarde noche";"3710";"Bench Press (Barbell)";"1";"79.3786";"10";"";"";"";"";""
"181";"2026-05-21 19:27:34";"Entrenamiento por la tarde noche";"3710";"Bench Press (Barbell)";"Rest Timer";"";"";"";"";"110.0";"";""
"181";"2026-05-21 19:27:34";"Entrenamiento por la tarde noche";"3710";"Bench Press (Barbell)";"2";"79.3786";"8";"";"";"";"";""
"181";"2026-05-21 19:27:34";"Entrenamiento por la tarde noche";"3710";"Bench Press (Barbell)";"Rest Timer";"";"";"";"";"110.0";"";""
"181";"2026-05-21 19:27:34";"Entrenamiento por la tarde noche";"3710";"Bench Press (Barbell)";"3";"79.3786";"8";"";"";"";"";""
"181";"2026-05-21 19:27:34";"Entrenamiento por la tarde noche";"3710";"Bench Press (Barbell)";"Rest Timer";"";"";"";"";"110.0";"";""
"181";"2026-05-21 19:27:34";"Entrenamiento por la tarde noche";"3710";"Bicep Curl (Barbell)";"1";"27.215519999999998";"10";"";"";"";"";""
"181";"2026-05-21 19:27:34";"Entrenamiento por la tarde noche";"3710";"Bicep Curl (Barbell)";"Rest Timer";"";"";"";"";"110.0";"";""
"181";"2026-05-21 19:27:34";"Entrenamiento por la tarde noche";"3710";"Bicep Curl (Barbell)";"2";"27.215519999999998";"10";"";"";"";"";""
"181";"2026-05-21 19:27:34";"Entrenamiento por la tarde noche";"3710";"Bicep Curl (Barbell)";"Rest Timer";"";"";"";"";"110.0";"";""
"181";"2026-05-21 19:27:34";"Entrenamiento por la tarde noche";"3710";"Bicep Curl (Barbell)";"3";"27.215519999999998";"10";"";"";"";"";""
"181";"2026-05-21 19:27:34";"Entrenamiento por la tarde noche";"3710";"Bicep Curl (Barbell)";"Rest Timer";"";"";"";"";"110.0";"";""
"181";"2026-05-21 19:27:34";"Entrenamiento por la tarde noche";"3710";"Seated Row (Cable)";"1";"54.884631999999996";"12";"";"";"";"";""
"181";"2026-05-21 19:27:34";"Entrenamiento por la tarde noche";"3710";"Seated Row (Cable)";"Rest Timer";"";"";"";"";"110.0";"";""
"181";"2026-05-21 19:27:34";"Entrenamiento por la tarde noche";"3710";"Seated Row (Cable)";"2";"64.863656";"10";"";"";"";"";""
"181";"2026-05-21 19:27:34";"Entrenamiento por la tarde noche";"3710";"Seated Row (Cable)";"Rest Timer";"";"";"";"";"110.0";"";""
"181";"2026-05-21 19:27:34";"Entrenamiento por la tarde noche";"3710";"Seated Row (Cable)";"3";"64.863656";"10";"";"";"";"";""
"181";"2026-05-21 19:27:34";"Entrenamiento por la tarde noche";"3710";"Seated Row (Cable)";"Rest Timer";"";"";"";"";"110.0";"";""
"181";"2026-05-21 19:27:34";"Entrenamiento por la tarde noche";"3710";"Back Extension";"1";"11.3398";"12";"";"";"";"";""
"181";"2026-05-21 19:27:34";"Entrenamiento por la tarde noche";"3710";"Back Extension";"Rest Timer";"";"";"";"";"120.0";"";""
"181";"2026-05-21 19:27:34";"Entrenamiento por la tarde noche";"3710";"Back Extension";"2";"11.3398";"13";"";"";"";"";""
"181";"2026-05-21 19:27:34";"Entrenamiento por la tarde noche";"3710";"Back Extension";"Rest Timer";"";"";"";"";"120.0";"";""
"181";"2026-05-21 19:27:34";"Entrenamiento por la tarde noche";"3710";"Back Extension";"3";"11.3398";"13";"";"";"";"";""
"181";"2026-05-21 19:27:34";"Entrenamiento por la tarde noche";"3710";"Back Extension";"Rest Timer";"";"";"";"";"120.0";"";""
"181";"2026-05-21 19:27:34";"Entrenamiento por la tarde noche";"3710";"Squat (Smith Machine)";"1";"22.6796";"9";"";"";"";"";""
"181";"2026-05-21 19:27:34";"Entrenamiento por la tarde noche";"3710";"Squat (Smith Machine)";"Rest Timer";"";"";"";"";"120.0";"";""
"181";"2026-05-21 19:27:34";"Entrenamiento por la tarde noche";"3710";"Squat (Smith Machine)";"2";"22.6796";"9";"";"";"";"";""
"181";"2026-05-21 19:27:34";"Entrenamiento por la tarde noche";"3710";"Squat (Smith Machine)";"Rest Timer";"";"";"";"";"120.0";"";""
"182";"2026-05-25 12:19:53";"Entrenamiento de mediodía";"3635";"Front Squat (Barbell)";"1";"65.77083999999999";"6";"";"";"";"";""
"182";"2026-05-25 12:19:53";"Entrenamiento de mediodía";"3635";"Front Squat (Barbell)";"Rest Timer";"";"";"";"";"110.0";"";""
"182";"2026-05-25 12:19:53";"Entrenamiento de mediodía";"3635";"Front Squat (Barbell)";"2";"65.77083999999999";"6";"";"";"";"";""
"182";"2026-05-25 12:19:53";"Entrenamiento de mediodía";"3635";"Front Squat (Barbell)";"Rest Timer";"";"";"";"";"110.0";"";""
"182";"2026-05-25 12:19:53";"Entrenamiento de mediodía";"3635";"Front Squat (Barbell)";"3";"70.30676";"6";"";"";"";"";""
"182";"2026-05-25 12:19:53";"Entrenamiento de mediodía";"3635";"Front Squat (Barbell)";"Rest Timer";"";"";"";"";"110.0";"";""
"182";"2026-05-25 12:19:53";"Entrenamiento de mediodía";"3635";"Hip Thrust (Barbell)";"1";"102.0582";"8";"";"";"";"";""
"182";"2026-05-25 12:19:53";"Entrenamiento de mediodía";"3635";"Hip Thrust (Barbell)";"Rest Timer";"";"";"";"";"120.0";"";""
"182";"2026-05-25 12:19:53";"Entrenamiento de mediodía";"3635";"Hip Thrust (Barbell)";"2";"102.0582";"8";"";"";"";"";""
"182";"2026-05-25 12:19:53";"Entrenamiento de mediodía";"3635";"Hip Thrust (Barbell)";"Rest Timer";"";"";"";"";"120.0";"";""
"182";"2026-05-25 12:19:53";"Entrenamiento de mediodía";"3635";"Hip Thrust (Barbell)";"3";"102.0582";"8";"";"";"";"";""
"182";"2026-05-25 12:19:53";"Entrenamiento de mediodía";"3635";"Hip Thrust (Barbell)";"Rest Timer";"";"";"";"";"120.0";"";""
"182";"2026-05-25 12:19:53";"Entrenamiento de mediodía";"3635";"Hip Adductor (Machine)";"1";"52.16308";"8";"";"";"";"";""
"182";"2026-05-25 12:19:53";"Entrenamiento de mediodía";"3635";"Hip Adductor (Machine)";"Rest Timer";"";"";"";"";"120.0";"";""
"182";"2026-05-25 12:19:53";"Entrenamiento de mediodía";"3635";"Hip Adductor (Machine)";"2";"52.16308";"8";"";"";"";"";""
"182";"2026-05-25 12:19:53";"Entrenamiento de mediodía";"3635";"Hip Adductor (Machine)";"Rest Timer";"";"";"";"";"120.0";"";""
"182";"2026-05-25 12:19:53";"Entrenamiento de mediodía";"3635";"Hip Adductor (Machine)";"3";"52.16308";"8";"";"";"";"";""
"182";"2026-05-25 12:19:53";"Entrenamiento de mediodía";"3635";"Hip Adductor (Machine)";"Rest Timer";"";"";"";"";"120.0";"";""
"182";"2026-05-25 12:19:53";"Entrenamiento de mediodía";"3635";"Hip Abductor (Machine)";"1";"52.16308";"8";"";"";"";"";""
"182";"2026-05-25 12:19:53";"Entrenamiento de mediodía";"3635";"Hip Abductor (Machine)";"Rest Timer";"";"";"";"";"120.0";"";""
"182";"2026-05-25 12:19:53";"Entrenamiento de mediodía";"3635";"Hip Abductor (Machine)";"2";"52.16308";"8";"";"";"";"";""
"182";"2026-05-25 12:19:53";"Entrenamiento de mediodía";"3635";"Hip Abductor (Machine)";"Rest Timer";"";"";"";"";"120.0";"";""
"182";"2026-05-25 12:19:53";"Entrenamiento de mediodía";"3635";"Hip Abductor (Machine)";"3";"52.16308";"8";"";"";"";"";""
"182";"2026-05-25 12:19:53";"Entrenamiento de mediodía";"3635";"Hip Abductor (Machine)";"Rest Timer";"";"";"";"";"120.0";"";""
"183";"2026-05-26 18:10:13";"Entrenamiento por la tarde noche";"1628";"Lying Leg Curl (Machine)";"F";"44.905608";"10";"";"";"";"";""
"183";"2026-05-26 18:10:13";"Entrenamiento por la tarde noche";"1628";"Lying Leg Curl (Machine)";"Rest Timer";"";"";"";"";"120.0";"";""
"183";"2026-05-26 18:10:13";"Entrenamiento por la tarde noche";"1628";"Lying Leg Curl (Machine)";"F";"54.884631999999996";"10";"";"";"";"";""
"183";"2026-05-26 18:10:13";"Entrenamiento por la tarde noche";"1628";"Lying Leg Curl (Machine)";"Rest Timer";"";"";"";"";"120.0";"";""
"183";"2026-05-26 18:10:13";"Entrenamiento por la tarde noche";"1628";"Lying Leg Curl (Machine)";"3";"54.884631999999996";"10";"";"";"";"";""
"183";"2026-05-26 18:10:13";"Entrenamiento por la tarde noche";"1628";"Lying Leg Curl (Machine)";"Rest Timer";"";"";"";"";"120.0";"";""
"183";"2026-05-26 18:10:13";"Entrenamiento por la tarde noche";"1628";"Leg Extension (Machine)";"1";"54.884631999999996";"12";"";"";"";"";""
"183";"2026-05-26 18:10:13";"Entrenamiento por la tarde noche";"1628";"Leg Extension (Machine)";"Rest Timer";"";"";"";"";"120.0";"";""
"183";"2026-05-26 18:10:13";"Entrenamiento por la tarde noche";"1628";"Leg Extension (Machine)";"2";"54.884631999999996";"12";"";"";"";"";""
"183";"2026-05-26 18:10:13";"Entrenamiento por la tarde noche";"1628";"Leg Extension (Machine)";"Rest Timer";"";"";"";"";"120.0";"";""
"183";"2026-05-26 18:10:13";"Entrenamiento por la tarde noche";"1628";"Leg Extension (Machine)";"F";"59.874144";"12";"";"";"";"";""
"183";"2026-05-26 18:10:13";"Entrenamiento por la tarde noche";"1628";"Leg Extension (Machine)";"Rest Timer";"";"";"";"";"120.0";"";""
"183";"2026-05-26 18:10:13";"Entrenamiento por la tarde noche";"1628";"Hip Thrust (Barbell)";"1";"40.82328";"6";"";"";"";"";""
"183";"2026-05-26 18:10:13";"Entrenamiento por la tarde noche";"1628";"Hip Thrust (Barbell)";"Rest Timer";"";"";"";"";"120.0";"";""
"183";"2026-05-26 18:10:13";"Entrenamiento por la tarde noche";"1628";"Hip Thrust (Barbell)";"2";"81.64656";"6";"";"";"";"";""
"183";"2026-05-26 18:10:13";"Entrenamiento por la tarde noche";"1628";"Hip Thrust (Barbell)";"Rest Timer";"";"";"";"";"120.0";"";""
"183";"2026-05-26 18:10:13";"Entrenamiento por la tarde noche";"1628";"Hip Thrust (Barbell)";"3";"81.64656";"6";"";"";"";"";""
"183";"2026-05-26 18:10:13";"Entrenamiento por la tarde noche";"1628";"Hip Thrust (Barbell)";"Rest Timer";"";"";"";"";"120.0";"";""
"183";"2026-05-26 18:10:13";"Entrenamiento por la tarde noche";"1628";"Overhead Press (Dumbbell)";"F";"20.41164";"12";"";"";"";"";""
"183";"2026-05-26 18:10:13";"Entrenamiento por la tarde noche";"1628";"Overhead Press (Dumbbell)";"Rest Timer";"";"";"";"";"110.0";"";""
"183";"2026-05-26 18:10:13";"Entrenamiento por la tarde noche";"1628";"Overhead Press (Dumbbell)";"F";"20.41164";"8";"";"";"";"";""
"183";"2026-05-26 18:10:13";"Entrenamiento por la tarde noche";"1628";"Overhead Press (Dumbbell)";"Rest Timer";"";"";"";"";"110.0";"";""
"183";"2026-05-26 18:10:13";"Entrenamiento por la tarde noche";"1628";"Overhead Press (Dumbbell)";"F";"20.41164";"8";"";"";"";"";""
"183";"2026-05-26 18:10:13";"Entrenamiento por la tarde noche";"1628";"Overhead Press (Dumbbell)";"Rest Timer";"";"";"";"";"110.0";"";""
"184";"2026-05-29 15:05:33";"Entrenamiento por la tarde";"4545";"Straight Leg Deadlift";"1";"40.82328";"10";"";"";"";"";""
"184";"2026-05-29 15:05:33";"Entrenamiento por la tarde";"4545";"Straight Leg Deadlift";"Rest Timer";"";"";"";"";"120.0";"";""
"184";"2026-05-29 15:05:33";"Entrenamiento por la tarde";"4545";"Straight Leg Deadlift";"2";"40.82328";"8";"";"";"";"";""
"184";"2026-05-29 15:05:33";"Entrenamiento por la tarde";"4545";"Straight Leg Deadlift";"Rest Timer";"";"";"";"";"120.0";"";""
"184";"2026-05-29 15:05:33";"Entrenamiento por la tarde";"4545";"Straight Leg Deadlift";"3";"40.82328";"8";"";"";"";"";""
"184";"2026-05-29 15:05:33";"Entrenamiento por la tarde";"4545";"Straight Leg Deadlift";"Rest Timer";"";"";"";"";"120.0";"";""
"184";"2026-05-29 15:05:33";"Entrenamiento por la tarde";"4545";"Squat (Barbell)";"F";"61.23492";"13";"";"";"";"";""
"184";"2026-05-29 15:05:33";"Entrenamiento por la tarde";"4545";"Squat (Barbell)";"Rest Timer";"";"";"";"";"110.0";"";""
"184";"2026-05-29 15:05:33";"Entrenamiento por la tarde";"4545";"Squat (Barbell)";"F";"61.23492";"10";"";"";"";"";""
"184";"2026-05-29 15:05:33";"Entrenamiento por la tarde";"4545";"Squat (Barbell)";"Rest Timer";"";"";"";"";"110.0";"";""
"184";"2026-05-29 15:05:33";"Entrenamiento por la tarde";"4545";"Squat (Barbell)";"F";"65.77083999999999";"8";"";"";"";"";""
"184";"2026-05-29 15:05:33";"Entrenamiento por la tarde";"4545";"Squat (Barbell)";"Rest Timer";"";"";"";"";"110.0";"";""
"184";"2026-05-29 15:05:33";"Entrenamiento por la tarde";"4545";"Glute Kickback (Cable)";"1";"14.968536";"10";"";"";"";"";""
"184";"2026-05-29 15:05:33";"Entrenamiento por la tarde";"4545";"Glute Kickback (Cable)";"Rest Timer";"";"";"";"";"120.0";"";""
"184";"2026-05-29 15:05:33";"Entrenamiento por la tarde";"4545";"Glute Kickback (Cable)";"2";"14.968536";"10";"";"";"";"";""
"184";"2026-05-29 15:05:33";"Entrenamiento por la tarde";"4545";"Glute Kickback (Cable)";"Rest Timer";"";"";"";"";"120.0";"";""
"184";"2026-05-29 15:05:33";"Entrenamiento por la tarde";"4545";"Glute Kickback (Cable)";"3";"14.968536";"10";"";"";"";"";""
"184";"2026-05-29 15:05:33";"Entrenamiento por la tarde";"4545";"Glute Kickback (Cable)";"Rest Timer";"";"";"";"";"120.0";"";""
"184";"2026-05-29 15:05:33";"Entrenamiento por la tarde";"4545";"Back Extension";"1";"0.0";"12";"";"";"";"";""
"184";"2026-05-29 15:05:33";"Entrenamiento por la tarde";"4545";"Back Extension";"Rest Timer";"";"";"";"";"120.0";"";""
"184";"2026-05-29 15:05:33";"Entrenamiento por la tarde";"4545";"Back Extension";"2";"0.0";"13";"";"";"";"";""
"184";"2026-05-29 15:05:33";"Entrenamiento por la tarde";"4545";"Back Extension";"Rest Timer";"";"";"";"";"120.0";"";""
"184";"2026-05-29 15:05:33";"Entrenamiento por la tarde";"4545";"Back Extension";"3";"0.0";"13";"";"";"";"";""
"184";"2026-05-29 15:05:33";"Entrenamiento por la tarde";"4545";"Back Extension";"Rest Timer";"";"";"";"";"120.0";"";""
"185";"2026-06-07 09:19:27";"Entrenamiento por la mañana";"4410";"Overhead Press (Barbell)";"1";"43.09124";"8";"";"";"";"";""
"185";"2026-06-07 09:19:27";"Entrenamiento por la mañana";"4410";"Overhead Press (Barbell)";"Rest Timer";"";"";"";"";"110.0";"";""
"185";"2026-06-07 09:19:27";"Entrenamiento por la mañana";"4410";"Overhead Press (Barbell)";"2";"43.09124";"8";"";"";"";"";""
"185";"2026-06-07 09:19:27";"Entrenamiento por la mañana";"4410";"Overhead Press (Barbell)";"Rest Timer";"";"";"";"";"110.0";"";""
"185";"2026-06-07 09:19:27";"Entrenamiento por la mañana";"4410";"Overhead Press (Barbell)";"3";"45.3592";"8";"";"";"";"";""
"185";"2026-06-07 09:19:27";"Entrenamiento por la mañana";"4410";"Overhead Press (Barbell)";"Rest Timer";"";"";"";"";"110.0";"";""
"185";"2026-06-07 09:19:27";"Entrenamiento por la mañana";"4410";"Overhead Press (Barbell)";"4";"45.3592";"6";"";"";"";"";""
"185";"2026-06-07 09:19:27";"Entrenamiento por la mañana";"4410";"Overhead Press (Barbell)";"Rest Timer";"";"";"";"";"110.0";"";""
"185";"2026-06-07 09:19:27";"Entrenamiento por la mañana";"4410";"Squat (Barbell)";"F";"61.23492";"8";"";"";"";"";""
"185";"2026-06-07 09:19:27";"Entrenamiento por la mañana";"4410";"Squat (Barbell)";"Rest Timer";"";"";"";"";"110.0";"";""
"185";"2026-06-07 09:19:27";"Entrenamiento por la mañana";"4410";"Squat (Barbell)";"F";"83.91452";"5";"";"";"";"";""
"185";"2026-06-07 09:19:27";"Entrenamiento por la mañana";"4410";"Squat (Barbell)";"Rest Timer";"";"";"";"";"110.0";"";""
"185";"2026-06-07 09:19:27";"Entrenamiento por la mañana";"4410";"Squat (Barbell)";"F";"83.91452";"5";"";"";"";"";""
"185";"2026-06-07 09:19:27";"Entrenamiento por la mañana";"4410";"Squat (Barbell)";"Rest Timer";"";"";"";"";"110.0";"";""
"185";"2026-06-07 09:19:27";"Entrenamiento por la mañana";"4410";"Squat (Barbell)";"4";"83.91452";"4";"";"";"";"";""
"185";"2026-06-07 09:19:27";"Entrenamiento por la mañana";"4410";"Squat (Barbell)";"Rest Timer";"";"";"";"";"110.0";"";""
"185";"2026-06-07 09:19:27";"Entrenamiento por la mañana";"4410";"Toes To Bar";"1";"";"12";"";"";"";"";""
"185";"2026-06-07 09:19:27";"Entrenamiento por la mañana";"4410";"Toes To Bar";"Rest Timer";"";"";"";"";"110.0";"";""
"185";"2026-06-07 09:19:27";"Entrenamiento por la mañana";"4410";"Toes To Bar";"2";"";"10";"";"";"";"";""
"185";"2026-06-07 09:19:27";"Entrenamiento por la mañana";"4410";"Toes To Bar";"Rest Timer";"";"";"";"";"110.0";"";""
"185";"2026-06-07 09:19:27";"Entrenamiento por la mañana";"4410";"Toes To Bar";"3";"";"8";"";"";"";"";""
"185";"2026-06-07 09:19:27";"Entrenamiento por la mañana";"4410";"Toes To Bar";"Rest Timer";"";"";"";"";"110.0";"";""
"185";"2026-06-07 09:19:27";"Entrenamiento por la mañana";"4410";"Cable Crunch";"1";"37.42134";"10";"";"";"";"";""
"185";"2026-06-07 09:19:27";"Entrenamiento por la mañana";"4410";"Cable Crunch";"Rest Timer";"";"";"";"";"120.0";"";""
"185";"2026-06-07 09:19:27";"Entrenamiento por la mañana";"4410";"Cable Crunch";"2";"37.42134";"10";"";"";"";"";""
"185";"2026-06-07 09:19:27";"Entrenamiento por la mañana";"4410";"Cable Crunch";"Rest Timer";"";"";"";"";"120.0";"";""
"185";"2026-06-07 09:19:27";"Entrenamiento por la mañana";"4410";"Cable Crunch";"3";"37.42134";"8";"";"";"";"";""
"185";"2026-06-07 09:19:27";"Entrenamiento por la mañana";"4410";"Cable Crunch";"Rest Timer";"";"";"";"";"120.0";"";""
"186";"2026-06-09 18:18:38";"Entrenamiento por la tarde noche";"2232";"Chest Dip";"1";"0.0";"10";"";"";"";"";""
"186";"2026-06-09 18:18:38";"Entrenamiento por la tarde noche";"2232";"Chest Dip";"Rest Timer";"";"";"";"";"110.0";"";""
"186";"2026-06-09 18:18:38";"Entrenamiento por la tarde noche";"2232";"Chest Dip";"2";"0.0";"10";"";"";"";"";""
"186";"2026-06-09 18:18:38";"Entrenamiento por la tarde noche";"2232";"Chest Dip";"Rest Timer";"";"";"";"";"110.0";"";""
"186";"2026-06-09 18:18:38";"Entrenamiento por la tarde noche";"2232";"Chest Dip";"3";"15.87572";"10";"";"";"";"";""
"186";"2026-06-09 18:18:38";"Entrenamiento por la tarde noche";"2232";"Chest Dip";"Rest Timer";"";"";"";"";"110.0";"";""
"186";"2026-06-09 18:18:38";"Entrenamiento por la tarde noche";"2232";"Bicep Curl (Dumbbell)";"1";"13.607759999999999";"10";"";"";"";"";""
"186";"2026-06-09 18:18:38";"Entrenamiento por la tarde noche";"2232";"Bicep Curl (Dumbbell)";"Rest Timer";"";"";"";"";"110.0";"";""
"186";"2026-06-09 18:18:38";"Entrenamiento por la tarde noche";"2232";"Bicep Curl (Dumbbell)";"2";"13.607759999999999";"8";"";"";"";"";""
"186";"2026-06-09 18:18:38";"Entrenamiento por la tarde noche";"2232";"Bicep Curl (Dumbbell)";"Rest Timer";"";"";"";"";"110.0";"";""
"186";"2026-06-09 18:18:38";"Entrenamiento por la tarde noche";"2232";"Bicep Curl (Dumbbell)";"3";"13.607759999999999";"10";"";"";"";"";""
"186";"2026-06-09 18:18:38";"Entrenamiento por la tarde noche";"2232";"Bicep Curl (Dumbbell)";"Rest Timer";"";"";"";"";"110.0";"";""
"186";"2026-06-09 18:18:38";"Entrenamiento por la tarde noche";"2232";"Bicep Curl (Dumbbell)";"4";"13.607759999999999";"8";"";"";"";"";""
"186";"2026-06-09 18:18:38";"Entrenamiento por la tarde noche";"2232";"Bicep Curl (Dumbbell)";"Rest Timer";"";"";"";"";"110.0";"";""
"186";"2026-06-09 18:18:38";"Entrenamiento por la tarde noche";"2232";"Triceps Extension (Dumbbell)";"1";"20.41164";"10";"";"";"";"";""
"186";"2026-06-09 18:18:38";"Entrenamiento por la tarde noche";"2232";"Triceps Extension (Dumbbell)";"Rest Timer";"";"";"";"";"110.0";"";""
"186";"2026-06-09 18:18:38";"Entrenamiento por la tarde noche";"2232";"Triceps Extension (Dumbbell)";"2";"22.6796";"10";"";"";"";"";""
"186";"2026-06-09 18:18:38";"Entrenamiento por la tarde noche";"2232";"Triceps Extension (Dumbbell)";"Rest Timer";"";"";"";"";"110.0";"";""
"186";"2026-06-09 18:18:38";"Entrenamiento por la tarde noche";"2232";"Seated Row (Cable)";"1";"64.863656";"8";"";"";"";"";""
"186";"2026-06-09 18:18:38";"Entrenamiento por la tarde noche";"2232";"Seated Row (Cable)";"Rest Timer";"";"";"";"";"110.0";"";""
"186";"2026-06-09 18:18:38";"Entrenamiento por la tarde noche";"2232";"Seated Row (Cable)";"2";"64.863656";"8";"";"";"";"";""
"186";"2026-06-09 18:18:38";"Entrenamiento por la tarde noche";"2232";"Seated Row (Cable)";"Rest Timer";"";"";"";"";"110.0";"";""
"186";"2026-06-09 18:18:38";"Entrenamiento por la tarde noche";"2232";"Seated Row (Cable)";"3";"64.863656";"8";"";"";"";"";""
"186";"2026-06-09 18:18:38";"Entrenamiento por la tarde noche";"2232";"Seated Row (Cable)";"Rest Timer";"";"";"";"";"110.0";"";""
"186";"2026-06-09 18:18:38";"Entrenamiento por la tarde noche";"2232";"Seated Row (Cable)";"4";"64.863656";"5";"";"";"";"";""
"186";"2026-06-09 18:18:38";"Entrenamiento por la tarde noche";"2232";"Seated Row (Cable)";"Rest Timer";"";"";"";"";"110.0";"";""
"186";"2026-06-09 18:18:38";"Entrenamiento por la tarde noche";"2232";"Cable Crunch";"1";"37.42134";"10";"";"";"";"";""
"186";"2026-06-09 18:18:38";"Entrenamiento por la tarde noche";"2232";"Cable Crunch";"Rest Timer";"";"";"";"";"120.0";"";""
"186";"2026-06-09 18:18:38";"Entrenamiento por la tarde noche";"2232";"Cable Crunch";"2";"37.42134";"10";"";"";"";"";""
"186";"2026-06-09 18:18:38";"Entrenamiento por la tarde noche";"2232";"Cable Crunch";"Rest Timer";"";"";"";"";"120.0";"";""
"186";"2026-06-09 18:18:38";"Entrenamiento por la tarde noche";"2232";"Cable Crunch";"3";"37.42134";"10";"";"";"";"";""
"186";"2026-06-09 18:18:38";"Entrenamiento por la tarde noche";"2232";"Cable Crunch";"Rest Timer";"";"";"";"";"120.0";"";""
"186";"2026-06-09 18:18:38";"Entrenamiento por la tarde noche";"2232";"Cable Crunch";"4";"37.42134";"10";"";"";"";"";""
"186";"2026-06-09 18:18:38";"Entrenamiento por la tarde noche";"2232";"Cable Crunch";"Rest Timer";"";"";"";"";"120.0";"";""
"187";"2026-09-06 10:46:35";"Entrenamiento por la mañana";"2989";"Bench Press (Barbell)";"1";"61.23492";"10";"";"";"";"";""
"187";"2026-09-06 10:46:35";"Entrenamiento por la mañana";"2989";"Bench Press (Barbell)";"Rest Timer";"";"";"";"";"110.0";"";""
"187";"2026-09-06 10:46:35";"Entrenamiento por la mañana";"2989";"Bench Press (Barbell)";"2";"61.23492";"12";"";"";"";"";""
"187";"2026-09-06 10:46:35";"Entrenamiento por la mañana";"2989";"Bench Press (Barbell)";"Rest Timer";"";"";"";"";"110.0";"";""
"187";"2026-09-06 10:46:35";"Entrenamiento por la mañana";"2989";"Bench Press (Barbell)";"3";"61.23492";"12";"";"";"";"";""
"187";"2026-09-06 10:46:35";"Entrenamiento por la mañana";"2989";"Bench Press (Barbell)";"Rest Timer";"";"";"";"";"110.0";"";""
"187";"2026-09-06 10:46:35";"Entrenamiento por la mañana";"2989";"Bench Press (Barbell)";"4";"61.23492";"12";"";"";"";"";""
"187";"2026-09-06 10:46:35";"Entrenamiento por la mañana";"2989";"Bench Press (Barbell)";"Rest Timer";"";"";"";"";"110.0";"";""
"187";"2026-09-06 10:46:35";"Entrenamiento por la mañana";"2989";"Bicep Curl (Barbell)";"1";"22.6796";"10";"";"";"";"";""
"187";"2026-09-06 10:46:35";"Entrenamiento por la mañana";"2989";"Bicep Curl (Barbell)";"Rest Timer";"";"";"";"";"110.0";"";""
"187";"2026-09-06 10:46:35";"Entrenamiento por la mañana";"2989";"Bicep Curl (Barbell)";"2";"22.6796";"12";"";"";"";"";""
"187";"2026-09-06 10:46:35";"Entrenamiento por la mañana";"2989";"Bicep Curl (Barbell)";"Rest Timer";"";"";"";"";"110.0";"";""
"187";"2026-09-06 10:46:35";"Entrenamiento por la mañana";"2989";"Bicep Curl (Barbell)";"3";"22.6796";"12";"";"";"";"";""
"187";"2026-09-06 10:46:35";"Entrenamiento por la mañana";"2989";"Bicep Curl (Barbell)";"Rest Timer";"";"";"";"";"110.0";"";""
"187";"2026-09-06 10:46:35";"Entrenamiento por la mañana";"2989";"Bicep Curl (Barbell)";"4";"22.6796";"12";"";"";"";"";""
"187";"2026-09-06 10:46:35";"Entrenamiento por la mañana";"2989";"Bicep Curl (Barbell)";"Rest Timer";"";"";"";"";"110.0";"";""
"187";"2026-09-06 10:46:35";"Entrenamiento por la mañana";"2989";"Lat Pulldown (Cable)";"1";"49.89512";"10";"";"";"";"";""
"187";"2026-09-06 10:46:35";"Entrenamiento por la mañana";"2989";"Lat Pulldown (Cable)";"Rest Timer";"";"";"";"";"110.0";"";""
"187";"2026-09-06 10:46:35";"Entrenamiento por la mañana";"2989";"Lat Pulldown (Cable)";"2";"49.89512";"10";"";"";"";"";""
"187";"2026-09-06 10:46:35";"Entrenamiento por la mañana";"2989";"Lat Pulldown (Cable)";"Rest Timer";"";"";"";"";"110.0";"";""
"187";"2026-09-06 10:46:35";"Entrenamiento por la mañana";"2989";"Lat Pulldown (Cable)";"3";"49.89512";"10";"";"";"";"";""
"187";"2026-09-06 10:46:35";"Entrenamiento por la mañana";"2989";"Lat Pulldown (Cable)";"Rest Timer";"";"";"";"";"110.0";"";""
"187";"2026-09-06 10:46:35";"Entrenamiento por la mañana";"2989";"Lat Pulldown (Cable)";"4";"49.89512";"10";"";"";"";"";""
"187";"2026-09-06 10:46:35";"Entrenamiento por la mañana";"2989";"Lat Pulldown (Cable)";"Rest Timer";"";"";"";"";"110.0";"";""
"187";"2026-09-06 10:46:35";"Entrenamiento por la mañana";"2989";"Triceps Extension (Cable)";"1";"17.463292";"12";"";"";"";"";""
"187";"2026-09-06 10:46:35";"Entrenamiento por la mañana";"2989";"Triceps Extension (Cable)";"Rest Timer";"";"";"";"";"110.0";"";""
"187";"2026-09-06 10:46:35";"Entrenamiento por la mañana";"2989";"Triceps Extension (Cable)";"2";"17.463292";"12";"";"";"";"";""
"187";"2026-09-06 10:46:35";"Entrenamiento por la mañana";"2989";"Triceps Extension (Cable)";"Rest Timer";"";"";"";"";"110.0";"";""
"187";"2026-09-06 10:46:35";"Entrenamiento por la mañana";"2989";"Triceps Extension (Cable)";"3";"17.463292";"9";"";"";"";"";""
"187";"2026-09-06 10:46:35";"Entrenamiento por la mañana";"2989";"Triceps Extension (Cable)";"Rest Timer";"";"";"";"";"110.0";"";""
"187";"2026-09-06 10:46:35";"Entrenamiento por la mañana";"2989";"Triceps Extension (Cable)";"4";"17.463292";"8";"";"";"";"";""
"187";"2026-09-06 10:46:35";"Entrenamiento por la mañana";"2989";"Triceps Extension (Cable)";"Rest Timer";"";"";"";"";"110.0";"";""
"187";"2026-09-06 10:46:35";"Entrenamiento por la mañana";"2989";"Hip Thrust (Barbell)";"1";"61.23492";"8";"";"";"";"";""
"187";"2026-09-06 10:46:35";"Entrenamiento por la mañana";"2989";"Hip Thrust (Barbell)";"Rest Timer";"";"";"";"";"120.0";"";""
"187";"2026-09-06 10:46:35";"Entrenamiento por la mañana";"2989";"Hip Thrust (Barbell)";"2";"61.23492";"10";"";"";"";"";""
"187";"2026-09-06 10:46:35";"Entrenamiento por la mañana";"2989";"Hip Thrust (Barbell)";"Rest Timer";"";"";"";"";"120.0";"";""
"187";"2026-09-06 10:46:35";"Entrenamiento por la mañana";"2989";"Hip Thrust (Barbell)";"3";"61.23492";"12";"";"";"";"";""
"187";"2026-09-06 10:46:35";"Entrenamiento por la mañana";"2989";"Hip Thrust (Barbell)";"Rest Timer";"";"";"";"";"120.0";"";""
"188";"2026-09-08 18:50:50";"Entrenamiento por la tarde noche";"1923";"Squat (Barbell)";"F";"43.09124";"15";"";"";"";"";""
"188";"2026-09-08 18:50:50";"Entrenamiento por la tarde noche";"1923";"Squat (Barbell)";"Rest Timer";"";"";"";"";"110.0";"";""
"188";"2026-09-08 18:50:50";"Entrenamiento por la tarde noche";"1923";"Squat (Barbell)";"F";"52.16308";"12";"";"";"";"";""
"188";"2026-09-08 18:50:50";"Entrenamiento por la tarde noche";"1923";"Squat (Barbell)";"Rest Timer";"";"";"";"";"110.0";"";""
"188";"2026-09-08 18:50:50";"Entrenamiento por la tarde noche";"1923";"Squat (Barbell)";"F";"52.16308";"12";"";"";"";"";""
"188";"2026-09-08 18:50:50";"Entrenamiento por la tarde noche";"1923";"Squat (Barbell)";"Rest Timer";"";"";"";"";"110.0";"";""
"188";"2026-09-08 18:50:50";"Entrenamiento por la tarde noche";"1923";"Squat (Barbell)";"4";"56.699";"10";"";"";"";"";""
"188";"2026-09-08 18:50:50";"Entrenamiento por la tarde noche";"1923";"Squat (Barbell)";"Rest Timer";"";"";"";"";"110.0";"";""
"188";"2026-09-08 18:50:50";"Entrenamiento por la tarde noche";"1923";"Lying Leg Curl (Machine)";"F";"49.89512";"12";"";"";"";"";""
"188";"2026-09-08 18:50:50";"Entrenamiento por la tarde noche";"1923";"Lying Leg Curl (Machine)";"Rest Timer";"";"";"";"";"120.0";"";""
"188";"2026-09-08 18:50:50";"Entrenamiento por la tarde noche";"1923";"Lying Leg Curl (Machine)";"F";"49.89512";"12";"";"";"";"";""
"188";"2026-09-08 18:50:50";"Entrenamiento por la tarde noche";"1923";"Lying Leg Curl (Machine)";"Rest Timer";"";"";"";"";"120.0";"";""
"188";"2026-09-08 18:50:50";"Entrenamiento por la tarde noche";"1923";"Lying Leg Curl (Machine)";"3";"49.89512";"10";"";"";"";"";""
"188";"2026-09-08 18:50:50";"Entrenamiento por la tarde noche";"1923";"Lying Leg Curl (Machine)";"Rest Timer";"";"";"";"";"120.0";"";""
"188";"2026-09-08 18:50:50";"Entrenamiento por la tarde noche";"1923";"Leg Extension (Machine)";"1";"49.89512";"12";"";"";"";"";""
"188";"2026-09-08 18:50:50";"Entrenamiento por la tarde noche";"1923";"Leg Extension (Machine)";"Rest Timer";"";"";"";"";"120.0";"";""
"188";"2026-09-08 18:50:50";"Entrenamiento por la tarde noche";"1923";"Leg Extension (Machine)";"2";"54.884631999999996";"10";"";"";"";"";""
"188";"2026-09-08 18:50:50";"Entrenamiento por la tarde noche";"1923";"Leg Extension (Machine)";"Rest Timer";"";"";"";"";"120.0";"";""
"188";"2026-09-08 18:50:50";"Entrenamiento por la tarde noche";"1923";"Leg Extension (Machine)";"F";"54.884631999999996";"10";"";"";"";"";""
"188";"2026-09-08 18:50:50";"Entrenamiento por la tarde noche";"1923";"Leg Extension (Machine)";"Rest Timer";"";"";"";"";"120.0";"";""
"189";"2026-09-10 19:54:18";"Entrenamiento por la tarde noche";"3462";"Bulgarian Split Squat";"1";"9.07184";"10";"";"";"";"";""
"189";"2026-09-10 19:54:18";"Entrenamiento por la tarde noche";"3462";"Bulgarian Split Squat";"Rest Timer";"";"";"";"";"110.0";"";""
"189";"2026-09-10 19:54:18";"Entrenamiento por la tarde noche";"3462";"Bulgarian Split Squat";"2";"9.07184";"10";"";"";"";"";""
"189";"2026-09-10 19:54:18";"Entrenamiento por la tarde noche";"3462";"Bulgarian Split Squat";"Rest Timer";"";"";"";"";"110.0";"";""
"189";"2026-09-10 19:54:18";"Entrenamiento por la tarde noche";"3462";"Bulgarian Split Squat";"3";"9.07184";"8";"";"";"";"";""
"189";"2026-09-10 19:54:18";"Entrenamiento por la tarde noche";"3462";"Bulgarian Split Squat";"Rest Timer";"";"";"";"";"110.0";"";""
"189";"2026-09-10 19:54:18";"Entrenamiento por la tarde noche";"3462";"Bulgarian Split Squat";"4";"9.07184";"8";"";"";"";"";""
"189";"2026-09-10 19:54:18";"Entrenamiento por la tarde noche";"3462";"Bulgarian Split Squat";"Rest Timer";"";"";"";"";"110.0";"";""
"189";"2026-09-10 19:54:18";"Entrenamiento por la tarde noche";"3462";"Hip Thrust (Barbell)";"1";"83.91452";"8";"";"";"";"";""
"189";"2026-09-10 19:54:18";"Entrenamiento por la tarde noche";"3462";"Hip Thrust (Barbell)";"Rest Timer";"";"";"";"";"120.0";"";""
"189";"2026-09-10 19:54:18";"Entrenamiento por la tarde noche";"3462";"Hip Thrust (Barbell)";"2";"83.91452";"8";"";"";"";"";""
"189";"2026-09-10 19:54:18";"Entrenamiento por la tarde noche";"3462";"Hip Thrust (Barbell)";"Rest Timer";"";"";"";"";"120.0";"";""
"189";"2026-09-10 19:54:18";"Entrenamiento por la tarde noche";"3462";"Hip Thrust (Barbell)";"3";"83.91452";"8";"";"";"";"";""
"189";"2026-09-10 19:54:18";"Entrenamiento por la tarde noche";"3462";"Hip Thrust (Barbell)";"Rest Timer";"";"";"";"";"120.0";"";""
"189";"2026-09-10 19:54:18";"Entrenamiento por la tarde noche";"3462";"Hip Thrust (Barbell)";"4";"83.91452";"6";"";"";"";"";""
"189";"2026-09-10 19:54:18";"Entrenamiento por la tarde noche";"3462";"Hip Thrust (Barbell)";"Rest Timer";"";"";"";"";"120.0";"";""
"189";"2026-09-10 19:54:18";"Entrenamiento por la tarde noche";"3462";"Back Extension";"1";"11.3398";"10";"";"";"";"";""
"189";"2026-09-10 19:54:18";"Entrenamiento por la tarde noche";"3462";"Back Extension";"Rest Timer";"";"";"";"";"120.0";"";""
"189";"2026-09-10 19:54:18";"Entrenamiento por la tarde noche";"3462";"Back Extension";"2";"11.3398";"10";"";"";"";"";""
"189";"2026-09-10 19:54:18";"Entrenamiento por la tarde noche";"3462";"Back Extension";"Rest Timer";"";"";"";"";"120.0";"";""
"189";"2026-09-10 19:54:18";"Entrenamiento por la tarde noche";"3462";"Back Extension";"3";"11.3398";"10";"";"";"";"";""
"189";"2026-09-10 19:54:18";"Entrenamiento por la tarde noche";"3462";"Back Extension";"Rest Timer";"";"";"";"";"120.0";"";""
"189";"2026-09-10 19:54:18";"Entrenamiento por la tarde noche";"3462";"Back Extension";"4";"11.3398";"10";"";"";"";"";""
"189";"2026-09-10 19:54:18";"Entrenamiento por la tarde noche";"3462";"Back Extension";"Rest Timer";"";"";"";"";"120.0";"";""
"189";"2026-09-10 19:54:18";"Entrenamiento por la tarde noche";"3462";"Straight Pulldown ";"1";"24.94756";"12";"";"";"";"";""
"189";"2026-09-10 19:54:18";"Entrenamiento por la tarde noche";"3462";"Straight Pulldown ";"Rest Timer";"";"";"";"";"110.0";"";""
"189";"2026-09-10 19:54:18";"Entrenamiento por la tarde noche";"3462";"Straight Pulldown ";"2";"27.442315999999998";"10";"";"";"";"";""
"189";"2026-09-10 19:54:18";"Entrenamiento por la tarde noche";"3462";"Straight Pulldown ";"Rest Timer";"";"";"";"";"110.0";"";""
"189";"2026-09-10 19:54:18";"Entrenamiento por la tarde noche";"3462";"Straight Pulldown ";"3";"24.94756";"12";"";"";"";"";""
"189";"2026-09-10 19:54:18";"Entrenamiento por la tarde noche";"3462";"Straight Pulldown ";"Rest Timer";"";"";"";"";"110.0";"";""
"189";"2026-09-10 19:54:18";"Entrenamiento por la tarde noche";"3462";"Straight Pulldown ";"4";"24.94756";"10";"";"";"";"";""
"189";"2026-09-10 19:54:18";"Entrenamiento por la tarde noche";"3462";"Straight Pulldown ";"Rest Timer";"";"";"";"";"110.0";"";""
"190";"2026-09-12 12:30:29";"Entrenamiento de mediodía";"2166";"Overhead Press (Dumbbell)";"F";"20.41164";"12";"";"";"";"";""
"190";"2026-09-12 12:30:29";"Entrenamiento de mediodía";"2166";"Overhead Press (Dumbbell)";"Rest Timer";"";"";"";"";"110.0";"";""
"190";"2026-09-12 12:30:29";"Entrenamiento de mediodía";"2166";"Overhead Press (Dumbbell)";"F";"20.41164";"10";"";"";"";"";""
"190";"2026-09-12 12:30:29";"Entrenamiento de mediodía";"2166";"Overhead Press (Dumbbell)";"Rest Timer";"";"";"";"";"110.0";"";""
"190";"2026-09-12 12:30:29";"Entrenamiento de mediodía";"2166";"Overhead Press (Dumbbell)";"F";"20.41164";"8";"";"";"";"";""
"190";"2026-09-12 12:30:29";"Entrenamiento de mediodía";"2166";"Overhead Press (Dumbbell)";"Rest Timer";"";"";"";"";"110.0";"";""
"190";"2026-09-12 12:30:29";"Entrenamiento de mediodía";"2166";"Overhead Press (Dumbbell)";"4";"15.87572";"10";"";"";"";"";""
"190";"2026-09-12 12:30:29";"Entrenamiento de mediodía";"2166";"Overhead Press (Dumbbell)";"Rest Timer";"";"";"";"";"110.0";"";""
"190";"2026-09-12 12:30:29";"Entrenamiento de mediodía";"2166";"Lateral Raise (Dumbbell)";"F";"6.8038799999999995";"12";"";"";"";"";""
"190";"2026-09-12 12:30:29";"Entrenamiento de mediodía";"2166";"Lateral Raise (Dumbbell)";"Rest Timer";"";"";"";"";"110.0";"";""
"190";"2026-09-12 12:30:29";"Entrenamiento de mediodía";"2166";"Lateral Raise (Dumbbell)";"F";"6.8038799999999995";"12";"";"";"";"";""
"190";"2026-09-12 12:30:29";"Entrenamiento de mediodía";"2166";"Lateral Raise (Dumbbell)";"Rest Timer";"";"";"";"";"110.0";"";""
"190";"2026-09-12 12:30:29";"Entrenamiento de mediodía";"2166";"Lateral Raise (Dumbbell)";"3";"6.8038799999999995";"12";"";"";"";"";""
"190";"2026-09-12 12:30:29";"Entrenamiento de mediodía";"2166";"Lateral Raise (Dumbbell)";"Rest Timer";"";"";"";"";"110.0";"";""
"190";"2026-09-12 12:30:29";"Entrenamiento de mediodía";"2166";"Lateral Raise (Dumbbell)";"4";"6.8038799999999995";"12";"";"";"";"";""
"190";"2026-09-12 12:30:29";"Entrenamiento de mediodía";"2166";"Lateral Raise (Dumbbell)";"Rest Timer";"";"";"";"";"110.0";"";""
"190";"2026-09-12 12:30:29";"Entrenamiento de mediodía";"2166";"Reverse Fly (Dumbbell)";"F";"6.8038799999999995";"12";"";"";"";"";""
"190";"2026-09-12 12:30:29";"Entrenamiento de mediodía";"2166";"Reverse Fly (Dumbbell)";"Rest Timer";"";"";"";"";"110.0";"";""
"190";"2026-09-12 12:30:29";"Entrenamiento de mediodía";"2166";"Reverse Fly (Dumbbell)";"F";"6.8038799999999995";"12";"";"";"";"";""
"190";"2026-09-12 12:30:29";"Entrenamiento de mediodía";"2166";"Reverse Fly (Dumbbell)";"Rest Timer";"";"";"";"";"110.0";"";""
"190";"2026-09-12 12:30:29";"Entrenamiento de mediodía";"2166";"Reverse Fly (Dumbbell)";"3";"6.8038799999999995";"12";"";"";"";"";""
"190";"2026-09-12 12:30:29";"Entrenamiento de mediodía";"2166";"Reverse Fly (Dumbbell)";"Rest Timer";"";"";"";"";"110.0";"";""
"190";"2026-09-12 12:30:29";"Entrenamiento de mediodía";"2166";"Reverse Fly (Dumbbell)";"4";"6.8038799999999995";"12";"";"";"";"";""
"190";"2026-09-12 12:30:29";"Entrenamiento de mediodía";"2166";"Reverse Fly (Dumbbell)";"Rest Timer";"";"";"";"";"110.0";"";""
"190";"2026-09-12 12:30:29";"Entrenamiento de mediodía";"2166";"Lying Leg Curl (Machine)";"F";"49.89512";"10";"";"";"";"";""
"190";"2026-09-12 12:30:29";"Entrenamiento de mediodía";"2166";"Lying Leg Curl (Machine)";"Rest Timer";"";"";"";"";"120.0";"";""
"190";"2026-09-12 12:30:29";"Entrenamiento de mediodía";"2166";"Lying Leg Curl (Machine)";"F";"49.89512";"10";"";"";"";"";""
"190";"2026-09-12 12:30:29";"Entrenamiento de mediodía";"2166";"Lying Leg Curl (Machine)";"Rest Timer";"";"";"";"";"120.0";"";""
"190";"2026-09-12 12:30:29";"Entrenamiento de mediodía";"2166";"Lying Leg Curl (Machine)";"3";"49.89512";"10";"";"";"";"";""
"190";"2026-09-12 12:30:29";"Entrenamiento de mediodía";"2166";"Lying Leg Curl (Machine)";"Rest Timer";"";"";"";"";"120.0";"";""
"190";"2026-09-12 12:30:29";"Entrenamiento de mediodía";"2166";"Leg Extension (Machine)";"1";"54.884631999999996";"12";"";"";"";"";""
"190";"2026-09-12 12:30:29";"Entrenamiento de mediodía";"2166";"Leg Extension (Machine)";"Rest Timer";"";"";"";"";"120.0";"";""
"190";"2026-09-12 12:30:29";"Entrenamiento de mediodía";"2166";"Leg Extension (Machine)";"2";"54.884631999999996";"12";"";"";"";"";""
"190";"2026-09-12 12:30:29";"Entrenamiento de mediodía";"2166";"Leg Extension (Machine)";"Rest Timer";"";"";"";"";"120.0";"";""
"190";"2026-09-12 12:30:29";"Entrenamiento de mediodía";"2166";"Leg Extension (Machine)";"F";"54.884631999999996";"12";"";"";"";"";""
"190";"2026-09-12 12:30:29";"Entrenamiento de mediodía";"2166";"Leg Extension (Machine)";"Rest Timer";"";"";"";"";"120.0";"";""
"191";"2026-09-19 14:13:13";"Entrenamiento por la tarde";"2667";"Incline Bench Press (Barbell)";"1";"52.16308";"12";"";"";"";"";""
"191";"2026-09-19 14:13:13";"Entrenamiento por la tarde";"2667";"Incline Bench Press (Barbell)";"Rest Timer";"";"";"";"";"110.0";"";""
"191";"2026-09-19 14:13:13";"Entrenamiento por la tarde";"2667";"Incline Bench Press (Barbell)";"2";"52.16308";"12";"";"";"";"";""
"191";"2026-09-19 14:13:13";"Entrenamiento por la tarde";"2667";"Incline Bench Press (Barbell)";"Rest Timer";"";"";"";"";"110.0";"";""
"191";"2026-09-19 14:13:13";"Entrenamiento por la tarde";"2667";"Incline Bench Press (Barbell)";"3";"52.16308";"12";"";"";"";"";""
"191";"2026-09-19 14:13:13";"Entrenamiento por la tarde";"2667";"Incline Bench Press (Barbell)";"Rest Timer";"";"";"";"";"110.0";"";""
"191";"2026-09-19 14:13:13";"Entrenamiento por la tarde";"2667";"Incline Bench Press (Barbell)";"4";"52.16308";"10";"";"";"";"";""
"191";"2026-09-19 14:13:13";"Entrenamiento por la tarde";"2667";"Incline Bench Press (Barbell)";"Rest Timer";"";"";"";"";"110.0";"";""
"191";"2026-09-19 14:13:13";"Entrenamiento por la tarde";"2667";"Bicep Curl (Dumbbell)";"1";"13.607759999999999";"10";"";"";"";"";""
"191";"2026-09-19 14:13:13";"Entrenamiento por la tarde";"2667";"Bicep Curl (Dumbbell)";"Rest Timer";"";"";"";"";"110.0";"";""
"191";"2026-09-19 14:13:13";"Entrenamiento por la tarde";"2667";"Bicep Curl (Dumbbell)";"2";"13.607759999999999";"10";"";"";"";"";""
"191";"2026-09-19 14:13:13";"Entrenamiento por la tarde";"2667";"Bicep Curl (Dumbbell)";"Rest Timer";"";"";"";"";"110.0";"";""
"191";"2026-09-19 14:13:13";"Entrenamiento por la tarde";"2667";"Bicep Curl (Dumbbell)";"3";"13.607759999999999";"8";"";"";"";"";""
"191";"2026-09-19 14:13:13";"Entrenamiento por la tarde";"2667";"Bicep Curl (Dumbbell)";"Rest Timer";"";"";"";"";"110.0";"";""
"191";"2026-09-19 14:13:13";"Entrenamiento por la tarde";"2667";"Bicep Curl (Dumbbell)";"4";"13.607759999999999";"8";"";"";"";"";""
"191";"2026-09-19 14:13:13";"Entrenamiento por la tarde";"2667";"Bicep Curl (Dumbbell)";"Rest Timer";"";"";"";"";"110.0";"";""
"191";"2026-09-19 14:13:13";"Entrenamiento por la tarde";"2667";"Reverse Fly (Cable)";"1";"7.484268";"10";"";"";"";"";""
"191";"2026-09-19 14:13:13";"Entrenamiento por la tarde";"2667";"Reverse Fly (Cable)";"Rest Timer";"";"";"";"";"110.0";"";""
"191";"2026-09-19 14:13:13";"Entrenamiento por la tarde";"2667";"Reverse Fly (Cable)";"2";"7.484268";"10";"";"";"";"";""
"191";"2026-09-19 14:13:13";"Entrenamiento por la tarde";"2667";"Reverse Fly (Cable)";"Rest Timer";"";"";"";"";"110.0";"";""
"191";"2026-09-19 14:13:13";"Entrenamiento por la tarde";"2667";"Reverse Fly (Cable)";"3";"7.484268";"10";"";"";"";"";""
"191";"2026-09-19 14:13:13";"Entrenamiento por la tarde";"2667";"Reverse Fly (Cable)";"Rest Timer";"";"";"";"";"110.0";"";""
"191";"2026-09-19 14:13:13";"Entrenamiento por la tarde";"2667";"Reverse Fly (Cable)";"4";"4.9895119999999995";"10";"";"";"";"";""
"191";"2026-09-19 14:13:13";"Entrenamiento por la tarde";"2667";"Reverse Fly (Cable)";"Rest Timer";"";"";"";"";"110.0";"";""
"191";"2026-09-19 14:13:13";"Entrenamiento por la tarde";"2667";"Cable Twist";"1";"12.246984";"10";"";"";"";"";""
"191";"2026-09-19 14:13:13";"Entrenamiento por la tarde";"2667";"Cable Twist";"Rest Timer";"";"";"";"";"120.0";"";""
"191";"2026-09-19 14:13:13";"Entrenamiento por la tarde";"2667";"Cable Twist";"2";"12.246984";"10";"";"";"";"";""
"191";"2026-09-19 14:13:13";"Entrenamiento por la tarde";"2667";"Cable Twist";"Rest Timer";"";"";"";"";"120.0";"";""
"191";"2026-09-19 14:13:13";"Entrenamiento por la tarde";"2667";"Cable Twist";"3";"9.979023999999999";"10";"";"";"";"";""
"191";"2026-09-19 14:13:13";"Entrenamiento por la tarde";"2667";"Cable Twist";"Rest Timer";"";"";"";"";"120.0";"";""
"191";"2026-09-19 14:13:13";"Entrenamiento por la tarde";"2667";"Cable Twist";"4";"9.979023999999999";"10";"";"";"";"";""
"191";"2026-09-19 14:13:13";"Entrenamiento por la tarde";"2667";"Cable Twist";"Rest Timer";"";"";"";"";"120.0";"";""
"192";"2026-09-20 11:56:00";"Entrenamiento por la mañana";"2901";"Triceps Extension";"1";"22.452804";"12";"";"";"";"";""
"192";"2026-09-20 11:56:00";"Entrenamiento por la mañana";"2901";"Triceps Extension";"Rest Timer";"";"";"";"";"110.0";"";""
"192";"2026-09-20 11:56:00";"Entrenamiento por la mañana";"2901";"Triceps Extension";"2";"22.452804";"12";"";"";"";"";""
"192";"2026-09-20 11:56:00";"Entrenamiento por la mañana";"2901";"Triceps Extension";"Rest Timer";"";"";"";"";"110.0";"";""
"192";"2026-09-20 11:56:00";"Entrenamiento por la mañana";"2901";"Triceps Extension";"3";"22.452804";"10";"";"";"";"";""
"192";"2026-09-20 11:56:00";"Entrenamiento por la mañana";"2901";"Triceps Extension";"Rest Timer";"";"";"";"";"110.0";"";""
"192";"2026-09-20 11:56:00";"Entrenamiento por la mañana";"2901";"Triceps Extension";"4";"19.958047999999998";"10";"";"";"";"";""
"192";"2026-09-20 11:56:00";"Entrenamiento por la mañana";"2901";"Triceps Extension";"Rest Timer";"";"";"";"";"110.0";"";""
"192";"2026-09-20 11:56:00";"Entrenamiento por la mañana";"2901";"Seated Wide-Grip Row (Cable)";"1";"54.884631999999996";"12";"";"";"";"";""
"192";"2026-09-20 11:56:00";"Entrenamiento por la mañana";"2901";"Seated Wide-Grip Row (Cable)";"Rest Timer";"";"";"";"";"110.0";"";""
"192";"2026-09-20 11:56:00";"Entrenamiento por la mañana";"2901";"Seated Wide-Grip Row (Cable)";"2";"54.884631999999996";"10";"";"";"";"";""
"192";"2026-09-20 11:56:00";"Entrenamiento por la mañana";"2901";"Seated Wide-Grip Row (Cable)";"Rest Timer";"";"";"";"";"110.0";"";""
"192";"2026-09-20 11:56:00";"Entrenamiento por la mañana";"2901";"Seated Wide-Grip Row (Cable)";"3";"49.89512";"14";"";"";"";"";""
"192";"2026-09-20 11:56:00";"Entrenamiento por la mañana";"2901";"Seated Wide-Grip Row (Cable)";"Rest Timer";"";"";"";"";"110.0";"";""
"192";"2026-09-20 11:56:00";"Entrenamiento por la mañana";"2901";"Seated Wide-Grip Row (Cable)";"4";"49.89512";"10";"";"";"";"";""
"192";"2026-09-20 11:56:00";"Entrenamiento por la mañana";"2901";"Seated Wide-Grip Row (Cable)";"Rest Timer";"";"";"";"";"110.0";"";""
"192";"2026-09-20 11:56:00";"Entrenamiento por la mañana";"2901";"Leg Press";"1";"111.13004";"8";"";"";"";"";""
"192";"2026-09-20 11:56:00";"Entrenamiento por la mañana";"2901";"Leg Press";"Rest Timer";"";"";"";"";"110.0";"";""
"192";"2026-09-20 11:56:00";"Entrenamiento por la mañana";"2901";"Leg Press";"2";"111.13004";"10";"";"";"";"";""
"192";"2026-09-20 11:56:00";"Entrenamiento por la mañana";"2901";"Leg Press";"Rest Timer";"";"";"";"";"110.0";"";""
"192";"2026-09-20 11:56:00";"Entrenamiento por la mañana";"2901";"Leg Press";"3";"111.13004";"10";"";"";"";"";""
"192";"2026-09-20 11:56:00";"Entrenamiento por la mañana";"2901";"Leg Press";"Rest Timer";"";"";"";"";"110.0";"";""
"192";"2026-09-20 11:56:00";"Entrenamiento por la mañana";"2901";"Leg Press";"4";"90.7184";"12";"";"";"";"";""
"192";"2026-09-20 11:56:00";"Entrenamiento por la mañana";"2901";"Leg Press";"Rest Timer";"";"";"";"";"110.0";"";""
"192";"2026-09-20 11:56:00";"Entrenamiento por la mañana";"2901";"Plank";"1";"";"";"";"";"75.0";"";""
"192";"2026-09-20 11:56:00";"Entrenamiento por la mañana";"2901";"Plank";"Rest Timer";"";"";"";"";"120.0";"";""
"192";"2026-09-20 11:56:00";"Entrenamiento por la mañana";"2901";"Plank";"2";"";"";"";"";"60.0";"";""
"192";"2026-09-20 11:56:00";"Entrenamiento por la mañana";"2901";"Plank";"Rest Timer";"";"";"";"";"120.0";"";""
"192";"2026-09-20 11:56:00";"Entrenamiento por la mañana";"2901";"Knee Raise (Captain's Chair)";"1";"0.0";"10";"";"";"";"";""
"192";"2026-09-20 11:56:00";"Entrenamiento por la mañana";"2901";"Knee Raise (Captain's Chair)";"Rest Timer";"";"";"";"";"110.0";"";""
"192";"2026-09-20 11:56:00";"Entrenamiento por la mañana";"2901";"Knee Raise (Captain's Chair)";"2";"0.0";"10";"";"";"";"";""
"192";"2026-09-20 11:56:00";"Entrenamiento por la mañana";"2901";"Knee Raise (Captain's Chair)";"Rest Timer";"";"";"";"";"110.0";"";""
"193";"2026-09-22 18:10:38";"Entrenamiento por la tarde noche";"3013";"Incline Bench Press (Barbell)";"1";"61.23492";"10";"";"";"";"";""
"193";"2026-09-22 18:10:38";"Entrenamiento por la tarde noche";"3013";"Incline Bench Press (Barbell)";"Rest Timer";"";"";"";"";"110.0";"";""
"193";"2026-09-22 18:10:38";"Entrenamiento por la tarde noche";"3013";"Incline Bench Press (Barbell)";"2";"61.23492";"10";"";"";"";"";""
"193";"2026-09-22 18:10:38";"Entrenamiento por la tarde noche";"3013";"Incline Bench Press (Barbell)";"Rest Timer";"";"";"";"";"110.0";"";""
"193";"2026-09-22 18:10:38";"Entrenamiento por la tarde noche";"3013";"Incline Bench Press (Barbell)";"3";"61.23492";"10";"";"";"";"";""
"193";"2026-09-22 18:10:38";"Entrenamiento por la tarde noche";"3013";"Incline Bench Press (Barbell)";"Rest Timer";"";"";"";"";"110.0";"";""
"193";"2026-09-22 18:10:38";"Entrenamiento por la tarde noche";"3013";"Incline Bench Press (Barbell)";"4";"61.23492";"10";"";"";"";"";""
"193";"2026-09-22 18:10:38";"Entrenamiento por la tarde noche";"3013";"Incline Bench Press (Barbell)";"Rest Timer";"";"";"";"";"110.0";"";""
"193";"2026-09-22 18:10:38";"Entrenamiento por la tarde noche";"3013";"Bicep Curl (Dumbbell)";"1";"13.607759999999999";"10";"";"";"";"";""
"193";"2026-09-22 18:10:38";"Entrenamiento por la tarde noche";"3013";"Bicep Curl (Dumbbell)";"Rest Timer";"";"";"";"";"110.0";"";""
"193";"2026-09-22 18:10:38";"Entrenamiento por la tarde noche";"3013";"Bicep Curl (Dumbbell)";"2";"13.607759999999999";"8";"";"";"";"";""
"193";"2026-09-22 18:10:38";"Entrenamiento por la tarde noche";"3013";"Bicep Curl (Dumbbell)";"Rest Timer";"";"";"";"";"110.0";"";""
"193";"2026-09-22 18:10:38";"Entrenamiento por la tarde noche";"3013";"Bicep Curl (Dumbbell)";"3";"13.607759999999999";"8";"";"";"";"";""
"193";"2026-09-22 18:10:38";"Entrenamiento por la tarde noche";"3013";"Bicep Curl (Dumbbell)";"Rest Timer";"";"";"";"";"110.0";"";""
"193";"2026-09-22 18:10:38";"Entrenamiento por la tarde noche";"3013";"Bicep Curl (Dumbbell)";"4";"13.607759999999999";"8";"";"";"";"";""
"193";"2026-09-22 18:10:38";"Entrenamiento por la tarde noche";"3013";"Bicep Curl (Dumbbell)";"Rest Timer";"";"";"";"";"110.0";"";""
"193";"2026-09-22 18:10:38";"Entrenamiento por la tarde noche";"3013";"Squat (Barbell)";"1";"43.09124";"20";"";"";"";"";""
"193";"2026-09-22 18:10:38";"Entrenamiento por la tarde noche";"3013";"Squat (Barbell)";"Rest Timer";"";"";"";"";"110.0";"";""
"193";"2026-09-22 18:10:38";"Entrenamiento por la tarde noche";"3013";"Squat (Barbell)";"F";"52.16308";"15";"";"";"";"";""
"193";"2026-09-22 18:10:38";"Entrenamiento por la tarde noche";"3013";"Squat (Barbell)";"Rest Timer";"";"";"";"";"110.0";"";""
"193";"2026-09-22 18:10:38";"Entrenamiento por la tarde noche";"3013";"Squat (Barbell)";"F";"61.23492";"10";"";"";"";"";""
"193";"2026-09-22 18:10:38";"Entrenamiento por la tarde noche";"3013";"Squat (Barbell)";"Rest Timer";"";"";"";"";"110.0";"";""
"193";"2026-09-22 18:10:38";"Entrenamiento por la tarde noche";"3013";"Squat (Barbell)";"4";"61.23492";"8";"";"";"";"";""
"193";"2026-09-22 18:10:38";"Entrenamiento por la tarde noche";"3013";"Squat (Barbell)";"Rest Timer";"";"";"";"";"110.0";"";""
